date,total_value,pnl,pnl_pct,position_count,cumulative_costs
2022-01-01T00:00:00.000000,1000000.0,0.0,0.0,0,0.0
2022-01-02T00:00:00.000000,1000000.0,0.0,0.0,0,0.0
2022-01-03T00:00:00.000000,1000000.0,0.0,0.0,0,0.0
2022-01-04T00:00:00.000000,1000000.0,0.0,0.0,0,0.0
2022-01-05T00:00:00.000000,1000000.0,0.0,0.0,0,0.0
2022-01-06T00:00:00.000000,1000000.0,0.0,0.0,0,0.0
2022-01-07T00:00:00.000000,1000000.0,0.0,0.0,0,0.0
2022-01-08T00:00:00.000000,1000000.0,0.0,0.0,0,0.0
2022-01-09T00:00:00.000000,1000000.0,0.0,0.0,0,0.0
2022-01-10T00:00:00.000000,1000000.0,0.0,0.0,0,0.0
2022-01-11T00:00:00.000000,1000000.0,0.0,0.0,0,0.0
2022-01-12T00:00:00.000000,1000000.0,0.0,0.0,0,0.0
2022-01-13T00:00:00.000000,1000000.0,0.0,0.0,0,0.0
2022-01-14T00:00:00.000000,1000000.0,0.0,0.0,0,0.0
2022-01-15T00:00:00.000000,1000000.0,0.0,0.0,0,0.0
2022-01-16T00:00:00.000000,1000000.0,0.0,0.0,0,0.0
2022-01-17T00:00:00.000000,1000000.0,0.0,0.0,0,0.0
2022-01-18T00:00:00.000000,1000000.0,0.0,0.0,0,0.0
2022-01-19T00:00:00.000000,999700.0,-300.0,-0.03,1,300.0
2022-01-20T00:00:00.000000,995261.5077347665,-4738.492265233537,-0.4738492265233537,0,598.7580797443532
2022-01-21T00:00:00.000000,995261.5077347665,-4738.492265233537,-0.4738492265233537,0,598.7580797443532
2022-01-22T00:00:00.000000,995261.5077347665,-4738.492265233537,-0.4738492265233537,0,598.7580797443532
2022-01-23T00:00:00.000000,995261.5077347665,-4738.492265233537,-0.4738492265233537,0,598.7580797443532
2022-01-24T00:00:00.000000,994961.5077347665,-5038.492265233537,-0.5038492265233537,1,898.7580797443532
2022-01-25T00:00:00.000000,1067801.4241212066,67801.42412120663,6.780142412120663,0,1220.7066392281304
2022-01-26T00:00:00.000000,1067801.4241212066,67801.42412120663,6.780142412120663,0,1220.7066392281304
2022-01-27T00:00:00.000000,1067801.4241212066,67801.42412120663,6.780142412120663,0,1220.7066392281304
2022-01-28T00:00:00.000000,1067801.4241212066,67801.42412120663,6.780142412120663,0,1220.7066392281304
2022-01-29T00:00:00.000000,1067801.4241212066,67801.42412120663,6.780142412120663,0,1220.7066392281304
2022-01-30T00:00:00.000000,1067801.4241212066,67801.42412120663,6.780142412120663,0,1220.7066392281304
2022-01-31T00:00:00.000000,1067801.4241212066,67801.42412120663,6.780142412120663,0,1220.7066392281304
2022-02-01T00:00:00.000000,1067801.4241212066,67801.42412120663,6.780142412120663,0,1220.7066392281304
2022-02-02T00:00:00.000000,1067801.4241212066,67801.42412120663,6.780142412120663,0,1220.7066392281304
2022-02-03T00:00:00.000000,1067801.4241212066,67801.42412120663,6.780142412120663,0,1220.7066392281304
2022-02-04T00:00:00.000000,1067801.4241212066,67801.42412120663,6.780142412120663,0,1220.7066392281304
2022-02-05T00:00:00.000000,1067801.4241212066,67801.42412120663,6.780142412120663,0,1220.7066392281304
2022-02-06T00:00:00.000000,1067801.4241212066,67801.42412120663,6.780142412120663,0,1220.7066392281304
2022-02-07T00:00:00.000000,1067801.4241212066,67801.42412120663,6.780142412120663,0,1220.7066392281304
2022-02-08T00:00:00.000000,1067801.4241212066,67801.42412120663,6.780142412120663,0,1220.7066392281304
2022-02-09T00:00:00.000000,1067801.4241212066,67801.42412120663,6.780142412120663,0,1220.7066392281304
2022-02-10T00:00:00.000000,1067801.4241212066,67801.42412120663,6.780142412120663,0,1220.7066392281304
2022-02-11T00:00:00.000000,1067801.4241212066,67801.42412120663,6.780142412120663,0,1220.7066392281304
2022-02-12T00:00:00.000000,1067801.4241212066,67801.42412120663,6.780142412120663,0,1220.7066392281304
2022-02-13T00:00:00.000000,1067501.4241212066,67501.42412120663,6.750142412120663,1,1520.7066392281304
2022-02-14T00:00:00.000000,986042.2985743794,-13957.701425620588,-1.3957701425620588,2,2096.4416220589314
2022-02-15T00:00:00.000000,1048710.804906768,48710.804906768026,4.871080490676802,0,2415.337842824878
2022-02-16T00:00:00.000000,1048410.804906768,48410.804906768026,4.841080490676802,2,2715.337842824878
2022-02-17T00:00:00.000000,1024310.636416752,24310.636416752008,2.431063641675201,1,3308.2856766280142
2022-02-18T00:00:00.000000,965550.2632005061,-34449.7367994939,-3.4449736799493897,1,3890.8323286587497
2022-02-19T00:00:00.000000,915006.5877546575,-84993.41224534251,-8.499341224534252,1,4475.844729745321
2022-02-20T00:00:00.000000,887555.0950110499,-112444.90498895012,-11.244490498895011,0,4767.696837554582
2022-02-21T00:00:00.000000,887555.0950110499,-112444.90498895012,-11.244490498895011,0,4767.696837554582
2022-02-22T00:00:00.000000,887555.0950110499,-112444.90498895012,-11.244490498895011,0,4767.696837554582
2022-02-23T00:00:00.000000,887555.0950110499,-112444.90498895012,-11.244490498895011,0,4767.696837554582
2022-02-24T00:00:00.000000,887555.0950110499,-112444.90498895012,-11.244490498895011,0,4767.696837554582
2022-02-25T00:00:00.000000,887255.0950110499,-112744.90498895012,-11.274490498895013,1,5067.696837554582
2022-02-26T00:00:00.000000,869378.740508,-130621.25949199998,-13.062125949199999,0,5362.422348857058
2022-02-27T00:00:00.000000,869078.740508,-130921.25949199998,-13.092125949199998,1,5662.422348857058
2022-02-28T00:00:00.000000,837937.7322311001,-162062.2677688999,-16.20622677688999,0,5953.167269850286
2022-03-01T00:00:00.000000,837937.7322311001,-162062.2677688999,-16.20622677688999,0,5953.167269850286
2022-03-02T00:00:00.000000,837637.7322311001,-162362.2677688999,-16.236226776889993,1,6253.167269850286
2022-03-03T00:00:00.000000,831304.0505807983,-168695.9494192017,-16.86959494192017,0,6551.356622160889
2022-03-04T00:00:00.000000,831304.0505807983,-168695.9494192017,-16.86959494192017,0,6551.356622160889
2022-03-05T00:00:00.000000,831304.0505807983,-168695.9494192017,-16.86959494192017,0,6551.356622160889
2022-03-06T00:00:00.000000,831304.0505807983,-168695.9494192017,-16.86959494192017,0,6551.356622160889
2022-03-07T00:00:00.000000,831304.0505807983,-168695.9494192017,-16.86959494192017,0,6551.356622160889
2022-03-08T00:00:00.000000,831004.0505807983,-168995.9494192017,-16.89959494192017,1,6851.356622160889
2022-03-09T00:00:00.000000,870782.8485656134,-129217.15143438661,-12.92171514343866,0,7163.383869730605
2022-03-10T00:00:00.000000,870782.8485656134,-129217.15143438661,-12.92171514343866,0,7163.383869730605
2022-03-11T00:00:00.000000,870482.8485656134,-129517.15143438661,-12.95171514343866,1,7463.383869730605
2022-03-12T00:00:00.000000,870515.8044357216,-129484.1955642784,-12.94841955642784,0,7763.483786466658
2022-03-13T00:00:00.000000,870515.8044357216,-129484.1955642784,-12.94841955642784,0,7763.483786466658
2022-03-14T00:00:00.000000,870515.8044357216,-129484.1955642784,-12.94841955642784,0,7763.483786466658
2022-03-15T00:00:00.000000,870515.8044357216,-129484.1955642784,-12.94841955642784,0,7763.483786466658
2022-03-16T00:00:00.000000,870515.8044357216,-129484.1955642784,-12.94841955642784,0,7763.483786466658
2022-03-17T00:00:00.000000,870515.8044357216,-129484.1955642784,-12.94841955642784,0,7763.483786466658
2022-03-18T00:00:00.000000,870515.8044357216,-129484.1955642784,-12.94841955642784,0,7763.483786466658
2022-03-19T00:00:00.000000,870515.8044357216,-129484.1955642784,-12.94841955642784,0,7763.483786466658
2022-03-20T00:00:00.000000,870515.8044357216,-129484.1955642784,-12.94841955642784,0,7763.483786466658
2022-03-21T00:00:00.000000,870215.8044357216,-129784.1955642784,-12.97841955642784,1,8063.483786466658
2022-03-22T00:00:00.000000,866652.8556456261,-133347.14435437392,-13.334714435437393,0,8362.504608076111
2022-03-23T00:00:00.000000,866652.8556456261,-133347.14435437392,-13.334714435437393,0,8362.504608076111
2022-03-24T00:00:00.000000,866652.8556456261,-133347.14435437392,-13.334714435437393,0,8362.504608076111
2022-03-25T00:00:00.000000,866652.8556456261,-133347.14435437392,-13.334714435437393,0,8362.504608076111
2022-03-26T00:00:00.000000,866352.8556456261,-133647.14435437392,-13.364714435437392,1,8662.504608076111
2022-03-27T00:00:00.000000,887010.9269244522,-112989.07307554781,-11.298907307554781,0,8968.793916252213
2022-03-28T00:00:00.000000,887010.9269244522,-112989.07307554781,-11.298907307554781,0,8968.793916252213
2022-03-29T00:00:00.000000,887010.9269244522,-112989.07307554781,-11.298907307554781,0,8968.793916252213
2022-03-30T00:00:00.000000,887010.9269244522,-112989.07307554781,-11.298907307554781,0,8968.793916252213
2022-03-31T00:00:00.000000,887010.9269244522,-112989.07307554781,-11.298907307554781,0,8968.793916252213
2022-04-01T00:00:00.000000,887010.9269244522,-112989.07307554781,-11.298907307554781,0,8968.793916252213
2022-04-02T00:00:00.000000,887010.9269244522,-112989.07307554781,-11.298907307554781,0,8968.793916252213
2022-04-03T00:00:00.000000,887010.9269244522,-112989.07307554781,-11.298907307554781,0,8968.793916252213
2022-04-04T00:00:00.000000,887010.9269244522,-112989.07307554781,-11.298907307554781,0,8968.793916252213
2022-04-05T00:00:00.000000,887010.9269244522,-112989.07307554781,-11.298907307554781,0,8968.793916252213
2022-04-06T00:00:00.000000,887010.9269244522,-112989.07307554781,-11.298907307554781,0,8968.793916252213
2022-04-07T00:00:00.000000,887010.9269244522,-112989.07307554781,-11.298907307554781,0,8968.793916252213
2022-04-08T00:00:00.000000,887010.9269244522,-112989.07307554781,-11.298907307554781,0,8968.793916252213
2022-04-09T00:00:00.000000,887010.9269244522,-112989.07307554781,-11.298907307554781,0,8968.793916252213
2022-04-10T00:00:00.000000,887010.9269244522,-112989.07307554781,-11.298907307554781,0,8968.793916252213
2022-04-11T00:00:00.000000,886710.9269244522,-113289.07307554781,-11.32890730755478,1,9268.793916252213
2022-04-12T00:00:00.000000,844231.1278409131,-155768.87215908687,-15.576887215908686,0,9556.136179206036
2022-04-13T00:00:00.000000,844231.1278409131,-155768.87215908687,-15.576887215908686,0,9556.136179206036
2022-04-14T00:00:00.000000,843931.1278409131,-156068.87215908687,-15.606887215908689,1,9856.136179206036
2022-04-15T00:00:00.000000,828139.0523067856,-171860.9476932144,-17.18609476932144,1,10451.57718884869
2022-04-16T00:00:00.000000,825445.7896528868,-174554.2103471132,-17.455421034711318,0,10750.858994594244
2022-04-17T00:00:00.000000,825445.7896528868,-174554.2103471132,-17.455421034711318,0,10750.858994594244
2022-04-18T00:00:00.000000,825445.7896528868,-174554.2103471132,-17.455421034711318,0,10750.858994594244
2022-04-19T00:00:00.000000,825445.7896528868,-174554.2103471132,-17.455421034711318,0,10750.858994594244
2022-04-20T00:00:00.000000,825445.7896528868,-174554.2103471132,-17.455421034711318,0,10750.858994594244
2022-04-21T00:00:00.000000,825445.7896528868,-174554.2103471132,-17.455421034711318,0,10750.858994594244
2022-04-22T00:00:00.000000,825445.7896528868,-174554.2103471132,-17.455421034711318,0,10750.858994594244
2022-04-23T00:00:00.000000,825445.7896528868,-174554.2103471132,-17.455421034711318,0,10750.858994594244
2022-04-24T00:00:00.000000,825445.7896528868,-174554.2103471132,-17.455421034711318,0,10750.858994594244
2022-04-25T00:00:00.000000,825445.7896528868,-174554.2103471132,-17.455421034711318,0,10750.858994594244
2022-04-26T00:00:00.000000,825445.7896528868,-174554.2103471132,-17.455421034711318,0,10750.858994594244
2022-04-27T00:00:00.000000,825445.7896528868,-174554.2103471132,-17.455421034711318,0,10750.858994594244
2022-04-28T00:00:00.000000,825445.7896528868,-174554.2103471132,-17.455421034711318,0,10750.858994594244
2022-04-29T00:00:00.000000,825445.7896528868,-174554.2103471132,-17.455421034711318,0,10750.858994594244
2022-04-30T00:00:00.000000,825445.7896528868,-174554.2103471132,-17.455421034711318,0,10750.858994594244
2022-05-01T00:00:00.000000,825445.7896528868,-174554.2103471132,-17.455421034711318,0,10750.858994594244
2022-05-02T00:00:00.000000,825445.7896528868,-174554.2103471132,-17.455421034711318,0,10750.858994594244
2022-05-03T00:00:00.000000,825445.7896528868,-174554.2103471132,-17.455421034711318,0,10750.858994594244
2022-05-04T00:00:00.000000,825445.7896528868,-174554.2103471132,-17.455421034711318,0,10750.858994594244
2022-05-05T00:00:00.000000,825445.7896528868,-174554.2103471132,-17.455421034711318,0,10750.858994594244
2022-05-06T00:00:00.000000,825445.7896528868,-174554.2103471132,-17.455421034711318,0,10750.858994594244
2022-05-07T00:00:00.000000,825445.7896528868,-174554.2103471132,-17.455421034711318,0,10750.858994594244
2022-05-08T00:00:00.000000,825445.7896528868,-174554.2103471132,-17.455421034711318,0,10750.858994594244
2022-05-09T00:00:00.000000,825145.7896528868,-174854.2103471132,-17.485421034711322,1,11050.858994594244
2022-05-10T00:00:00.000000,723505.9383409335,-276494.0616590665,-27.649406165906647,0,11320.447915877043
2022-05-11T00:00:00.000000,723205.9383409335,-276794.0616590665,-27.679406165906645,2,11620.447915877043
2022-05-12T00:00:00.000000,515992.4360871304,-484007.5639128696,-48.40075639128696,0,11858.355237397358
2022-05-13T00:00:00.000000,515992.4360871304,-484007.5639128696,-48.40075639128696,0,11858.355237397358
2022-05-14T00:00:00.000000,515992.4360871304,-484007.5639128696,-48.40075639128696,0,11858.355237397358
2022-05-15T00:00:00.000000,515992.4360871304,-484007.5639128696,-48.40075639128696,0,11858.355237397358
2022-05-16T00:00:00.000000,515992.4360871304,-484007.5639128696,-48.40075639128696,0,11858.355237397358
2022-05-17T00:00:00.000000,515692.4360871304,-484307.5639128696,-48.43075639128696,1,12158.355237397358
2022-05-18T00:00:00.000000,511096.6104272162,-488903.3895727838,-48.89033895727838,0,12457.066102959052
2022-05-19T00:00:00.000000,510796.6104272162,-489203.3895727838,-48.920338957278375,1,12757.066102959052
2022-05-20T00:00:00.000000,507411.00431899243,-492588.99568100757,-49.25889956810076,0,13056.140143338698
2022-05-21T00:00:00.000000,507411.00431899243,-492588.99568100757,-49.25889956810076,0,13056.140143338698
2022-05-22T00:00:00.000000,507411.00431899243,-492588.99568100757,-49.25889956810076,0,13056.140143338698
2022-05-23T00:00:00.000000,507411.00431899243,-492588.99568100757,-49.25889956810076,0,13056.140143338698
2022-05-24T00:00:00.000000,507411.00431899243,-492588.99568100757,-49.25889956810076,0,13056.140143338698
2022-05-25T00:00:00.000000,507411.00431899243,-492588.99568100757,-49.25889956810076,0,13056.140143338698
2022-05-26T00:00:00.000000,507411.00431899243,-492588.99568100757,-49.25889956810076,0,13056.140143338698
2022-05-27T00:00:00.000000,507411.00431899243,-492588.99568100757,-49.25889956810076,0,13056.140143338698
2022-05-28T00:00:00.000000,507411.00431899243,-492588.99568100757,-49.25889956810076,0,13056.140143338698
2022-05-29T00:00:00.000000,507411.00431899243,-492588.99568100757,-49.25889956810076,0,13056.140143338698
2022-05-30T00:00:00.000000,507111.00431899243,-492888.99568100757,-49.28889956810076,1,13356.140143338698
2022-05-31T00:00:00.000000,713121.6415738945,-286878.35842610546,-28.68783584261055,0,13718.051908044581
2022-06-01T00:00:00.000000,713121.6415738945,-286878.35842610546,-28.68783584261055,0,13718.051908044581
2022-06-02T00:00:00.000000,713121.6415738945,-286878.35842610546,-28.68783584261055,0,13718.051908044581
2022-06-03T00:00:00.000000,712821.6415738945,-287178.35842610546,-28.717835842610544,1,14018.051908044581
2022-06-04T00:00:00.000000,699862.1507714419,-300137.84922855813,-30.013784922855812,0,14314.252921107764
2022-06-05T00:00:00.000000,699862.1507714419,-300137.84922855813,-30.013784922855812,0,14314.252921107764
2022-06-06T00:00:00.000000,699862.1507714419,-300137.84922855813,-30.013784922855812,0,14314.252921107764
2022-06-07T00:00:00.000000,699862.1507714419,-300137.84922855813,-30.013784922855812,0,14314.252921107764
2022-06-08T00:00:00.000000,699862.1507714419,-300137.84922855813,-30.013784922855812,0,14314.252921107764
2022-06-09T00:00:00.000000,699862.1507714419,-300137.84922855813,-30.013784922855812,0,14314.252921107764
2022-06-10T00:00:00.000000,699862.1507714419,-300137.84922855813,-30.013784922855812,0,14314.252921107764
2022-06-11T00:00:00.000000,699862.1507714419,-300137.84922855813,-30.013784922855812,0,14314.252921107764
2022-06-12T00:00:00.000000,699862.1507714419,-300137.84922855813,-30.013784922855812,0,14314.252921107764
2022-06-13T00:00:00.000000,699862.1507714419,-300137.84922855813,-30.013784922855812,0,14314.252921107764
2022-06-14T00:00:00.000000,699562.1507714419,-300437.84922855813,-30.043784922855814,2,14614.252921107764
2022-06-15T00:00:00.000000,606351.4250615436,-393648.5749384564,-39.36485749384564,0,14886.371338920138
2022-06-16T00:00:00.000000,606351.4250615436,-393648.5749384564,-39.36485749384564,0,14886.371338920138
2022-06-17T00:00:00.000000,606351.4250615436,-393648.5749384564,-39.36485749384564,0,14886.371338920138
2022-06-18T00:00:00.000000,606351.4250615436,-393648.5749384564,-39.36485749384564,0,14886.371338920138
2022-06-19T00:00:00.000000,606051.4250615436,-393948.5749384564,-39.39485749384564,1,15186.371338920138
2022-06-20T00:00:00.000000,640278.4529449403,-359721.5470550597,-35.97215470550597,0,15496.732555650176
2022-06-21T00:00:00.000000,640278.4529449403,-359721.5470550597,-35.97215470550597,0,15496.732555650176
2022-06-22T00:00:00.000000,640278.4529449403,-359721.5470550597,-35.97215470550597,0,15496.732555650176
2022-06-23T00:00:00.000000,639978.4529449403,-360021.5470550597,-36.002154705505966,1,15796.732555650176
2022-06-24T00:00:00.000000,654356.5878655751,-345643.4121344249,-34.56434121344249,0,16101.137317554938
2022-06-25T00:00:00.000000,654356.5878655751,-345643.4121344249,-34.56434121344249,0,16101.137317554938
2022-06-26T00:00:00.000000,654356.5878655751,-345643.4121344249,-34.56434121344249,0,16101.137317554938
2022-06-27T00:00:00.000000,654356.5878655751,-345643.4121344249,-34.56434121344249,0,16101.137317554938
2022-06-28T00:00:00.000000,654356.5878655751,-345643.4121344249,-34.56434121344249,0,16101.137317554938
2022-06-29T00:00:00.000000,654356.5878655751,-345643.4121344249,-34.56434121344249,0,16101.137317554938
2022-06-30T00:00:00.000000,654056.5878655751,-345943.4121344249,-34.59434121344249,1,16401.137317554938
2022-07-01T00:00:00.000000,772104.1335826106,-227895.86641738936,-22.78958664173894,0,16736.652235745507
2022-07-02T00:00:00.000000,772104.1335826106,-227895.86641738936,-22.78958664173894,0,16736.652235745507
2022-07-03T00:00:00.000000,772104.1335826106,-227895.86641738936,-22.78958664173894,0,16736.652235745507
2022-07-04T00:00:00.000000,772104.1335826106,-227895.86641738936,-22.78958664173894,0,16736.652235745507
2022-07-05T00:00:00.000000,772104.1335826106,-227895.86641738936,-22.78958664173894,0,16736.652235745507
2022-07-06T00:00:00.000000,772104.1335826106,-227895.86641738936,-22.78958664173894,0,16736.652235745507
2022-07-07T00:00:00.000000,772104.1335826106,-227895.86641738936,-22.78958664173894,0,16736.652235745507
2022-07-08T00:00:00.000000,772104.1335826106,-227895.86641738936,-22.78958664173894,0,16736.652235745507
2022-07-09T00:00:00.000000,771804.1335826106,-228195.86641738936,-22.819586641738937,1,17036.652235745507
2022-07-10T00:00:00.000000,726884.1548365958,-273115.84516340424,-27.311584516340424,0,17323.262225118513
2022-07-11T00:00:00.000000,726884.1548365958,-273115.84516340424,-27.311584516340424,0,17323.262225118513
2022-07-12T00:00:00.000000,726884.1548365958,-273115.84516340424,-27.311584516340424,0,17323.262225118513
2022-07-13T00:00:00.000000,726884.1548365958,-273115.84516340424,-27.311584516340424,0,17323.262225118513
2022-07-14T00:00:00.000000,726884.1548365958,-273115.84516340424,-27.311584516340424,0,17323.262225118513
2022-07-15T00:00:00.000000,726884.1548365958,-273115.84516340424,-27.311584516340424,0,17323.262225118513
2022-07-16T00:00:00.000000,726884.1548365958,-273115.84516340424,-27.311584516340424,0,17323.262225118513
2022-07-17T00:00:00.000000,726884.1548365958,-273115.84516340424,-27.311584516340424,0,17323.262225118513
2022-07-18T00:00:00.000000,726884.1548365958,-273115.84516340424,-27.311584516340424,0,17323.262225118513
2022-07-19T00:00:00.000000,726884.1548365958,-273115.84516340424,-27.311584516340424,0,17323.262225118513
2022-07-20T00:00:00.000000,726584.1548365958,-273415.84516340424,-27.341584516340422,1,17623.262225118513
2022-07-21T00:00:00.000000,658875.8119794528,-341124.18802054715,-34.11241880205472,0,17903.03365368994
2022-07-22T00:00:00.000000,658875.8119794528,-341124.18802054715,-34.11241880205472,0,17903.03365368994
2022-07-23T00:00:00.000000,658875.8119794528,-341124.18802054715,-34.11241880205472,0,17903.03365368994
2022-07-24T00:00:00.000000,658875.8119794528,-341124.18802054715,-34.11241880205472,0,17903.03365368994
2022-07-25T00:00:00.000000,658875.8119794528,-341124.18802054715,-34.11241880205472,0,17903.03365368994
2022-07-26T00:00:00.000000,658875.8119794528,-341124.18802054715,-34.11241880205472,0,17903.03365368994
2022-07-27T00:00:00.000000,658875.8119794528,-341124.18802054715,-34.11241880205472,0,17903.03365368994
2022-07-28T00:00:00.000000,658875.8119794528,-341124.18802054715,-34.11241880205472,0,17903.03365368994
2022-07-29T00:00:00.000000,658575.8119794528,-341424.18802054715,-34.14241880205471,1,18203.03365368994
2022-07-30T00:00:00.000000,604754.5882700839,-395245.4117299161,-39.52454117299161,0,18486.97246822149
2022-07-31T00:00:00.000000,604754.5882700839,-395245.4117299161,-39.52454117299161,0,18486.97246822149
2022-08-01T00:00:00.000000,604754.5882700839,-395245.4117299161,-39.52454117299161,0,18486.97246822149
2022-08-02T00:00:00.000000,604754.5882700839,-395245.4117299161,-39.52454117299161,0,18486.97246822149
2022-08-03T00:00:00.000000,604754.5882700839,-395245.4117299161,-39.52454117299161,0,18486.97246822149
2022-08-04T00:00:00.000000,604754.5882700839,-395245.4117299161,-39.52454117299161,0,18486.97246822149
2022-08-05T00:00:00.000000,604754.5882700839,-395245.4117299161,-39.52454117299161,0,18486.97246822149
2022-08-06T00:00:00.000000,604754.5882700839,-395245.4117299161,-39.52454117299161,0,18486.97246822149
2022-08-07T00:00:00.000000,604754.5882700839,-395245.4117299161,-39.52454117299161,0,18486.97246822149
2022-08-08T00:00:00.000000,604754.5882700839,-395245.4117299161,-39.52454117299161,0,18486.97246822149
2022-08-09T00:00:00.000000,604754.5882700839,-395245.4117299161,-39.52454117299161,0,18486.97246822149
2022-08-10T00:00:00.000000,604754.5882700839,-395245.4117299161,-39.52454117299161,0,18486.97246822149
2022-08-11T00:00:00.000000,604754.5882700839,-395245.4117299161,-39.52454117299161,0,18486.97246822149
2022-08-12T00:00:00.000000,604754.5882700839,-395245.4117299161,-39.52454117299161,0,18486.97246822149
2022-08-13T00:00:00.000000,604754.5882700839,-395245.4117299161,-39.52454117299161,0,18486.97246822149
2022-08-14T00:00:00.000000,604754.5882700839,-395245.4117299161,-39.52454117299161,0,18486.97246822149
2022-08-15T00:00:00.000000,604454.5882700839,-395545.4117299161,-39.55454117299161,1,18786.97246822149
2022-08-16T00:00:00.000000,576018.2872936337,-423981.7127063663,-42.39817127063663,0,19078.52904490156
2022-08-17T00:00:00.000000,576018.2872936337,-423981.7127063663,-42.39817127063663,0,19078.52904490156
2022-08-18T00:00:00.000000,576018.2872936337,-423981.7127063663,-42.39817127063663,0,19078.52904490156
2022-08-19T00:00:00.000000,576018.2872936337,-423981.7127063663,-42.39817127063663,0,19078.52904490156
2022-08-20T00:00:00.000000,575718.2872936337,-424281.7127063663,-42.42817127063663,1,19378.52904490156
2022-08-21T00:00:00.000000,555176.1579663964,-444823.8420336036,-44.48238420336036,0,19672.454583765048
2022-08-22T00:00:00.000000,555176.1579663964,-444823.8420336036,-44.48238420336036,0,19672.454583765048
2022-08-23T00:00:00.000000,555176.1579663964,-444823.8420336036,-44.48238420336036,0,19672.454583765048
2022-08-24T00:00:00.000000,555176.1579663964,-444823.8420336036,-44.48238420336036,0,19672.454583765048
2022-08-25T00:00:00.000000,555176.1579663964,-444823.8420336036,-44.48238420336036,0,19672.454583765048
2022-08-26T00:00:00.000000,555176.1579663964,-444823.8420336036,-44.48238420336036,0,19672.454583765048
2022-08-27T00:00:00.000000,555176.1579663964,-444823.8420336036,-44.48238420336036,0,19672.454583765048
2022-08-28T00:00:00.000000,555176.1579663964,-444823.8420336036,-44.48238420336036,0,19672.454583765048
2022-08-29T00:00:00.000000,555176.1579663964,-444823.8420336036,-44.48238420336036,0,19672.454583765048
2022-08-30T00:00:00.000000,555176.1579663964,-444823.8420336036,-44.48238420336036,0,19672.454583765048
2022-08-31T00:00:00.000000,555176.1579663964,-444823.8420336036,-44.48238420336036,0,19672.454583765048
2022-09-01T00:00:00.000000,555176.1579663964,-444823.8420336036,-44.48238420336036,0,19672.454583765048
2022-09-02T00:00:00.000000,555176.1579663964,-444823.8420336036,-44.48238420336036,0,19672.454583765048
2022-09-03T00:00:00.000000,554876.1579663964,-445123.8420336036,-44.512384203360355,1,19972.454583765048
2022-09-04T00:00:00.000000,590976.1579663964,-409023.8420336036,-40.902384203360356,0,20283.377860748144
2022-09-05T00:00:00.000000,590976.1579663964,-409023.8420336036,-40.902384203360356,0,20283.377860748144
2022-09-06T00:00:00.000000,590976.1579663964,-409023.8420336036,-40.902384203360356,0,20283.377860748144
2022-09-07T00:00:00.000000,590976.1579663964,-409023.8420336036,-40.902384203360356,0,20283.377860748144
2022-09-08T00:00:00.000000,590976.1579663964,-409023.8420336036,-40.902384203360356,0,20283.377860748144
2022-09-09T00:00:00.000000,590976.1579663964,-409023.8420336036,-40.902384203360356,0,20283.377860748144
2022-09-10T00:00:00.000000,590976.1579663964,-409023.8420336036,-40.902384203360356,0,20283.377860748144
2022-09-11T00:00:00.000000,590976.1579663964,-409023.8420336036,-40.902384203360356,0,20283.377860748144
2022-09-12T00:00:00.000000,590976.1579663964,-409023.8420336036,-40.902384203360356,0,20283.377860748144
2022-09-13T00:00:00.000000,590976.1579663964,-409023.8420336036,-40.902384203360356,0,20283.377860748144
2022-09-14T00:00:00.000000,590976.1579663964,-409023.8420336036,-40.902384203360356,0,20283.377860748144
2022-09-15T00:00:00.000000,590676.1579663964,-409323.8420336036,-40.93238420336036,1,20583.377860748144
2022-09-16T00:00:00.000000,551710.4656132816,-448289.5343867184,-44.828953438671846,0,20871.77467208561
2022-09-17T00:00:00.000000,551710.4656132816,-448289.5343867184,-44.828953438671846,0,20871.77467208561
2022-09-18T00:00:00.000000,551710.4656132816,-448289.5343867184,-44.828953438671846,0,20871.77467208561
2022-09-19T00:00:00.000000,551710.4656132816,-448289.5343867184,-44.828953438671846,0,20871.77467208561
2022-09-20T00:00:00.000000,551710.4656132816,-448289.5343867184,-44.828953438671846,0,20871.77467208561
2022-09-21T00:00:00.000000,551710.4656132816,-448289.5343867184,-44.828953438671846,0,20871.77467208561
2022-09-22T00:00:00.000000,551710.4656132816,-448289.5343867184,-44.828953438671846,0,20871.77467208561
2022-09-23T00:00:00.000000,551410.4656132816,-448589.5343867184,-44.85895343867184,1,21171.77467208561
2022-09-24T00:00:00.000000,565439.1315449243,-434560.86845507566,-43.45608684550756,0,21476.074561832025
2022-09-25T00:00:00.000000,565139.1315449243,-434860.86845507566,-43.486086845507565,1,21776.074561832025
2022-09-26T00:00:00.000000,564821.6006471355,-435178.3993528645,-43.517839935286446,1,22376.159327992536
2022-09-27T00:00:00.000000,563523.4432540158,-436476.55674598424,-43.647655674598425,0,22675.859790913477
2022-09-28T00:00:00.000000,563523.4432540158,-436476.55674598424,-43.647655674598425,0,22675.859790913477
2022-09-29T00:00:00.000000,563523.4432540158,-436476.55674598424,-43.647655674598425,0,22675.859790913477
2022-09-30T00:00:00.000000,563523.4432540158,-436476.55674598424,-43.647655674598425,0,22675.859790913477
2022-10-01T00:00:00.000000,563223.4432540158,-436776.55674598424,-43.67765567459843,1,22975.859790913477
2022-10-02T00:00:00.000000,506916.67495331925,-493083.32504668075,-49.30833250466807,1,23559.142745309586
2022-10-03T00:00:00.000000,485250.7581929143,-514749.2418070857,-51.47492418070857,0,23852.731046771903
2022-10-04T00:00:00.000000,485250.7581929143,-514749.2418070857,-51.47492418070857,0,23852.731046771903
2022-10-05T00:00:00.000000,485250.7581929143,-514749.2418070857,-51.47492418070857,0,23852.731046771903
2022-10-06T00:00:00.000000,485250.7581929143,-514749.2418070857,-51.47492418070857,0,23852.731046771903
2022-10-07T00:00:00.000000,485250.7581929143,-514749.2418070857,-51.47492418070857,0,23852.731046771903
2022-10-08T00:00:00.000000,485250.7581929143,-514749.2418070857,-51.47492418070857,0,23852.731046771903
2022-10-09T00:00:00.000000,485250.7581929143,-514749.2418070857,-51.47492418070857,0,23852.731046771903
2022-10-10T00:00:00.000000,485250.7581929143,-514749.2418070857,-51.47492418070857,0,23852.731046771903
2022-10-11T00:00:00.000000,485250.7581929143,-514749.2418070857,-51.47492418070857,0,23852.731046771903
2022-10-12T00:00:00.000000,485250.7581929143,-514749.2418070857,-51.47492418070857,0,23852.731046771903
2022-10-13T00:00:00.000000,485250.7581929143,-514749.2418070857,-51.47492418070857,0,23852.731046771903
2022-10-14T00:00:00.000000,485250.7581929143,-514749.2418070857,-51.47492418070857,0,23852.731046771903
2022-10-15T00:00:00.000000,484950.7581929143,-515049.2418070857,-51.504924180708564,1,24152.731046771903
2022-10-16T00:00:00.000000,496829.6763621237,-503170.3236378763,-50.317032363787625,1,24756.475845662335
2022-10-17T00:00:00.000000,609533.5533456015,-390466.44665439846,-39.04664466543984,0,25090.387182158327
2022-10-18T00:00:00.000000,609233.5533456015,-390766.44665439846,-39.076644665439844,1,25390.387182158327
2022-10-19T00:00:00.000000,601487.1673249501,-398512.8326750499,-39.85128326750499,1,25988.24262298438
2022-10-20T00:00:00.000000,572632.8085031708,-427367.19149682915,-42.73671914968292,0,26279.673744674354
2022-10-21T00:00:00.000000,572332.8085031708,-427667.19149682915,-42.76671914968291,1,26579.673744674354
2022-10-22T00:00:00.000000,671245.4979151598,-328754.5020848402,-32.87545020848402,1,27209.536510327645
2022-10-23T00:00:00.000000,693289.1893354916,-306710.8106645084,-30.67108106645084,0,27516.241629289434
2022-10-24T00:00:00.000000,693289.1893354916,-306710.8106645084,-30.67108106645084,0,27516.241629289434
2022-10-25T00:00:00.000000,693289.1893354916,-306710.8106645084,-30.67108106645084,0,27516.241629289434
2022-10-26T00:00:00.000000,693289.1893354916,-306710.8106645084,-30.67108106645084,0,27516.241629289434
2022-10-27T00:00:00.000000,693289.1893354916,-306710.8106645084,-30.67108106645084,0,27516.241629289434
2022-10-28T00:00:00.000000,693289.1893354916,-306710.8106645084,-30.67108106645084,0,27516.241629289434
2022-10-29T00:00:00.000000,693289.1893354916,-306710.8106645084,-30.67108106645084,0,27516.241629289434
2022-10-30T00:00:00.000000,693289.1893354916,-306710.8106645084,-30.67108106645084,0,27516.241629289434
2022-10-31T00:00:00.000000,693289.1893354916,-306710.8106645084,-30.67108106645084,0,27516.241629289434
2022-11-01T00:00:00.000000,693289.1893354916,-306710.8106645084,-30.67108106645084,0,27516.241629289434
2022-11-02T00:00:00.000000,693289.1893354916,-306710.8106645084,-30.67108106645084,0,27516.241629289434
2022-11-03T00:00:00.000000,692989.1893354916,-307010.8106645084,-30.701081066450836,1,27816.241629289434
2022-11-04T00:00:00.000000,895793.2764079038,-104206.72359209624,-10.420672359209624,1,28477.28116727255
2022-11-05T00:00:00.000000,943237.506654985,-56762.493345014984,-5.676249334501499,1,29091.698761624983
2022-11-06T00:00:00.000000,922623.0899883183,-77376.91001168173,-7.737691001168173,0,29385.60260777883
2022-11-07T00:00:00.000000,922323.0899883183,-77676.91001168173,-7.767691001168172,1,29685.60260777883
2022-11-08T00:00:00.000000,762278.7211130807,-237721.27888691926,-23.772127888691927,0,29937.66491580867
2022-11-09T00:00:00.000000,762278.7211130807,-237721.27888691926,-23.772127888691927,0,29937.66491580867
2022-11-10T00:00:00.000000,762278.7211130807,-237721.27888691926,-23.772127888691927,0,29937.66491580867
2022-11-11T00:00:00.000000,761978.7211130809,-238021.27888691914,-23.802127888691913,3,30237.66491580867
2022-11-12T00:00:00.000000,735772.0372844192,-264227.9627155808,-26.42279627155808,2,30333.908736430138
2022-11-13T00:00:00.000000,739132.4866044866,-260867.5133955134,-26.08675133955134,2,30333.908736430138
2022-11-14T00:00:00.000000,709100.3525856035,-290899.6474143965,-29.08996474143965,1,30435.582083123525
2022-11-15T00:00:00.000000,734371.7531906934,-265628.24680930655,-26.562824680930657,1,30435.582083123525
2022-11-16T00:00:00.000000,727664.9192344734,-272335.0807655266,-27.233508076552663,2,30735.582083123525
2022-11-17T00:00:00.000000,696438.8455841742,-303561.15441582585,-30.35611544158259,1,31028.170697516653
2022-11-18T00:00:00.000000,704091.4528096591,-295908.54719034093,-29.590854719034095,1,31028.170697516653
2022-11-19T00:00:00.000000,698574.4569029142,-301425.5430970858,-30.14255430970858,1,31028.170697516653
2022-11-20T00:00:00.000000,706938.9345679792,-293061.0654320208,-29.30610654320208,1,31028.170697516653
2022-11-21T00:00:00.000000,681901.4367925744,-318098.56320742564,-31.809856320742565,2,31328.170697516653
2022-11-22T00:00:00.000000,699850.5352260005,-300149.4647739995,-30.014946477399953,1,31636.05035367711
2022-11-23T00:00:00.000000,732952.5106664703,-267047.4893335297,-26.704748933352974,1,31636.05035367711
2022-11-24T00:00:00.000000,732474.5430565753,-267525.45694342465,-26.752545694342466,2,31936.05035367711
2022-11-25T00:00:00.000000,732364.1900235277,-267635.8099764723,-26.763580997647228,1,32236.641327889145
2022-11-26T00:00:00.000000,748559.2425239726,-251440.75747602736,-25.144075747602734,1,32236.641327889145
2022-11-27T00:00:00.000000,748081.2749140776,-251918.7250859224,-25.19187250859224,2,32536.641327889145
2022-11-28T00:00:00.000000,690150.2170907444,-309849.7829092556,-30.984978290925557,2,33125.57857425743
2022-11-29T00:00:00.000000,710498.7376051405,-289501.26239485946,-28.950126239485947,1,33428.83764256897
2022-11-30T00:00:00.000000,726693.7901055855,-273306.2098944145,-27.33062098944145,1,33428.83764256897
2022-12-01T00:00:00.000000,729541.2718639055,-270458.7281360945,-27.04587281360945,1,33428.83764256897
2022-12-02T00:00:00.000000,734524.3649409655,-265475.63505903445,-26.547563505903444,1,33428.83764256897
2022-12-03T00:00:00.000000,732622.6564519106,-267377.3435480894,-26.73773435480894,2,33728.83764256897
2022-12-04T00:00:00.000000,723008.3278464616,-276991.67215353844,-27.699167215353842,2,34327.25406485636
2022-12-05T00:00:00.000000,725624.1710385489,-274375.8289614511,-27.43758289614511,1,34625.138327246466
2022-12-06T00:00:00.000000,710140.9889776839,-289859.01102231606,-28.985901102231605,1,34625.138327246466
2022-12-07T00:00:00.000000,696437.483015769,-303562.51698423096,-30.356251698423097,1,34625.138327246466
2022-12-08T00:00:00.000000,712332.535516214,-287667.464483786,-28.766746448378605,2,34925.138327246466
2022-12-09T00:00:00.000000,773820.7846800503,-226179.21531994967,-22.617921531994966,1,35241.17026827841
2022-12-10T00:00:00.000000,765334.2746248803,-234665.7253751197,-23.466572537511972,2,35541.17026827841
2022-12-11T00:00:00.000000,768771.5944326753,-231228.40556732472,-23.12284055673247,1,35841.17026827841
2022-12-12T00:00:00.000000,754178.2504212854,-245821.7495787146,-24.582174957871462,1,35841.17026827841
2022-12-13T00:00:00.000000,759873.2139379254,-240126.7860620746,-24.01267860620746,1,35841.17026827841
2022-12-14T00:00:00.000000,761886.7928665604,-238113.2071334396,-23.81132071334396,3,36141.17026827841
2022-12-15T00:00:00.000000,712010.8974181847,-287989.1025818153,-28.798910258181532,1,36431.90069848465
2022-12-16T00:00:00.000000,697773.4886265849,-302226.5113734151,-30.22265113734151,1,36431.90069848465
2022-12-17T00:00:00.000000,679620.7924172948,-320379.2075827052,-32.037920758270516,1,36431.90069848465
2022-12-18T00:00:00.000000,684425.91788446,-315574.08211554005,-31.557408211554005,1,36431.90069848465
2022-12-19T00:00:00.000000,682468.2741756148,-317531.7258243852,-31.753172582438516,1,36431.90069848465
2022-12-20T00:00:00.000000,681756.4037360349,-318243.5962639651,-31.824359626396514,1,36431.90069848465
2022-12-21T00:00:00.000000,678908.9219777149,-321091.07802228513,-32.109107802228515,1,36431.90069848465
2022-12-22T00:00:00.000000,680866.5656865599,-319133.4343134401,-31.91334343134401,1,36431.90069848465
2022-12-23T00:00:00.000000,691722.5898901548,-308277.4101098452,-30.82774101098452,1,36431.90069848465
2022-12-24T00:00:00.000000,692612.4279396299,-307387.5720603701,-30.73875720603701,1,36431.90069848465
2022-12-25T00:00:00.000000,693858.2012088948,-306141.79879110516,-30.614179879110516,1,36431.90069848465
2022-12-26T00:00:00.000000,694570.0716484748,-305429.9283515252,-30.54299283515252,1,36431.90069848465
2022-12-27T00:00:00.000000,685849.6587636198,-314150.34123638016,-31.415034123638012,1,36431.90069848465
2022-12-28T00:00:00.000000,675049.5697798149,-324950.4302201851,-32.49504302201851,2,36731.90069848465
2022-12-29T00:00:00.000000,627508.3690986116,-372491.63090138836,-37.249163090138836,1,37017.670678991475
2022-12-30T00:00:00.000000,621513.4055819716,-378486.59441802837,-37.84865944180284,2,37317.670678991475
2022-12-31T00:00:00.000000,625501.5375850843,-374498.4624149157,-37.44984624149157,2,37317.670678991475
2023-01-01T00:00:00.000000,615438.5161138158,-384561.48388618417,-38.456148388618416,2,37317.670678991475
2023-01-02T00:00:00.000000,614087.2858690927,-385912.7141309073,-38.59127141309073,3,37617.670678991475
2023-01-03T00:00:00.000000,619839.277024523,-380160.722975477,-38.0160722975477,2,37914.08335974787
2023-01-04T00:00:00.000000,650020.0537310053,-349979.9462689947,-34.99799462689947,2,37914.08335974787
2023-01-05T00:00:00.000000,705114.5510422987,-294885.44895770133,-29.488544895770136,2,37914.08335974787
2023-01-06T00:00:00.000000,623512.0399542187,-376487.96004578134,-37.64879600457813,2,37914.08335974787
2023-01-07T00:00:00.000000,646363.8662159567,-353636.13378404325,-35.363613378404324,2,37914.08335974787
2023-01-08T00:00:00.000000,635297.2620124314,-364702.7379875686,-36.47027379875686,3,38214.08335974787
2023-01-09T00:00:00.000000,765175.7032881142,-234824.29671188584,-23.482429671188584,4,38824.95869131286
2023-01-10T00:00:00.000000,786370.8967350126,-213629.10326498735,-21.362910326498735,2,39125.347699791084
2023-01-11T00:00:00.000000,769141.1894044919,-230858.81059550808,-23.085881059550807,2,39125.347699791084
2023-01-12T00:00:00.000000,788918.3784933328,-211081.62150666723,-21.108162150666722,3,39425.347699791084
2023-01-13T00:00:00.000000,960665.6986044866,-39334.30139551335,-3.9334301395513354,2,39754.98223368939
2023-01-14T00:00:00.000000,1052938.8509691874,52938.85096918745,5.2938850969187445,2,39754.98223368939
2023-01-15T00:00:00.000000,1053383.3337988027,53383.33379880269,5.338333379880269,2,39754.98223368939
2023-01-16T00:00:00.000000,1098018.3082726642,98018.3082726642,9.801830827266421,2,39754.98223368939
2023-01-17T00:00:00.000000,1059490.5017060083,59490.501706008334,5.949050170600834,2,39754.98223368939
2023-01-18T00:00:00.000000,1034940.1316380666,34940.13163806661,3.4940131638066614,2,39754.98223368939
2023-01-19T00:00:00.000000,932848.2270705802,-67151.77292941976,-6.715177292941976,2,39754.98223368939
2023-01-20T00:00:00.000000,941196.129320998,-58803.87067900202,-5.880387067900203,2,39754.98223368939
2023-01-21T00:00:00.000000,1094062.99314786,94062.99314786005,9.406299314786006,3,40054.98223368939
2023-01-22T00:00:00.000000,1095103.7947590128,95103.79475901276,9.510379475901276,2,40343.087007800255
2023-01-23T00:00:00.000000,1142360.3019178468,142360.30191784678,14.23603019178468,2,40343.087007800255
2023-01-24T00:00:00.000000,1170615.713354534,170615.713354534,17.0615713354534,2,40343.087007800255
2023-01-25T00:00:00.000000,1131431.4331288296,131431.43312882958,13.143143312882957,2,40343.087007800255
2023-01-26T00:00:00.000000,1153377.71831669,153377.71831669006,15.337771831669006,2,40343.087007800255
2023-01-27T00:00:00.000000,1206417.7366019897,206417.73660198972,20.64177366019897,2,40343.087007800255
2023-01-28T00:00:00.000000,1232610.3813053593,232610.3813053593,23.26103813053593,2,40343.087007800255
2023-01-29T00:00:00.000000,1192723.3907376425,192723.39073764253,19.272339073764254,2,40343.087007800255
2023-01-30T00:00:00.000000,1049417.5900404286,49417.590040428564,4.941759004042856,2,40343.087007800255
2023-01-31T00:00:00.000000,1025376.2596802012,25376.259680201183,2.537625968020118,2,40343.087007800255
2023-02-01T00:00:00.000000,1148992.7509964285,148992.75099642854,14.899275099642853,3,40643.087007800255
2023-02-02T00:00:00.000000,1315235.2781492718,315235.27814927185,31.52352781492718,3,40643.087007800255
2023-02-03T00:00:00.000000,1287023.935306055,287023.935306055,28.7023935306055,3,40643.087007800255
2023-02-04T00:00:00.000000,1470921.7467585602,470921.7467585602,47.09217467585602,2,40976.46957796274
2023-02-05T00:00:00.000000,1409452.693930097,409452.6939300969,40.945269393009696,2,40976.46957796274
2023-02-06T00:00:00.000000,1429933.7997021796,429933.7997021796,42.99337997021796,2,40976.46957796274
2023-02-07T00:00:00.000000,1459118.408993485,459118.4089934849,45.91184089934849,3,41276.46957796274
2023-02-08T00:00:00.000000,1519028.908119542,519028.90811954206,51.90289081195421,2,41582.825805281565
2023-02-09T00:00:00.000000,1484770.5794098773,484770.5794098773,48.47705794098773,2,41582.825805281565
2023-02-10T00:00:00.000000,1243126.7693676187,243126.76936761872,24.31267693676187,2,41582.825805281565
2023-02-11T00:00:00.000000,1192966.5112796884,192966.51127968845,19.296651127968843,2,41582.825805281565
2023-02-12T00:00:00.000000,1249589.5385436285,249589.53854362853,24.958953854362854,3,41882.825805281565
2023-02-13T00:00:00.000000,1145429.9586612592,145429.95866125915,14.542995866125915,2,42181.127866016606
2023-02-14T00:00:00.000000,1167545.9237516914,167545.92375169136,16.754592375169135,2,42181.127866016606
2023-02-15T00:00:00.000000,1284483.7293063742,284483.7293063742,28.448372930637422,2,42181.127866016606
2023-02-16T00:00:00.000000,1397754.4424679512,397754.4424679512,39.775444246795125,2,42181.127866016606
2023-02-17T00:00:00.000000,1519249.1784652155,519249.1784652155,51.924917846521545,2,42181.127866016606
2023-02-18T00:00:00.000000,1603475.839409002,603475.8394090021,60.34758394090021,2,42181.127866016606
2023-02-19T00:00:00.000000,1591009.8190090288,591009.8190090288,59.10098190090288,2,42181.127866016606
2023-02-20T00:00:00.000000,1670655.5587785086,670655.5587785086,67.06555587785085,2,42181.127866016606
2023-02-21T00:00:00.000000,1665823.8254088834,665823.8254088834,66.58238254088835,2,42181.127866016606
2023-02-22T00:00:00.000000,1626980.2160163815,626980.2160163815,62.69802160163815,1,42342.95381369413
2023-02-23T00:00:00.000000,1733189.3663431788,733189.3663431788,73.31893663431788,1,42342.95381369413
2023-02-24T00:00:00.000000,1718483.4839902376,718483.4839902376,71.84834839902375,1,42342.95381369413
2023-02-25T00:00:00.000000,1558052.7650359892,558052.7650359892,55.80527650359892,2,42642.95381369413
2023-02-26T00:00:00.000000,1619649.1159469257,619649.1159469257,61.96491159469257,1,42951.96659927367
2023-02-27T00:00:00.000000,1585335.3904567296,585335.3904567296,58.53353904567295,1,42951.96659927367
2023-02-28T00:00:00.000000,1613630.1616985598,613630.1616985598,61.363016169855975,2,43251.96659927367
2023-03-01T00:00:00.000000,1641746.6312139577,641746.6312139577,64.17466312139577,1,43554.3648086107
2023-03-02T00:00:00.000000,1571485.193305461,571485.193305461,57.1485193305461,1,43554.3648086107
2023-03-03T00:00:00.000000,1474262.9710832387,474262.9710832387,47.42629710832387,1,43554.3648086107
2023-03-04T00:00:00.000000,1445668.1998414088,445668.19984140876,44.56681998414088,1,43554.3648086107
2023-03-05T00:00:00.000000,1407269.507030951,407269.5070309511,40.72695070309511,1,43554.3648086107
2023-03-06T00:00:00.000000,1388478.6573577486,388478.6573577486,38.84786573577486,1,43554.3648086107
2023-03-07T00:00:00.000000,1402367.5462466374,402367.54624663736,40.23675462466373,1,43554.3648086107
2023-03-08T00:00:00.000000,1354164.9318675525,354164.93186755246,35.41649318675525,1,43554.3648086107
2023-03-09T00:00:00.000000,1330472.121410036,330472.121410036,33.0472121410036,1,43554.3648086107
2023-03-10T00:00:00.000000,1195668.1998414085,195668.19984140852,19.566819984140853,1,43554.3648086107
2023-03-11T00:00:00.000000,1123772.7750048074,123772.7750048074,12.377277500480739,1,43554.3648086107
2023-03-12T00:00:00.000000,1146648.5919982712,146648.59199827118,14.664859199827118,1,43554.3648086107
2023-03-13T00:00:00.000000,1319034.212913304,319034.2129133041,31.903421291330407,1,43554.3648086107
2023-03-14T00:00:00.000000,1330472.121410036,330472.121410036,33.0472121410036,1,43554.3648086107
2023-03-15T00:00:00.000000,1330472.121410036,330472.121410036,33.0472121410036,1,43554.3648086107
2023-03-16T00:00:00.000000,1284720.487423108,284720.48742310796,28.472048742310797,1,43554.3648086107
2023-03-17T00:00:00.000000,1305145.324024415,305145.3240244151,30.514532402441514,1,43554.3648086107
2023-03-18T00:00:00.000000,1400733.559318533,400733.55931853293,40.07335593185329,1,43554.3648086107
2023-03-19T00:00:00.000000,1398282.5789263758,398282.57892637583,39.82825789263758,1,43554.3648086107
2023-03-20T00:00:00.000000,1401250.5527825851,401250.55278258515,40.125055278258515,2,43854.3648086107
2023-03-21T00:00:00.000000,1322251.269443518,322251.269443518,32.2251269443518,2,44450.94203599288
2023-03-22T00:00:00.000000,1298844.0038070823,298844.0038070823,29.884400380708232,1,44761.66013055384
2023-03-23T00:00:00.000000,1336942.69661754,336942.69661754,33.69426966175399,2,45061.66013055384
2023-03-24T00:00:00.000000,1336336.1386446317,336336.1386446317,33.63361386446317,1,45367.4522537401
2023-03-25T00:00:00.000000,1301205.4196903834,301205.41969038337,30.12054196903834,1,45367.4522537401
2023-03-26T00:00:00.000000,1336336.1386446317,336336.1386446317,33.63361386446317,1,45367.4522537401
2023-03-27T00:00:00.000000,1261989.7334158735,261989.7334158735,26.19897334158735,1,45367.4522537401
2023-03-28T00:00:00.000000,1305290.3870106447,305290.38701064466,30.529038701064465,1,45367.4522537401
2023-03-29T00:00:00.000000,1317545.288971429,317545.288971429,31.754528897142897,1,45367.4522537401
2023-03-30T00:00:00.000000,1360028.949102148,360028.94910214795,36.00289491021479,1,45367.4522537401
2023-03-31T00:00:00.000000,1393525.6811282919,393525.6811282919,39.35256811282919,1,45367.4522537401
2023-04-01T00:00:00.000000,1400878.6223047622,400878.62230476225,40.087862230476226,1,45367.4522537401
2023-04-02T00:00:00.000000,1373617.837991037,373617.83799103694,37.36178379910369,3,45667.4522537401
2023-04-03T00:00:00.000000,1423038.2919742032,423038.2919742032,42.30382919742032,1,45990.46352861163
2023-04-04T00:00:00.000000,1438561.1677911966,438561.1677911966,43.85611677911967,1,45990.46352861163
2023-04-05T00:00:00.000000,1462253.978248713,462253.9782487131,46.22539782487131,1,45990.46352861163
2023-04-06T00:00:00.000000,1446731.1024317197,446731.10243171966,44.67311024317196,1,45990.46352861163
2023-04-07T00:00:00.000000,1436927.1808630922,436927.1808630922,43.69271808630922,1,45990.46352861163
2023-04-08T00:00:00.000000,1457352.0174643993,457352.01746439934,45.735201746439934,1,45990.46352861163
2023-04-09T00:00:00.000000,1472574.893281393,472574.893281393,47.25748932813929,3,46290.46352861163
2023-04-10T00:00:00.000000,1512853.7025268327,512853.7025268327,51.28537025268327,1,46591.60810299287
2023-04-11T00:00:00.000000,1547984.421481081,547984.421481081,54.79844214810811,1,46591.60810299287
2023-04-12T00:00:00.000000,1491611.872461473,491611.8724614731,49.16118724614731,1,46591.60810299287
2023-04-13T00:00:00.000000,1510919.715598728,510919.71559872804,51.0919715598728,2,46891.60810299287
2023-04-14T00:00:00.000000,1542371.1373061175,542371.1373061175,54.23711373061174,1,47188.38746527455
2023-04-15T00:00:00.000000,1535835.189593699,535835.1895936991,53.583518959369904,1,47188.38746527455
2023-04-16T00:00:00.000000,1584037.8039727842,584037.8039727842,58.40378039727842,1,47188.38746527455
2023-04-17T00:00:00.000000,1544822.1176982743,544822.1176982743,54.48221176982743,1,47188.38746527455
2023-04-18T00:00:00.000000,1568514.9281557908,568514.9281557908,56.85149281557907,1,47188.38746527455
2023-04-19T00:00:00.000000,1450867.8693322614,450867.8693322614,45.086786933226136,1,47188.38746527455
2023-04-20T00:00:00.000000,1427692.0523387971,427692.05233879713,42.76920523387972,2,47488.38746527455
2023-04-21T00:00:00.000000,1319456.9217019281,319456.92170192814,31.945692170192814,1,47768.991303313334
2023-04-22T00:00:00.000000,1299032.085100621,299032.085100621,29.903208510062097,1,47768.991303313334
2023-04-23T00:00:00.000000,1297398.0981725163,297398.09817251633,29.739809817251633,1,47768.991303313334
2023-04-24T00:00:00.000000,1297398.0981725163,297398.09817251633,29.739809817251633,1,47768.991303313334
2023-04-25T00:00:00.000000,1285143.196211732,285143.196211732,28.5143196211732,1,47768.991303313334
2023-04-26T00:00:00.000000,1275339.2746431048,275339.27464310476,27.533927464310477,1,47768.991303313334
2023-04-27T00:00:00.000000,1308019.013205196,308019.013205196,30.801901320519605,1,47768.991303313334
2023-04-28T00:00:00.000000,1301483.0654927779,301483.06549277785,30.148306549277788,1,47768.991303313334
2023-04-29T00:00:00.000000,1305568.0328130391,305568.03281303914,30.556803281303914,1,47768.991303313334
2023-04-30T00:00:00.000000,1310169.993597353,310169.9935973531,31.01699935973531,2,48068.991303313334
2023-05-01T00:00:00.000000,1245473.4788470007,245473.47884700075,24.547347884700073,3,48663.73135914027
2023-05-02T00:00:00.000000,1233256.823230561,233256.8232305611,23.32568232305611,2,49262.69703254952
2023-05-03T00:00:00.000000,1195501.5550626877,195501.55506268772,19.55015550626877,1,49556.36051192728
2023-05-04T00:00:00.000000,1228181.2936247792,228181.2936247792,22.818129362477922,1,49556.36051192728
2023-05-05T00:00:00.000000,1244221.1629058248,244221.16290582484,24.422116290582483,2,49856.36051192728
2023-05-06T00:00:00.000000,1144700.0343446084,144700.03434460843,14.470003434460843,1,50134.43073167975
2023-05-07T00:00:00.000000,1099765.3938217326,99765.3938217326,9.97653938217326,1,50134.43073167975
2023-05-08T00:00:00.000000,1003060.1650635628,3060.165063562803,0.3060165063562803,2,50434.43073167975
2023-05-09T00:00:00.000000,939940.9991203607,-60059.000879639294,-6.005900087963929,2,51029.644134152826
2023-05-10T00:00:00.000000,1013444.615870445,13444.615870445035,1.3444615870445036,1,51334.62985214815
2023-05-11T00:00:00.000000,1009359.6485501837,9359.648550183745,0.9359648550183746,1,51334.62985214815
2023-05-12T00:00:00.000000,984549.844628615,-15450.155371385044,-1.5450155371385044,2,51634.62985214815
2023-05-13T00:00:00.000000,998867.7716762598,-1132.2283237401862,-0.11322283237401862,1,51934.60345763821
2023-05-14T00:00:00.000000,990697.837035737,-9302.162964263,-0.9302162964263,1,51934.60345763821
2023-05-15T00:00:00.000000,1007037.7063167829,7037.70631678286,0.703770631678286,1,51934.60345763821
2023-05-16T00:00:00.000000,1046253.3925912925,46253.392591292504,4.625339259129251,1,51934.60345763821
2023-05-17T00:00:00.000000,1069129.2095847568,69129.20958475675,6.9129209584756754,1,51934.60345763821
2023-05-18T00:00:00.000000,1058208.2945520768,58208.29455207684,5.820829455207685,2,52234.60345763821
2023-05-19T00:00:00.000000,1098717.2064679698,98717.20646796981,9.87172064679698,1,52540.4753437592
2023-05-20T00:00:00.000000,1094332.2391477085,94332.23914770852,9.433223914770853,2,52840.4753437592
2023-05-21T00:00:00.000000,1089568.8404548978,89568.84045489784,8.956884045489783,1,53141.83280982255
2023-05-22T00:00:00.000000,1059340.0822849635,59340.08228496346,5.934008228496346,1,53141.83280982255
2023-05-23T00:00:00.000000,1105091.7162718917,105091.71627189172,10.509171627189172,1,53141.83280982255
2023-05-24T00:00:00.000000,1103974.7228078393,103974.72280783928,10.397472280783928,2,53441.83280982255
2023-05-25T00:00:00.000000,1058307.6655441178,58307.6655441178,5.83076655441178,1,53736.79961405725
2023-05-26T00:00:00.000000,1089353.417178105,89353.4171781051,8.935341717810509,1,53736.79961405725
2023-05-27T00:00:00.000000,1060758.645936275,60758.6459362749,6.0758645936274895,1,53736.79961405725
2023-05-28T00:00:00.000000,1047686.7505114382,47686.75051143824,4.768675051143824,1,53736.79961405725
2023-05-29T00:00:00.000000,1061275.6394003273,61275.639400327345,6.127563940032735,2,54036.79961405725
2023-05-30T00:00:00.000000,1037307.7378809411,37307.73788094113,3.730773788094113,1,54335.33605943701
2023-05-31T00:00:00.000000,1000543.0319985882,543.0319985882379,0.05430319985882379,1,54335.33605943701
2023-06-01T00:00:00.000000,1012797.9339593725,12797.933959372458,1.2797933959372458,1,54335.33605943701
2023-06-02T00:00:00.000000,1031288.7836325751,31288.78363257507,3.128878363257507,3,54635.33605943701
2023-06-03T00:00:00.000000,1043315.6302602566,43315.630260256585,4.331563026025659,1,54940.2610811279
2023-06-04T00:00:00.000000,1037596.6760118906,37596.67601189064,3.7596676011890637,1,54940.2610811279
2023-06-05T00:00:00.000000,1029126.7413713676,29126.741371367592,2.9126741371367593,3,55240.2610811279
2023-06-06T00:00:00.000000,1018648.9099374313,18648.909937431337,1.8648909937431335,1,55557.065714264136
2023-06-07T00:00:00.000000,1003126.0341204378,3126.0341204378055,0.31260341204378056,1,55557.065714264136
2023-06-08T00:00:00.000000,974531.2628786077,-25468.737121392274,-2.5468737121392273,1,55557.065714264136
2023-06-09T00:00:00.000000,997407.0798720719,-2592.9201279281406,-0.25929201279281405,1,55557.065714264136
2023-06-10T00:00:00.000000,957374.4001335098,-42625.59986649023,-4.2625599866490225,1,55557.065714264136
2023-06-11T00:00:00.000000,836159.367453771,-163840.63254622906,-16.384063254622905,2,55857.065714264136
2023-06-12T00:00:00.000000,795037.9123544825,-204962.08764551755,-20.496208764551753,1,56140.157342477716
2023-06-13T00:00:00.000000,831802.6182368355,-168197.38176316454,-16.819738176316452,1,56140.157342477716
2023-06-14T00:00:00.000000,830168.6313087309,-169831.36869126908,-16.98313686912691,1,56140.157342477716
2023-06-15T00:00:00.000000,813011.7685636327,-186988.23143636726,-18.698823143636726,1,56140.157342477716
2023-06-16T00:00:00.000000,815162.7489557896,-184837.2510442104,-18.48372510442104,2,56440.157342477716
2023-06-17T00:00:00.000000,853468.2824362899,-146531.71756371006,-14.653171756371005,1,56747.57456102076
2023-06-18T00:00:00.000000,837128.4131552442,-162871.5868447558,-16.287158684475582,1,56747.57456102076
2023-06-19T00:00:00.000000,807716.6484493619,-192283.3515506381,-19.228335155063807,1,56747.57456102076
2023-06-20T00:00:00.000000,853468.2824362899,-146531.71756371006,-14.653171756371005,1,56747.57456102076
2023-06-21T00:00:00.000000,862455.2105408652,-137544.7894591348,-13.754478945913482,1,56747.57456102076
2023-06-22T00:00:00.000000,900036.9098872703,-99963.0901127297,-9.996309011272968,1,56747.57456102076
2023-06-23T00:00:00.000000,924546.7138088391,-75453.2861911609,-7.54532861911609,1,56747.57456102076
2023-06-24T00:00:00.000000,955592.4654428259,-44407.534557174076,-4.440753455717408,1,56747.57456102076
2023-06-25T00:00:00.000000,987455.2105408652,-12544.789459134801,-1.2544789459134802,1,56747.57456102076
2023-06-26T00:00:00.000000,989906.190933022,-10093.80906697805,-1.009380906697805,1,56747.57456102076
2023-06-27T00:00:00.000000,978168.28243629,-21831.717563709943,-2.1831717563709945,2,57047.57456102076
2023-06-28T00:00:00.000000,862745.0765004244,-137254.92349957558,-13.725492349957557,1,57331.90544752556
2023-06-29T00:00:00.000000,864079.0634285288,-135920.93657147116,-13.592093657147117,2,57631.90544752556
2023-06-30T00:00:00.000000,943462.4111371137,-56537.5888628863,-5.653758886288631,1,57952.14005163113
2023-07-01T00:00:00.000000,1008821.8882612966,8821.888261296554,0.8821888261296553,1,57952.14005163113
2023-07-02T00:00:00.000000,995449.99283646,-4550.0071635399945,-0.45500071635399947,2,58252.14005163113
2023-07-03T00:00:00.000000,1072902.4691750165,72902.46917501651,7.290246917501651,2,58852.516691838486
2023-07-04T00:00:00.000000,1135950.2115204942,135950.2115204942,13.59502115204942,2,59479.462235460116
2023-07-05T00:00:00.000000,1048828.7378542074,48828.7378542074,4.88287378542074,1,59767.137586161516
2023-07-06T00:00:00.000000,1031671.8751091092,31671.875109109213,3.167187510910921,1,59767.137586161516
2023-07-07T00:00:00.000000,1013698.0188999589,13698.01889995893,1.369801889995893,1,59767.137586161516
2023-07-08T00:00:00.000000,1018599.9796842727,18599.979684272665,1.8599979684272665,1,59767.137586161516
2023-07-09T00:00:00.000000,1023501.9404685863,23501.940468586283,2.350194046858628,1,59767.137586161516
2023-07-10T00:00:00.000000,996541.1561548609,-3458.843845139141,-0.3458843845139141,1,59767.137586161516
2023-07-11T00:00:00.000000,1006862.0711875408,6862.071187540772,0.6862071187540772,2,60067.137586161516
2023-07-12T00:00:00.000000,1014685.9814127877,14685.981412787689,1.4685981412787688,1,60365.897916740025
2023-07-13T00:00:00.000000,1059620.6219356633,59620.62193566328,5.962062193566328,1,60365.897916740025
2023-07-14T00:00:00.000000,1073509.5108245523,73509.51082455227,7.350951082455228,1,60365.897916740025
2023-07-15T00:00:00.000000,1049816.700367036,49816.70036703604,4.981670036703605,1,60365.897916740025
2023-07-16T00:00:00.000000,1025306.8964454674,25306.89644546737,2.530689644546737,1,60365.897916740025
2023-07-17T00:00:00.000000,1042463.7591905654,42463.75919056544,4.246375919056544,1,60365.897916740025
2023-07-18T00:00:00.000000,1018770.948733049,18770.94873304898,1.8770948733048978,1,60365.897916740025
2023-07-19T00:00:00.000000,1009784.020628474,9784.020628473954,0.9784020628473954,1,60365.897916740025
2023-07-20T00:00:00.000000,1097202.3212820687,97202.32128206873,9.720232128206874,1,60365.897916740025
2023-07-21T00:00:00.000000,1066973.563112134,66973.56311213411,6.697356311213411,1,60365.897916740025
2023-07-22T00:00:00.000000,1098836.3082101732,98836.30821017316,9.883630821017315,1,60365.897916740025
2023-07-23T00:00:00.000000,1098019.314746121,98019.31474612094,9.801931474612093,1,60365.897916740025
2023-07-24T00:00:00.000000,1115993.1709552715,115993.17095527146,11.599317095527146,1,60365.897916740025
2023-07-25T00:00:00.000000,1116810.1644193237,116810.16441932367,11.681016441932366,1,60365.897916740025
2023-07-26T00:00:00.000000,1156842.8441578858,156842.84415788576,15.684284415788577,1,60365.897916740025
2023-07-27T00:00:00.000000,1209947.4193212842,209947.41932128416,20.994741932128417,1,60365.897916740025
2023-07-28T00:00:00.000000,1182986.6350075589,182986.63500755886,18.298663500755886,1,60365.897916740025
2023-07-29T00:00:00.000000,1182169.6415435066,182169.64154350664,18.216964154350666,1,60365.897916740025
2023-07-30T00:00:00.000000,1172365.7199748792,172365.71997487918,17.236571997487918,1,60365.897916740025
2023-07-31T00:00:00.000000,1138051.994484683,138051.99448468303,13.805199448468302,1,60365.897916740025
2023-08-01T00:00:00.000000,1178084.6742232451,178084.67422324512,17.80846742232451,1,60365.897916740025
2023-08-02T00:00:00.000000,1161744.8049421995,161744.8049421995,16.17448049421995,1,60365.897916740025
2023-08-03T00:00:00.000000,1138051.994484683,138051.99448468303,13.805199448468302,1,60365.897916740025
2023-08-04T00:00:00.000000,1129065.0663801078,129065.06638010778,12.906506638010779,1,60365.897916740025
2023-08-05T00:00:00.000000,1119778.1382755328,119778.13827553275,11.977813827553275,3,60665.897916740025
2023-08-06T00:00:00.000000,1165222.856577556,165222.85657755611,16.52228565775561,1,60968.837900500264
2023-08-07T00:00:00.000000,1122739.1964468374,122739.19644683739,12.27391964468374,1,60968.837900500264
2023-08-08T00:00:00.000000,1130092.1376233078,130092.13762330776,13.009213762330777,1,60968.837900500264
2023-08-09T00:00:00.000000,1100680.3729174256,100680.37291742559,10.068037291742558,1,60968.837900500264
2023-08-10T00:00:00.000000,1094961.4186690594,94961.4186690594,9.49614186690594,1,60968.837900500264
2023-08-11T00:00:00.000000,1096595.405597164,96595.40559716406,9.659540559716406,1,60968.837900500264
2023-08-12T00:00:00.000000,1107216.320629844,107216.32062984398,10.721632062984398,1,60968.837900500264
2023-08-13T00:00:00.000000,1115386.2552703668,115386.25527036679,11.538625527036679,1,60968.837900500264
2023-08-14T00:00:00.000000,1251007.1703030465,251007.17030304647,25.100717030304647,1,60968.837900500264
2023-08-15T00:00:00.000000,1239569.2618063143,239569.26180631435,23.956926180631434,1,60968.837900500264
2023-08-16T00:00:00.000000,1103948.3467736347,103948.34677363466,10.394834677363466,1,60968.837900500264
2023-08-17T00:00:00.000000,1101197.366381478,101197.36638147803,10.119736638147803,2,61268.837900500264
2023-08-18T00:00:00.000000,946766.0542697251,-53233.94573027489,-5.323394573027489,1,61553.966594494545
2023-08-19T00:00:00.000000,941047.1000213592,-58952.89997864084,-5.895289997864084,1,61553.966594494545
2023-08-20T00:00:00.000000,941864.0934854114,-58135.90651458863,-5.813590651458863,1,61553.966594494545
2023-08-21T00:00:00.000000,935028.1457729932,-64971.854227006785,-6.497185422700678,2,61853.966594494545
2023-08-22T00:00:00.000000,889975.9035678256,-110024.09643217444,-11.002409643217444,1,62146.421011099155
2023-08-23T00:00:00.000000,891609.8904959301,-108390.1095040699,-10.839010950406989,1,62146.421011099155
2023-08-24T00:00:00.000000,901413.8120645576,-98586.18793544243,-9.858618793544244,1,62146.421011099155
2023-08-25T00:00:00.000000,877721.0016070412,-122278.99839295878,-12.227899839295878,1,62146.421011099155
2023-08-26T00:00:00.000000,992917.0800384138,-7082.919961586245,-0.7082919961586246,1,62146.421011099155
2023-08-27T00:00:00.000000,1049002.6192541001,49002.61925410014,4.900261925410013,0,62433.43081502072
2023-08-28T00:00:00.000000,1049002.6192541001,49002.61925410014,4.900261925410013,0,62433.43081502072
2023-08-29T00:00:00.000000,1049002.6192541001,49002.61925410014,4.900261925410013,0,62433.43081502072
2023-08-30T00:00:00.000000,1049002.6192541001,49002.61925410014,4.900261925410013,0,62433.43081502072
2023-08-31T00:00:00.000000,1049002.6192541001,49002.61925410014,4.900261925410013,0,62433.43081502072
2023-09-01T00:00:00.000000,1048702.6192541001,48702.61925410014,4.870261925410014,1,62733.43081502072
2023-09-02T00:00:00.000000,1053659.4279576358,53659.42795763584,5.365942795763584,0,63035.00833088654
2023-09-03T00:00:00.000000,1053659.4279576358,53659.42795763584,5.365942795763584,0,63035.00833088654
2023-09-04T00:00:00.000000,1053659.4279576358,53659.42795763584,5.365942795763584,0,63035.00833088654
2023-09-05T00:00:00.000000,1053659.4279576358,53659.42795763584,5.365942795763584,0,63035.00833088654
2023-09-06T00:00:00.000000,1053659.4279576358,53659.42795763584,5.365942795763584,0,63035.00833088654
2023-09-07T00:00:00.000000,1053659.4279576358,53659.42795763584,5.365942795763584,0,63035.00833088654
2023-09-08T00:00:00.000000,1053659.4279576358,53659.42795763584,5.365942795763584,0,63035.00833088654
2023-09-09T00:00:00.000000,1053659.4279576358,53659.42795763584,5.365942795763584,0,63035.00833088654
2023-09-10T00:00:00.000000,1053659.4279576358,53659.42795763584,5.365942795763584,0,63035.00833088654
2023-09-11T00:00:00.000000,1053359.4279576358,53359.42795763584,5.335942795763584,1,63335.00833088654
2023-09-12T00:00:00.000000,1034814.8045722977,34814.804572297726,3.4814804572297726,1,63929.62332837019
2023-09-13T00:00:00.000000,1106023.9959976454,106023.99599764543,10.602399599764542,0,64251.082523556346
2023-09-14T00:00:00.000000,1106023.9959976454,106023.99599764543,10.602399599764542,0,64251.082523556346
2023-09-15T00:00:00.000000,1106023.9959976454,106023.99599764543,10.602399599764542,0,64251.082523556346
2023-09-16T00:00:00.000000,1106023.9959976454,106023.99599764543,10.602399599764542,0,64251.082523556346
2023-09-17T00:00:00.000000,1105723.9959976454,105723.99599764543,10.572399599764543,1,64551.082523556346
2023-09-18T00:00:00.000000,1123049.3038334665,123049.30383346649,12.30493038334665,0,64856.37170266082
2023-09-19T00:00:00.000000,1123049.3038334665,123049.30383346649,12.30493038334665,0,64856.37170266082
2023-09-20T00:00:00.000000,1123049.3038334665,123049.30383346649,12.30493038334665,0,64856.37170266082
2023-09-21T00:00:00.000000,1123049.3038334665,123049.30383346649,12.30493038334665,0,64856.37170266082
2023-09-22T00:00:00.000000,1123049.3038334665,123049.30383346649,12.30493038334665,0,64856.37170266082
2023-09-23T00:00:00.000000,1122749.3038334665,122749.30383346649,12.27493038334665,3,65156.37170266082
2023-09-24T00:00:00.000000,1125174.1815004314,125174.18150043138,12.517418150043138,0,65457.189411273495
2023-09-25T00:00:00.000000,1125174.1815004314,125174.18150043138,12.517418150043138,0,65457.189411273495
2023-09-26T00:00:00.000000,1125174.1815004314,125174.18150043138,12.517418150043138,0,65457.189411273495
2023-09-27T00:00:00.000000,1125174.1815004314,125174.18150043138,12.517418150043138,0,65457.189411273495
2023-09-28T00:00:00.000000,1125174.1815004314,125174.18150043138,12.517418150043138,0,65457.189411273495
2023-09-29T00:00:00.000000,1125174.1815004314,125174.18150043138,12.517418150043138,0,65457.189411273495
2023-09-30T00:00:00.000000,1124874.1815004314,124874.18150043138,12.487418150043137,1,65757.18941127349
2023-10-01T00:00:00.000000,1131157.7021595011,131157.70215950115,13.115770215950114,0,66059.16506016588
2023-10-02T00:00:00.000000,1131157.7021595011,131157.70215950115,13.115770215950114,0,66059.16506016588
2023-10-03T00:00:00.000000,1131157.7021595011,131157.70215950115,13.115770215950114,0,66059.16506016588
2023-10-04T00:00:00.000000,1131157.7021595011,131157.70215950115,13.115770215950114,0,66059.16506016588
2023-10-05T00:00:00.000000,1131157.7021595011,131157.70215950115,13.115770215950114,0,66059.16506016588
2023-10-06T00:00:00.000000,1131157.7021595011,131157.70215950115,13.115770215950114,0,66059.16506016588
2023-10-07T00:00:00.000000,1131157.7021595011,131157.70215950115,13.115770215950114,0,66059.16506016588
2023-10-08T00:00:00.000000,1131157.7021595011,131157.70215950115,13.115770215950114,0,66059.16506016588
2023-10-09T00:00:00.000000,1131157.7021595011,131157.70215950115,13.115770215950114,0,66059.16506016588
2023-10-10T00:00:00.000000,1131157.7021595011,131157.70215950115,13.115770215950114,0,66059.16506016588
2023-10-11T00:00:00.000000,1131157.7021595011,131157.70215950115,13.115770215950114,0,66059.16506016588
2023-10-12T00:00:00.000000,1131157.7021595011,131157.70215950115,13.115770215950114,0,66059.16506016588
2023-10-13T00:00:00.000000,1131157.7021595011,131157.70215950115,13.115770215950114,0,66059.16506016588
2023-10-14T00:00:00.000000,1131157.7021595011,131157.70215950115,13.115770215950114,0,66059.16506016588
2023-10-15T00:00:00.000000,1131157.7021595011,131157.70215950115,13.115770215950114,0,66059.16506016588
2023-10-16T00:00:00.000000,1131157.7021595011,131157.70215950115,13.115770215950114,0,66059.16506016588
2023-10-17T00:00:00.000000,1131157.7021595011,131157.70215950115,13.115770215950114,0,66059.16506016588
2023-10-18T00:00:00.000000,1131157.7021595011,131157.70215950115,13.115770215950114,0,66059.16506016588
2023-10-19T00:00:00.000000,1131157.7021595011,131157.70215950115,13.115770215950114,0,66059.16506016588
2023-10-20T00:00:00.000000,1131157.7021595011,131157.70215950115,13.115770215950114,0,66059.16506016588
2023-10-21T00:00:00.000000,1130857.7021595011,130857.70215950115,13.085770215950115,1,66359.16506016588
2023-10-22T00:00:00.000000,1118396.7470642696,118396.74706426961,11.839674706426962,0,66655.5156788229
2023-10-23T00:00:00.000000,1118396.7470642696,118396.74706426961,11.839674706426962,0,66655.5156788229
2023-10-24T00:00:00.000000,1118096.7470642696,118096.74706426961,11.809674706426962,1,66955.5156788229
2023-10-25T00:00:00.000000,1086225.7897824422,86225.78978244215,8.622578978244215,0,67246.04154939954
2023-10-26T00:00:00.000000,1086225.7897824422,86225.78978244215,8.622578978244215,0,67246.04154939954
2023-10-27T00:00:00.000000,1085925.7897824422,85925.78978244215,8.592578978244216,1,67546.04154939954
2023-10-28T00:00:00.000000,1059039.3114366266,59039.311436626595,5.90393114366266,2,68138.15323940279
2023-10-29T00:00:00.000000,1077630.2111919746,77630.21119197458,7.763021119197458,0,68443.82221002057
2023-10-30T00:00:00.000000,1077630.2111919746,77630.21119197458,7.763021119197458,0,68443.82221002057
2023-10-31T00:00:00.000000,1077630.2111919746,77630.21119197458,7.763021119197458,0,68443.82221002057
2023-11-01T00:00:00.000000,1077630.2111919746,77630.21119197458,7.763021119197458,0,68443.82221002057
2023-11-02T00:00:00.000000,1077630.2111919746,77630.21119197458,7.763021119197458,0,68443.82221002057
2023-11-03T00:00:00.000000,1077630.2111919746,77630.21119197458,7.763021119197458,0,68443.82221002057
2023-11-04T00:00:00.000000,1077330.2111919746,77330.21119197458,7.733021119197458,1,68743.82221002057
2023-11-05T00:00:00.000000,1108658.9745551646,108658.97455516458,10.865897455516457,0,69053.31368647247
2023-11-06T00:00:00.000000,1108658.9745551646,108658.97455516458,10.865897455516457,0,69053.31368647247
2023-11-07T00:00:00.000000,1108658.9745551646,108658.97455516458,10.865897455516457,0,69053.31368647247
2023-11-08T00:00:00.000000,1108658.9745551646,108658.97455516458,10.865897455516457,0,69053.31368647247
2023-11-09T00:00:00.000000,1108658.9745551646,108658.97455516458,10.865897455516457,0,69053.31368647247
2023-11-10T00:00:00.000000,1108358.9745551646,108358.97455516458,10.835897455516458,1,69353.31368647247
2023-11-11T00:00:00.000000,1220203.2627801206,220203.2627801206,22.02032627801206,2,69987.0570959628
2023-11-12T00:00:00.000000,1229170.7979383105,229170.79793831054,22.917079793831054,0,70289.83819083872
2023-11-13T00:00:00.000000,1229170.7979383105,229170.79793831054,22.917079793831054,0,70289.83819083872
2023-11-14T00:00:00.000000,1229170.7979383105,229170.79793831054,22.917079793831054,0,70289.83819083872
2023-11-15T00:00:00.000000,1228870.7979383105,228870.79793831054,22.887079793831056,1,70589.83819083872
2023-11-16T00:00:00.000000,1172780.2113786833,172780.21137868334,17.278021137868333,0,70873.09599221125
2023-11-17T00:00:00.000000,1172780.2113786833,172780.21137868334,17.278021137868333,0,70873.09599221125
2023-11-18T00:00:00.000000,1172780.2113786833,172780.21137868334,17.278021137868333,0,70873.09599221125
2023-11-19T00:00:00.000000,1172780.2113786833,172780.21137868334,17.278021137868333,0,70873.09599221125
2023-11-20T00:00:00.000000,1172780.2113786833,172780.21137868334,17.278021137868333,0,70873.09599221125
2023-11-21T00:00:00.000000,1172780.2113786833,172780.21137868334,17.278021137868333,0,70873.09599221125
2023-11-22T00:00:00.000000,1172780.2113786833,172780.21137868334,17.278021137868333,0,70873.09599221125
2023-11-23T00:00:00.000000,1172480.2113786833,172480.21137868334,17.24802113786833,1,71173.09599221125
2023-11-24T00:00:00.000000,1293315.3059485431,293315.30594854313,29.33153059485431,0,71509.44742601235
2023-11-25T00:00:00.000000,1293315.3059485431,293315.30594854313,29.33153059485431,0,71509.44742601235
2023-11-26T00:00:00.000000,1293315.3059485431,293315.30594854313,29.33153059485431,0,71509.44742601235
2023-11-27T00:00:00.000000,1293315.3059485431,293315.30594854313,29.33153059485431,0,71509.44742601235
2023-11-28T00:00:00.000000,1293315.3059485431,293315.30594854313,29.33153059485431,0,71509.44742601235
2023-11-29T00:00:00.000000,1293015.3059485431,293015.30594854313,29.301530594854313,1,71809.44742601235
2023-11-30T00:00:00.000000,1290311.7814877331,290311.7814877331,29.03117814877331,1,72408.81617930009
2023-12-01T00:00:00.000000,1318452.926994689,318452.92699468904,31.845292699468903,0,72717.35108342342
2023-12-02T00:00:00.000000,1318452.926994689,318452.92699468904,31.845292699468903,0,72717.35108342342
2023-12-03T00:00:00.000000,1318452.926994689,318452.92699468904,31.845292699468903,0,72717.35108342342
2023-12-04T00:00:00.000000,1318452.926994689,318452.92699468904,31.845292699468903,0,72717.35108342342
2023-12-05T00:00:00.000000,1318452.926994689,318452.92699468904,31.845292699468903,0,72717.35108342342
2023-12-06T00:00:00.000000,1318452.926994689,318452.92699468904,31.845292699468903,0,72717.35108342342
2023-12-07T00:00:00.000000,1318452.926994689,318452.92699468904,31.845292699468903,0,72717.35108342342
2023-12-08T00:00:00.000000,1318452.926994689,318452.92699468904,31.845292699468903,0,72717.35108342342
2023-12-09T00:00:00.000000,1318452.926994689,318452.92699468904,31.845292699468903,0,72717.35108342342
2023-12-10T00:00:00.000000,1318452.926994689,318452.92699468904,31.845292699468903,0,72717.35108342342
2023-12-11T00:00:00.000000,1318452.926994689,318452.92699468904,31.845292699468903,0,72717.35108342342
2023-12-12T00:00:00.000000,1318452.926994689,318452.92699468904,31.845292699468903,0,72717.35108342342
2023-12-13T00:00:00.000000,1318452.926994689,318452.92699468904,31.845292699468903,0,72717.35108342342
2023-12-14T00:00:00.000000,1318452.926994689,318452.92699468904,31.845292699468903,0,72717.35108342342
2023-12-15T00:00:00.000000,1318452.926994689,318452.92699468904,31.845292699468903,0,72717.35108342342
2023-12-16T00:00:00.000000,1318452.926994689,318452.92699468904,31.845292699468903,0,72717.35108342342
2023-12-17T00:00:00.000000,1318452.926994689,318452.92699468904,31.845292699468903,0,72717.35108342342
2023-12-18T00:00:00.000000,1318452.926994689,318452.92699468904,31.845292699468903,0,72717.35108342342
2023-12-19T00:00:00.000000,1318452.926994689,318452.92699468904,31.845292699468903,0,72717.35108342342
2023-12-20T00:00:00.000000,1318452.926994689,318452.92699468904,31.845292699468903,0,72717.35108342342
2023-12-21T00:00:00.000000,1318152.926994689,318152.92699468904,31.815292699468905,1,73017.35108342342
2023-12-22T00:00:00.000000,1343491.5488577262,343491.54885772616,34.34915488577261,1,73625.13500515885
2023-12-23T00:00:00.000000,1354230.4678813606,354230.46788136056,35.423046788136055,0,73928.4476746668
2023-12-24T00:00:00.000000,1354230.4678813606,354230.46788136056,35.423046788136055,0,73928.4476746668
2023-12-25T00:00:00.000000,1354230.4678813606,354230.46788136056,35.423046788136055,0,73928.4476746668
2023-12-26T00:00:00.000000,1354230.4678813606,354230.46788136056,35.423046788136055,0,73928.4476746668
2023-12-27T00:00:00.000000,1353930.4678813606,353930.46788136056,35.393046788136054,1,74228.4476746668
2023-12-28T00:00:00.000000,1300649.0918595623,300649.0918595623,30.064909185956235,0,74512.54849210549
2023-12-29T00:00:00.000000,1300649.0918595623,300649.0918595623,30.064909185956235,0,74512.54849210549
2023-12-30T00:00:00.000000,1300649.0918595623,300649.0918595623,30.064909185956235,0,74512.54849210549
2023-12-31T00:00:00.000000,1300649.0918595623,300649.0918595623,30.064909185956235,0,74512.54849210549
2024-01-01T00:00:00.000000,1300649.0918595623,300649.0918595623,30.064909185956235,0,74512.54849210549
2024-01-02T00:00:00.000000,1300649.0918595623,300649.0918595623,30.064909185956235,0,74512.54849210549
2024-01-03T00:00:00.000000,1300649.0918595623,300649.0918595623,30.064909185956235,0,74512.54849210549
2024-01-04T00:00:00.000000,1300649.0918595623,300649.0918595623,30.064909185956235,0,74512.54849210549
2024-01-05T00:00:00.000000,1300649.0918595623,300649.0918595623,30.064909185956235,0,74512.54849210549
2024-01-06T00:00:00.000000,1300649.0918595623,300649.0918595623,30.064909185956235,0,74512.54849210549
2024-01-07T00:00:00.000000,1300649.0918595623,300649.0918595623,30.064909185956235,0,74512.54849210549
2024-01-08T00:00:00.000000,1300649.0918595623,300649.0918595623,30.064909185956235,0,74512.54849210549
2024-01-09T00:00:00.000000,1300649.0918595623,300649.0918595623,30.064909185956235,0,74512.54849210549
2024-01-10T00:00:00.000000,1300349.0918595623,300349.0918595623,30.03490918595623,1,74812.54849210549
2024-01-11T00:00:00.000000,1346985.9398459154,346985.9398459154,34.69859398459154,0,75126.63377208539
2024-01-12T00:00:00.000000,1346985.9398459154,346985.9398459154,34.69859398459154,0,75126.63377208539
2024-01-13T00:00:00.000000,1346685.9398459154,346685.9398459154,34.66859398459154,1,75426.63377208539
2024-01-14T00:00:00.000000,1356719.7308168493,356719.7308168493,35.671973081684925,1,76029.82486670506
2024-01-15T00:00:00.000000,1485627.413880461,485627.4138804609,48.562741388046085,1,76668.68883081338
2024-01-16T00:00:00.000000,1434716.7323783746,434716.73237837455,43.47167323783746,0,76953.50107003452
2024-01-17T00:00:00.000000,1434716.7323783746,434716.73237837455,43.47167323783746,0,76953.50107003452
2024-01-18T00:00:00.000000,1434416.7323783748,434416.7323783748,43.44167323783748,3,77253.50107003452
2024-01-19T00:00:00.000000,1384799.5366450688,384799.5366450688,38.47995366450688,0,77538.70147143494
2024-01-20T00:00:00.000000,1384799.5366450688,384799.5366450688,38.47995366450688,0,77538.70147143494
2024-01-21T00:00:00.000000,1384799.5366450688,384799.5366450688,38.47995366450688,0,77538.70147143494
2024-01-22T00:00:00.000000,1384499.5366450688,384499.5366450688,38.44995366450688,1,77838.70147143494
2024-01-23T00:00:00.000000,1417611.5253381184,417611.52533811843,41.76115253381184,0,78148.72807602423
2024-01-24T00:00:00.000000,1417611.5253381184,417611.52533811843,41.76115253381184,0,78148.72807602423
2024-01-25T00:00:00.000000,1417611.5253381184,417611.52533811843,41.76115253381184,0,78148.72807602423
2024-01-26T00:00:00.000000,1417611.5253381184,417611.52533811843,41.76115253381184,0,78148.72807602423
2024-01-27T00:00:00.000000,1417611.5253381184,417611.52533811843,41.76115253381184,0,78148.72807602423
2024-01-28T00:00:00.000000,1417611.5253381184,417611.52533811843,41.76115253381184,0,78148.72807602423
2024-01-29T00:00:00.000000,1417611.5253381184,417611.52533811843,41.76115253381184,0,78148.72807602423
2024-01-30T00:00:00.000000,1417311.5253381184,417311.52533811843,41.731152533811844,1,78448.72807602423
2024-01-31T00:00:00.000000,1361029.8629559418,361029.8629559418,36.10298629559418,1,79032.0185644561
2024-02-01T00:00:00.000000,1315228.874656874,315228.874656874,31.5228874656874,0,79318.36417164853
2024-02-02T00:00:00.000000,1315228.874656874,315228.874656874,31.5228874656874,0,79318.36417164853
2024-02-03T00:00:00.000000,1315228.874656874,315228.874656874,31.5228874656874,0,79318.36417164853
2024-02-04T00:00:00.000000,1314928.874656874,314928.874656874,31.492887465687396,1,79618.36417164853
2024-02-05T00:00:00.000000,1290637.8852975804,290637.8852975804,29.06378852975804,0,79911.16471500375
2024-02-06T00:00:00.000000,1290637.8852975804,290637.8852975804,29.06378852975804,0,79911.16471500375
2024-02-07T00:00:00.000000,1290337.8852975804,290337.8852975804,29.033788529758038,1,80211.16471500375
2024-02-08T00:00:00.000000,1365324.76803447,365324.76803447003,36.532476803447004,0,80533.75755767761
2024-02-09T00:00:00.000000,1365324.76803447,365324.76803447003,36.532476803447004,0,80533.75755767761
2024-02-10T00:00:00.000000,1365324.76803447,365324.76803447003,36.532476803447004,0,80533.75755767761
2024-02-11T00:00:00.000000,1365324.76803447,365324.76803447003,36.532476803447004,0,80533.75755767761
2024-02-12T00:00:00.000000,1365324.76803447,365324.76803447003,36.532476803447004,0,80533.75755767761
2024-02-13T00:00:00.000000,1365324.76803447,365324.76803447003,36.532476803447004,0,80533.75755767761
2024-02-14T00:00:00.000000,1365024.76803447,365024.76803447003,36.502476803447,1,80833.75755767761
2024-02-15T00:00:00.000000,1449319.1648326402,449319.1648326402,44.931916483264025,0,81159.14349249752
2024-02-16T00:00:00.000000,1449319.1648326402,449319.1648326402,44.931916483264025,0,81159.14349249752
2024-02-17T00:00:00.000000,1449319.1648326402,449319.1648326402,44.931916483264025,0,81159.14349249752
2024-02-18T00:00:00.000000,1449319.1648326402,449319.1648326402,44.931916483264025,0,81159.14349249752
2024-02-19T00:00:00.000000,1449319.1648326402,449319.1648326402,44.931916483264025,0,81159.14349249752
2024-02-20T00:00:00.000000,1449319.1648326402,449319.1648326402,44.931916483264025,0,81159.14349249752
2024-02-21T00:00:00.000000,1449319.1648326402,449319.1648326402,44.931916483264025,0,81159.14349249752
2024-02-22T00:00:00.000000,1449319.1648326402,449319.1648326402,44.931916483264025,0,81159.14349249752
2024-02-23T00:00:00.000000,1449319.1648326402,449319.1648326402,44.931916483264025,0,81159.14349249752
2024-02-24T00:00:00.000000,1449319.1648326402,449319.1648326402,44.931916483264025,0,81159.14349249752
2024-02-25T00:00:00.000000,1449319.1648326402,449319.1648326402,44.931916483264025,0,81159.14349249752
2024-02-26T00:00:00.000000,1449319.1648326402,449319.1648326402,44.931916483264025,0,81159.14349249752
2024-02-27T00:00:00.000000,1449319.1648326402,449319.1648326402,44.931916483264025,0,81159.14349249752
2024-02-28T00:00:00.000000,1449019.1648326402,449019.1648326402,44.90191648326402,1,81459.14349249752
2024-02-29T00:00:00.000000,1368301.8363538599,368301.83635385986,36.830183635385985,0,81735.0110542224
2024-03-01T00:00:00.000000,1368301.8363538599,368301.83635385986,36.830183635385985,0,81735.0110542224
2024-03-02T00:00:00.000000,1368301.8363538599,368301.83635385986,36.830183635385985,0,81735.0110542224
2024-03-03T00:00:00.000000,1368301.8363538599,368301.83635385986,36.830183635385985,0,81735.0110542224
2024-03-04T00:00:00.000000,1368301.8363538599,368301.83635385986,36.830183635385985,0,81735.0110542224
2024-03-05T00:00:00.000000,1368301.8363538599,368301.83635385986,36.830183635385985,0,81735.0110542224
2024-03-06T00:00:00.000000,1368301.8363538599,368301.83635385986,36.830183635385985,0,81735.0110542224
2024-03-07T00:00:00.000000,1368001.8363538599,368001.83635385986,36.800183635385984,1,82035.0110542224
2024-03-08T00:00:00.000000,1461559.7260167531,461559.7260167531,46.15597260167531,0,82363.17687086626
2024-03-09T00:00:00.000000,1461559.7260167531,461559.7260167531,46.15597260167531,0,82363.17687086626
2024-03-10T00:00:00.000000,1461259.7260167531,461259.7260167531,46.125972601675315,1,82663.17687086626
2024-03-11T00:00:00.000000,1428769.8393954379,428769.83939543786,42.876983939543784,0,82953.51700692068
2024-03-12T00:00:00.000000,1428769.8393954379,428769.83939543786,42.876983939543784,0,82953.51700692068
2024-03-13T00:00:00.000000,1428469.8393954379,428469.83939543786,42.84698393954379,1,83253.51700692068
2024-03-14T00:00:00.000000,1383890.9109266424,383890.91092664236,38.38909109266424,0,83540.2293420806
2024-03-15T00:00:00.000000,1383890.9109266424,383890.91092664236,38.38909109266424,0,83540.2293420806
2024-03-16T00:00:00.000000,1383890.9109266424,383890.91092664236,38.38909109266424,0,83540.2293420806
2024-03-17T00:00:00.000000,1383890.9109266424,383890.91092664236,38.38909109266424,0,83540.2293420806
2024-03-18T00:00:00.000000,1383890.9109266424,383890.91092664236,38.38909109266424,0,83540.2293420806
2024-03-19T00:00:00.000000,1383890.9109266424,383890.91092664236,38.38909109266424,0,83540.2293420806
2024-03-20T00:00:00.000000,1383590.9109266424,383590.91092664236,38.35909109266424,1,83840.2293420806
2024-03-21T00:00:00.000000,1447848.5614877555,447848.5614877555,44.784856148775546,1,84459.69247618916
2024-03-22T00:00:00.000000,1394446.4028072185,394446.4028072185,39.44464028072185,0,84743.75704795653
2024-03-23T00:00:00.000000,1394446.4028072185,394446.4028072185,39.44464028072185,0,84743.75704795653
2024-03-24T00:00:00.000000,1394446.4028072185,394446.4028072185,39.44464028072185,0,84743.75704795653
2024-03-25T00:00:00.000000,1394446.4028072185,394446.4028072185,39.44464028072185,0,84743.75704795653
2024-03-26T00:00:00.000000,1394446.4028072185,394446.4028072185,39.44464028072185,0,84743.75704795653
2024-03-27T00:00:00.000000,1394446.4028072185,394446.4028072185,39.44464028072185,0,84743.75704795653
2024-03-28T00:00:00.000000,1394146.4028072185,394146.4028072185,39.41464028072185,1,85043.75704795653
2024-03-29T00:00:00.000000,1380431.7586383396,380431.7586383396,38.04317586383396,0,85339.7314470256
2024-03-30T00:00:00.000000,1380131.7586383396,380131.7586383396,38.01317586383396,1,85639.7314470256
2024-03-31T00:00:00.000000,1362714.389568434,362714.3895684341,36.27143895684341,0,85934.5946952791
2024-04-01T00:00:00.000000,1362714.389568434,362714.3895684341,36.27143895684341,0,85934.5946952791
2024-04-02T00:00:00.000000,1362714.389568434,362714.3895684341,36.27143895684341,0,85934.5946952791
2024-04-03T00:00:00.000000,1362714.389568434,362714.3895684341,36.27143895684341,0,85934.5946952791
2024-04-04T00:00:00.000000,1362714.389568434,362714.3895684341,36.27143895684341,0,85934.5946952791
2024-04-05T00:00:00.000000,1362414.389568434,362414.3895684341,36.24143895684341,1,86234.5946952791
2024-04-06T00:00:00.000000,1382213.7378768092,382213.7378768092,38.22137378768092,0,86540.62630925581
2024-04-07T00:00:00.000000,1382213.7378768092,382213.7378768092,38.22137378768092,0,86540.62630925581
2024-04-08T00:00:00.000000,1382213.7378768092,382213.7378768092,38.22137378768092,0,86540.62630925581
2024-04-09T00:00:00.000000,1382213.7378768092,382213.7378768092,38.22137378768092,0,86540.62630925581
2024-04-10T00:00:00.000000,1381913.7378768092,381913.7378768092,38.191373787680924,1,86840.62630925581
2024-04-11T00:00:00.000000,1382926.504077209,382926.5040772089,38.29265040772089,0,87141.02025730033
2024-04-12T00:00:00.000000,1382926.504077209,382926.5040772089,38.29265040772089,0,87141.02025730033
2024-04-13T00:00:00.000000,1382926.504077209,382926.5040772089,38.29265040772089,0,87141.02025730033
2024-04-14T00:00:00.000000,1382926.504077209,382926.5040772089,38.29265040772089,0,87141.02025730033
2024-04-15T00:00:00.000000,1382926.504077209,382926.5040772089,38.29265040772089,0,87141.02025730033
2024-04-16T00:00:00.000000,1382926.504077209,382926.5040772089,38.29265040772089,0,87141.02025730033
2024-04-17T00:00:00.000000,1382626.504077209,382626.5040772089,38.26265040772089,1,87441.02025730033
2024-04-18T00:00:00.000000,1244372.8296409762,244372.82964097615,24.437282964097616,0,87699.6217354129
2024-04-19T00:00:00.000000,1244372.8296409762,244372.82964097615,24.437282964097616,0,87699.6217354129
2024-04-20T00:00:00.000000,1244372.8296409762,244372.82964097615,24.437282964097616,0,87699.6217354129
2024-04-21T00:00:00.000000,1244372.8296409762,244372.82964097615,24.437282964097616,0,87699.6217354129
2024-04-22T00:00:00.000000,1244372.8296409762,244372.82964097615,24.437282964097616,0,87699.6217354129
2024-04-23T00:00:00.000000,1244372.8296409762,244372.82964097615,24.437282964097616,0,87699.6217354129
2024-04-24T00:00:00.000000,1244072.8296409762,244072.82964097615,24.407282964097615,1,87999.6217354129
2024-04-25T00:00:00.000000,1230499.091285972,230499.09128597192,23.049909128597193,1,88595.72844591955
2024-04-26T00:00:00.000000,1208186.5860927855,208186.58609278547,20.818658609278547,0,88889.1227126416
2024-04-27T00:00:00.000000,1207886.5860927855,207886.58609278547,20.788658609278546,1,89189.1227126416
2024-04-28T00:00:00.000000,1255524.8338871403,255524.83388714027,25.552483388714027,0,89503.50850271694
2024-04-29T00:00:00.000000,1255524.8338871403,255524.83388714027,25.552483388714027,0,89503.50850271694
2024-04-30T00:00:00.000000,1255524.8338871403,255524.83388714027,25.552483388714027,0,89503.50850271694
2024-05-01T00:00:00.000000,1255524.8338871403,255524.83388714027,25.552483388714027,0,89503.50850271694
2024-05-02T00:00:00.000000,1255524.8338871403,255524.83388714027,25.552483388714027,0,89503.50850271694
2024-05-03T00:00:00.000000,1255524.8338871403,255524.83388714027,25.552483388714027,0,89503.50850271694
2024-05-04T00:00:00.000000,1255524.8338871403,255524.83388714027,25.552483388714027,0,89503.50850271694
2024-05-05T00:00:00.000000,1255524.8338871403,255524.83388714027,25.552483388714027,0,89503.50850271694
2024-05-06T00:00:00.000000,1255524.8338871403,255524.83388714027,25.552483388714027,0,89503.50850271694
2024-05-07T00:00:00.000000,1255524.8338871403,255524.83388714027,25.552483388714027,0,89503.50850271694
2024-05-08T00:00:00.000000,1255524.8338871403,255524.83388714027,25.552483388714027,0,89503.50850271694
2024-05-09T00:00:00.000000,1255224.8338871403,255224.83388714027,25.52248338871403,1,89803.50850271694
2024-05-10T00:00:00.000000,1269300.3881112265,269300.3881112265,26.930038811122646,0,90107.8224631723
2024-05-11T00:00:00.000000,1269300.3881112265,269300.3881112265,26.930038811122646,0,90107.8224631723
2024-05-12T00:00:00.000000,1269300.3881112265,269300.3881112265,26.930038811122646,0,90107.8224631723
2024-05-13T00:00:00.000000,1269300.3881112265,269300.3881112265,26.930038811122646,0,90107.8224631723
2024-05-14T00:00:00.000000,1269300.3881112265,269300.3881112265,26.930038811122646,0,90107.8224631723
2024-05-15T00:00:00.000000,1269300.3881112265,269300.3881112265,26.930038811122646,0,90107.8224631723
2024-05-16T00:00:00.000000,1269300.3881112265,269300.3881112265,26.930038811122646,0,90107.8224631723
2024-05-17T00:00:00.000000,1269300.3881112265,269300.3881112265,26.930038811122646,0,90107.8224631723
2024-05-18T00:00:00.000000,1269000.3881112265,269000.3881112265,26.900038811122652,1,90407.8224631723
2024-05-19T00:00:00.000000,1274141.0806446336,274141.0806446336,27.41410806446336,0,90709.45516074159
2024-05-20T00:00:00.000000,1273841.0806446336,273841.0806446336,27.384108064463362,1,91009.45516074159
2024-05-21T00:00:00.000000,1485043.3630476608,485043.3630476608,48.50433630476608,0,91372.92488638019
2024-05-22T00:00:00.000000,1485043.3630476608,485043.3630476608,48.50433630476608,0,91372.92488638019
2024-05-23T00:00:00.000000,1485043.3630476608,485043.3630476608,48.50433630476608,0,91372.92488638019
2024-05-24T00:00:00.000000,1485043.3630476608,485043.3630476608,48.50433630476608,0,91372.92488638019
2024-05-25T00:00:00.000000,1485043.3630476608,485043.3630476608,48.50433630476608,0,91372.92488638019
2024-05-26T00:00:00.000000,1485043.3630476608,485043.3630476608,48.50433630476608,0,91372.92488638019
2024-05-27T00:00:00.000000,1485043.3630476608,485043.3630476608,48.50433630476608,0,91372.92488638019
2024-05-28T00:00:00.000000,1485043.3630476608,485043.3630476608,48.50433630476608,0,91372.92488638019
2024-05-29T00:00:00.000000,1485043.3630476608,485043.3630476608,48.50433630476608,0,91372.92488638019
2024-05-30T00:00:00.000000,1485043.3630476608,485043.3630476608,48.50433630476608,0,91372.92488638019
2024-05-31T00:00:00.000000,1485043.3630476608,485043.3630476608,48.50433630476608,0,91372.92488638019
2024-06-01T00:00:00.000000,1485043.3630476608,485043.3630476608,48.50433630476608,0,91372.92488638019
2024-06-02T00:00:00.000000,1485043.3630476608,485043.3630476608,48.50433630476608,0,91372.92488638019
2024-06-03T00:00:00.000000,1485043.3630476608,485043.3630476608,48.50433630476608,0,91372.92488638019
2024-06-04T00:00:00.000000,1485043.3630476608,485043.3630476608,48.50433630476608,0,91372.92488638019
2024-06-05T00:00:00.000000,1485043.3630476608,485043.3630476608,48.50433630476608,0,91372.92488638019
2024-06-06T00:00:00.000000,1485043.3630476608,485043.3630476608,48.50433630476608,0,91372.92488638019
2024-06-07T00:00:00.000000,1485043.3630476608,485043.3630476608,48.50433630476608,0,91372.92488638019
2024-06-08T00:00:00.000000,1485043.3630476608,485043.3630476608,48.50433630476608,0,91372.92488638019
2024-06-09T00:00:00.000000,1484743.3630476608,484743.3630476608,48.474336304766084,1,91672.92488638019
2024-06-10T00:00:00.000000,1483317.5747593725,483317.5747593725,48.33175747593725,0,91972.58704854235
2024-06-11T00:00:00.000000,1483317.5747593725,483317.5747593725,48.33175747593725,0,91972.58704854235
2024-06-12T00:00:00.000000,1483317.5747593725,483317.5747593725,48.33175747593725,0,91972.58704854235
2024-06-13T00:00:00.000000,1483317.5747593725,483317.5747593725,48.33175747593725,0,91972.58704854235
2024-06-14T00:00:00.000000,1483317.5747593725,483317.5747593725,48.33175747593725,0,91972.58704854235
2024-06-15T00:00:00.000000,1483317.5747593725,483317.5747593725,48.33175747593725,0,91972.58704854235
2024-06-16T00:00:00.000000,1483317.5747593725,483317.5747593725,48.33175747593725,0,91972.58704854235
2024-06-17T00:00:00.000000,1483317.5747593725,483317.5747593725,48.33175747593725,0,91972.58704854235
2024-06-18T00:00:00.000000,1483317.5747593725,483317.5747593725,48.33175747593725,0,91972.58704854235
2024-06-19T00:00:00.000000,1483317.5747593725,483317.5747593725,48.33175747593725,0,91972.58704854235
2024-06-20T00:00:00.000000,1483317.5747593725,483317.5747593725,48.33175747593725,0,91972.58704854235
2024-06-21T00:00:00.000000,1483317.5747593725,483317.5747593725,48.33175747593725,0,91972.58704854235
2024-06-22T00:00:00.000000,1483317.5747593725,483317.5747593725,48.33175747593725,0,91972.58704854235
2024-06-23T00:00:00.000000,1483017.5747593725,483017.5747593725,48.30175747593725,1,92272.58704854235
2024-06-24T00:00:00.000000,1427999.583997248,427999.583997248,42.799958399724794,0,92556.16672521671
2024-06-25T00:00:00.000000,1427999.583997248,427999.583997248,42.799958399724794,0,92556.16672521671
2024-06-26T00:00:00.000000,1427999.583997248,427999.583997248,42.799958399724794,0,92556.16672521671
2024-06-27T00:00:00.000000,1427999.583997248,427999.583997248,42.799958399724794,0,92556.16672521671
2024-06-28T00:00:00.000000,1427999.583997248,427999.583997248,42.799958399724794,0,92556.16672521671
2024-06-29T00:00:00.000000,1427699.583997248,427699.583997248,42.7699583997248,1,92856.16672521671
2024-06-30T00:00:00.000000,1426110.7092078952,426110.7092078952,42.61107092078952,0,93155.77994674636
2024-07-01T00:00:00.000000,1426110.7092078952,426110.7092078952,42.61107092078952,0,93155.77994674636
2024-07-02T00:00:00.000000,1426110.7092078952,426110.7092078952,42.61107092078952,0,93155.77994674636
2024-07-03T00:00:00.000000,1426110.7092078952,426110.7092078952,42.61107092078952,0,93155.77994674636
2024-07-04T00:00:00.000000,1426110.7092078952,426110.7092078952,42.61107092078952,0,93155.77994674636
2024-07-05T00:00:00.000000,1426110.7092078952,426110.7092078952,42.61107092078952,0,93155.77994674636
2024-07-06T00:00:00.000000,1426110.7092078952,426110.7092078952,42.61107092078952,0,93155.77994674636
2024-07-07T00:00:00.000000,1426110.7092078952,426110.7092078952,42.61107092078952,0,93155.77994674636
2024-07-08T00:00:00.000000,1426110.7092078952,426110.7092078952,42.61107092078952,0,93155.77994674636
2024-07-09T00:00:00.000000,1426110.7092078952,426110.7092078952,42.61107092078952,0,93155.77994674636
2024-07-10T00:00:00.000000,1425810.7092078952,425810.7092078952,42.58107092078952,1,93455.77994674636
2024-07-11T00:00:00.000000,1427529.3640696534,427529.36406965344,42.75293640696534,0,93756.38572493834
2024-07-12T00:00:00.000000,1427529.3640696534,427529.36406965344,42.75293640696534,0,93756.38572493834
2024-07-13T00:00:00.000000,1427229.3640696534,427229.36406965344,42.722936406965346,1,94056.38572493834
2024-07-14T00:00:00.000000,1397931.0365609166,397931.0365609166,39.79310365609165,1,94647.77364306115
2024-07-15T00:00:00.000000,1459931.181488453,459931.18148845294,45.9931181488453,0,94966.46929523507
2024-07-16T00:00:00.000000,1459931.181488453,459931.18148845294,45.9931181488453,0,94966.46929523507
2024-07-17T00:00:00.000000,1459931.181488453,459931.18148845294,45.9931181488453,0,94966.46929523507
2024-07-18T00:00:00.000000,1459931.181488453,459931.18148845294,45.9931181488453,0,94966.46929523507
2024-07-19T00:00:00.000000,1459931.181488453,459931.18148845294,45.9931181488453,0,94966.46929523507
2024-07-20T00:00:00.000000,1459931.181488453,459931.18148845294,45.9931181488453,0,94966.46929523507
2024-07-21T00:00:00.000000,1459931.181488453,459931.18148845294,45.9931181488453,0,94966.46929523507
2024-07-22T00:00:00.000000,1459931.181488453,459931.18148845294,45.9931181488453,0,94966.46929523507
2024-07-23T00:00:00.000000,1459631.181488453,459631.18148845294,45.9631181488453,1,95266.46929523507
2024-07-24T00:00:00.000000,1591120.820271723,591120.820271723,59.1120820271723,1,95906.10807850503
2024-07-25T00:00:00.000000,1574712.8645818941,574712.8645818941,57.47128645818941,0,96201.27424164703
2024-07-26T00:00:00.000000,1574712.8645818941,574712.8645818941,57.47128645818941,0,96201.27424164703
2024-07-27T00:00:00.000000,1574712.8645818941,574712.8645818941,57.47128645818941,0,96201.27424164703
2024-07-28T00:00:00.000000,1574412.8645818941,574412.8645818941,57.44128645818941,1,96501.27424164703
2024-07-29T00:00:00.000000,1589960.3546719174,589960.3546719174,58.996035467191746,1,97106.11994238426
2024-07-30T00:00:00.000000,1590486.3542964715,590486.3542964715,59.04863542964714,1,97706.45784364201
2024-07-31T00:00:00.000000,1507125.2267000321,507125.22670003213,50.71252267000321,0,97981.53202761828
2024-08-01T00:00:00.000000,1507125.2267000321,507125.22670003213,50.71252267000321,0,97981.53202761828
2024-08-02T00:00:00.000000,1507125.2267000321,507125.22670003213,50.71252267000321,0,97981.53202761828
2024-08-03T00:00:00.000000,1506825.2267000321,506825.22670003213,50.682522670003216,1,98281.53202761828
2024-08-04T00:00:00.000000,1506779.7940077246,506779.7940077246,50.677979400772465,1,98881.69844773662
2024-08-05T00:00:00.000000,1442161.2353616427,442161.23536164267,44.21612353616426,0,99162.3970897354
2024-08-06T00:00:00.000000,1442161.2353616427,442161.23536164267,44.21612353616426,0,99162.3970897354
2024-08-07T00:00:00.000000,1442161.2353616427,442161.23536164267,44.21612353616426,0,99162.3970897354
2024-08-08T00:00:00.000000,1442161.2353616427,442161.23536164267,44.21612353616426,0,99162.3970897354
2024-08-09T00:00:00.000000,1441861.2353616427,441861.23536164267,44.18612353616427,1,99462.3970897354
2024-08-10T00:00:00.000000,1445905.2388378882,445905.23883788823,44.590523883788826,0,99763.70068185592
2024-08-11T00:00:00.000000,1445605.2388378882,445605.23883788823,44.560523883788825,1,100063.70068185592
2024-08-12T00:00:00.000000,1416149.643774094,416149.64377409406,41.61496437740941,1,100655.04140555389
2024-08-13T00:00:00.000000,1452303.5217691378,452303.5217691378,45.23035217691378,0,100965.98085078597
2024-08-14T00:00:00.000000,1452303.5217691378,452303.5217691378,45.23035217691378,0,100965.98085078597
2024-08-15T00:00:00.000000,1452003.5217691378,452003.5217691378,45.20035217691378,1,101265.98085078597
2024-08-16T00:00:00.000000,1395093.3642748888,395093.36427488877,39.509336427488876,0,101548.99270709459
2024-08-17T00:00:00.000000,1395093.3642748888,395093.36427488877,39.509336427488876,0,101548.99270709459
2024-08-18T00:00:00.000000,1395093.3642748888,395093.36427488877,39.509336427488876,0,101548.99270709459
2024-08-19T00:00:00.000000,1395093.3642748888,395093.36427488877,39.509336427488876,0,101548.99270709459
2024-08-20T00:00:00.000000,1395093.3642748888,395093.36427488877,39.509336427488876,0,101548.99270709459
2024-08-21T00:00:00.000000,1395093.3642748888,395093.36427488877,39.509336427488876,0,101548.99270709459
2024-08-22T00:00:00.000000,1394793.3642748888,394793.36427488877,39.479336427488875,1,101848.99270709459
2024-08-23T00:00:00.000000,1426961.643089525,426961.64308952494,42.6961643089525,1,102458.82614076907
2024-08-24T00:00:00.000000,1420118.4920843823,420118.49208438233,42.011849208438235,0,102756.86260640722
2024-08-25T00:00:00.000000,1420118.4920843823,420118.49208438233,42.011849208438235,0,102756.86260640722
2024-08-26T00:00:00.000000,1419818.4920843823,419818.49208438233,41.981849208438234,1,103056.86260640722
2024-08-27T00:00:00.000000,1402001.1716907984,402001.17169079836,40.20011716907984,0,103351.6058332572
2024-08-28T00:00:00.000000,1402001.1716907984,402001.17169079836,40.20011716907984,0,103351.6058332572
2024-08-29T00:00:00.000000,1402001.1716907984,402001.17169079836,40.20011716907984,0,103351.6058332572
2024-08-30T00:00:00.000000,1402001.1716907984,402001.17169079836,40.20011716907984,0,103351.6058332572
2024-08-31T00:00:00.000000,1402001.1716907984,402001.17169079836,40.20011716907984,0,103351.6058332572
2024-09-01T00:00:00.000000,1402001.1716907984,402001.17169079836,40.20011716907984,0,103351.6058332572
2024-09-02T00:00:00.000000,1402001.1716907984,402001.17169079836,40.20011716907984,0,103351.6058332572
2024-09-03T00:00:00.000000,1402001.1716907984,402001.17169079836,40.20011716907984,0,103351.6058332572
2024-09-04T00:00:00.000000,1402001.1716907984,402001.17169079836,40.20011716907984,0,103351.6058332572
2024-09-05T00:00:00.000000,1402001.1716907984,402001.17169079836,40.20011716907984,0,103351.6058332572
2024-09-06T00:00:00.000000,1401701.1716907984,401701.17169079836,40.17011716907984,1,103651.6058332572
2024-09-07T00:00:00.000000,1426936.293019023,426936.293019023,42.693629301902305,0,103959.26866850624
2024-09-08T00:00:00.000000,1426936.293019023,426936.293019023,42.693629301902305,0,103959.26866850624
2024-09-09T00:00:00.000000,1426936.293019023,426936.293019023,42.693629301902305,0,103959.26866850624
2024-09-10T00:00:00.000000,1426936.293019023,426936.293019023,42.693629301902305,0,103959.26866850624
2024-09-11T00:00:00.000000,1426636.293019023,426636.293019023,42.6636293019023,1,104259.26866850624
2024-09-12T00:00:00.000000,1420669.3303925518,420669.33039255184,42.06693303925518,1,104857.6580965467
2024-09-13T00:00:00.000000,1475526.4732496946,475526.47324969457,47.552647324969456,0,105174.21020503639
2024-09-14T00:00:00.000000,1475526.4732496946,475526.47324969457,47.552647324969456,0,105174.21020503639
2024-09-15T00:00:00.000000,1475526.4732496946,475526.47324969457,47.552647324969456,0,105174.21020503639
2024-09-16T00:00:00.000000,1475226.4732496946,475226.47324969457,47.522647324969455,1,105474.21020503639
2024-09-17T00:00:00.000000,1472345.9845418716,472345.9845418716,47.23459845418716,0,105773.43582611036
2024-09-18T00:00:00.000000,1472045.9845418716,472045.9845418716,47.204598454187156,1,106073.43582611036
2024-09-19T00:00:00.000000,1507387.0477282475,507387.0477282475,50.73870477282475,0,106384.13135372456
2024-09-20T00:00:00.000000,1507387.0477282475,507387.0477282475,50.73870477282475,0,106384.13135372456
2024-09-21T00:00:00.000000,1507087.0477282475,507087.0477282475,50.708704772824746,1,106684.13135372456
2024-09-22T00:00:00.000000,1573951.358407859,573951.358407859,57.395135840785905,0,107004.28669353039
2024-09-23T00:00:00.000000,1573951.358407859,573951.358407859,57.395135840785905,0,107004.28669353039
2024-09-24T00:00:00.000000,1573951.358407859,573951.358407859,57.395135840785905,0,107004.28669353039
2024-09-25T00:00:00.000000,1573951.358407859,573951.358407859,57.395135840785905,0,107004.28669353039
2024-09-26T00:00:00.000000,1573951.358407859,573951.358407859,57.395135840785905,0,107004.28669353039
2024-09-27T00:00:00.000000,1573951.358407859,573951.358407859,57.395135840785905,0,107004.28669353039
2024-09-28T00:00:00.000000,1573951.358407859,573951.358407859,57.395135840785905,0,107004.28669353039
2024-09-29T00:00:00.000000,1573951.358407859,573951.358407859,57.395135840785905,0,107004.28669353039
2024-09-30T00:00:00.000000,1573951.358407859,573951.358407859,57.395135840785905,0,107004.28669353039
2024-10-01T00:00:00.000000,1573951.358407859,573951.358407859,57.395135840785905,0,107004.28669353039
2024-10-02T00:00:00.000000,1573651.358407859,573651.358407859,57.3651358407859,1,107304.28669353039
2024-10-03T00:00:00.000000,1560082.5742500057,560082.5742500057,56.008257425000565,0,107600.3048637341
2024-10-04T00:00:00.000000,1560082.5742500057,560082.5742500057,56.008257425000565,0,107600.3048637341
2024-10-05T00:00:00.000000,1560082.5742500057,560082.5742500057,56.008257425000565,0,107600.3048637341
2024-10-06T00:00:00.000000,1560082.5742500057,560082.5742500057,56.008257425000565,0,107600.3048637341
2024-10-07T00:00:00.000000,1560082.5742500057,560082.5742500057,56.008257425000565,0,107600.3048637341
2024-10-08T00:00:00.000000,1560082.5742500057,560082.5742500057,56.008257425000565,0,107600.3048637341
2024-10-09T00:00:00.000000,1560082.5742500057,560082.5742500057,56.008257425000565,0,107600.3048637341
2024-10-10T00:00:00.000000,1560082.5742500057,560082.5742500057,56.008257425000565,0,107600.3048637341
2024-10-11T00:00:00.000000,1560082.5742500057,560082.5742500057,56.008257425000565,0,107600.3048637341
2024-10-12T00:00:00.000000,1560082.5742500057,560082.5742500057,56.008257425000565,0,107600.3048637341
2024-10-13T00:00:00.000000,1560082.5742500057,560082.5742500057,56.008257425000565,0,107600.3048637341
2024-10-14T00:00:00.000000,1560082.5742500057,560082.5742500057,56.008257425000565,0,107600.3048637341
2024-10-15T00:00:00.000000,1560082.5742500057,560082.5742500057,56.008257425000565,0,107600.3048637341
2024-10-16T00:00:00.000000,1560082.5742500057,560082.5742500057,56.008257425000565,0,107600.3048637341
2024-10-17T00:00:00.000000,1560082.5742500057,560082.5742500057,56.008257425000565,0,107600.3048637341
2024-10-18T00:00:00.000000,1560082.5742500057,560082.5742500057,56.008257425000565,0,107600.3048637341
2024-10-19T00:00:00.000000,1560082.5742500057,560082.5742500057,56.008257425000565,0,107600.3048637341
2024-10-20T00:00:00.000000,1560082.5742500057,560082.5742500057,56.008257425000565,0,107600.3048637341
2024-10-21T00:00:00.000000,1560082.5742500057,560082.5742500057,56.008257425000565,0,107600.3048637341
2024-10-22T00:00:00.000000,1560082.5742500057,560082.5742500057,56.008257425000565,0,107600.3048637341
2024-10-23T00:00:00.000000,1560082.5742500057,560082.5742500057,56.008257425000565,0,107600.3048637341
2024-10-24T00:00:00.000000,1560082.5742500057,560082.5742500057,56.008257425000565,0,107600.3048637341
2024-10-25T00:00:00.000000,1560082.5742500057,560082.5742500057,56.008257425000565,0,107600.3048637341
2024-10-26T00:00:00.000000,1560082.5742500057,560082.5742500057,56.008257425000565,0,107600.3048637341
2024-10-27T00:00:00.000000,1559782.5742500057,559782.5742500057,55.978257425000564,1,107900.3048637341
2024-10-28T00:00:00.000000,1546975.439876738,546975.439876738,54.697543987673804,0,108196.55159744223
2024-10-29T00:00:00.000000,1546975.439876738,546975.439876738,54.697543987673804,0,108196.55159744223
2024-10-30T00:00:00.000000,1546675.439876738,546675.439876738,54.6675439876738,1,108496.55159744223
2024-10-31T00:00:00.000000,1529947.0162614004,529947.0162614004,52.99470162614004,0,108791.6215913558
2024-11-01T00:00:00.000000,1529947.0162614004,529947.0162614004,52.99470162614004,0,108791.6215913558
2024-11-02T00:00:00.000000,1529947.0162614004,529947.0162614004,52.99470162614004,0,108791.6215913558
2024-11-03T00:00:00.000000,1529947.0162614004,529947.0162614004,52.99470162614004,0,108791.6215913558
2024-11-04T00:00:00.000000,1529947.0162614004,529947.0162614004,52.99470162614004,0,108791.6215913558
2024-11-05T00:00:00.000000,1529947.0162614004,529947.0162614004,52.99470162614004,0,108791.6215913558
2024-11-06T00:00:00.000000,1529947.0162614004,529947.0162614004,52.99470162614004,0,108791.6215913558
2024-11-07T00:00:00.000000,1529947.0162614004,529947.0162614004,52.99470162614004,0,108791.6215913558
2024-11-08T00:00:00.000000,1529947.0162614004,529947.0162614004,52.99470162614004,0,108791.6215913558
2024-11-09T00:00:00.000000,1529947.0162614004,529947.0162614004,52.99470162614004,0,108791.6215913558
2024-11-10T00:00:00.000000,1529947.0162614004,529947.0162614004,52.99470162614004,0,108791.6215913558
2024-11-11T00:00:00.000000,1529947.0162614004,529947.0162614004,52.99470162614004,0,108791.6215913558
2024-11-12T00:00:00.000000,1529947.0162614004,529947.0162614004,52.99470162614004,0,108791.6215913558
2024-11-13T00:00:00.000000,1529647.0162614004,529647.0162614004,52.96470162614004,2,109091.6215913558
2024-11-14T00:00:00.000000,1580249.31029758,580249.31029758,58.024931029758,1,109706.98688915599
2024-11-15T00:00:00.000000,1539895.9707871177,539895.9707871177,53.98959707871177,1,110295.05730842863
2024-11-16T00:00:00.000000,1579444.0923275724,579444.0923275724,57.944409232757245,1,110907.10535930604
2024-11-17T00:00:00.000000,1590925.767155359,590925.767155359,59.092576715535905,0,111210.6409224233
2024-11-18T00:00:00.000000,1590925.767155359,590925.767155359,59.092576715535905,0,111210.6409224233
2024-11-19T00:00:00.000000,1590625.767155359,590625.767155359,59.06257671553591,1,111510.6409224233
2024-11-20T00:00:00.000000,1535686.2934711485,535686.2934711485,53.56862934711485,0,111794.24416128971
2024-11-21T00:00:00.000000,1535686.2934711485,535686.2934711485,53.56862934711485,0,111794.24416128971
2024-11-22T00:00:00.000000,1535386.2934711485,535386.2934711485,53.53862934711485,1,112094.24416128971
2024-11-23T00:00:00.000000,1618681.9818519508,618681.9818519508,61.86819818519508,0,112419.33039367366
2024-11-24T00:00:00.000000,1618681.9818519508,618681.9818519508,61.86819818519508,0,112419.33039367366
2024-11-25T00:00:00.000000,1618681.9818519508,618681.9818519508,61.86819818519508,0,112419.33039367366
2024-11-26T00:00:00.000000,1618381.9818519508,618381.9818519508,61.83819818519507,1,112719.33039367366
2024-11-27T00:00:00.000000,1643779.153425374,643779.1534253741,64.3779153425374,0,113027.04185858516
2024-11-28T00:00:00.000000,1643779.153425374,643779.1534253741,64.3779153425374,0,113027.04185858516
2024-11-29T00:00:00.000000,1643479.153425374,643479.1534253741,64.3479153425374,1,113327.04185858516
2024-11-30T00:00:00.000000,1617639.6394805675,617639.6394805675,61.763963948056755,0,113619.37770515568
2024-12-01T00:00:00.000000,1617639.6394805675,617639.6394805675,61.763963948056755,0,113619.37770515568
2024-12-02T00:00:00.000000,1617339.6394805675,617339.6394805675,61.73396394805676,1,113919.37770515568
2024-12-03T00:00:00.000000,1580751.3302803002,580751.3302803002,58.075133028030024,1,114508.5779724758
2024-12-04T00:00:00.000000,1609265.969299573,609265.969299573,60.9265969299573,0,114817.22495827732
2024-12-05T00:00:00.000000,1608965.969299573,608965.969299573,60.896596929957305,1,115117.22495827732
2024-12-06T00:00:00.000000,1646668.160483581,646668.160483581,64.6668160483581,1,115728.7190638642
2024-12-07T00:00:00.000000,1639806.900804258,639806.900804258,63.980690080425795,0,116026.75009526983
2024-12-08T00:00:00.000000,1639806.900804258,639806.900804258,63.980690080425795,0,116026.75009526983
2024-12-09T00:00:00.000000,1639806.900804258,639806.900804258,63.980690080425795,0,116026.75009526983
2024-12-10T00:00:00.000000,1639806.900804258,639806.900804258,63.980690080425795,0,116026.75009526983
2024-12-11T00:00:00.000000,1639506.900804258,639506.900804258,63.9506900804258,1,116326.75009526983
2024-12-12T00:00:00.000000,1674187.3408784824,674187.3408784824,67.41873408784824,0,116637.24737647646
2024-12-13T00:00:00.000000,1674187.3408784824,674187.3408784824,67.41873408784824,0,116637.24737647646
2024-12-14T00:00:00.000000,1674187.3408784824,674187.3408784824,67.41873408784824,0,116637.24737647646
2024-12-15T00:00:00.000000,1674187.3408784824,674187.3408784824,67.41873408784824,0,116637.24737647646
2024-12-16T00:00:00.000000,1674187.3408784824,674187.3408784824,67.41873408784824,0,116637.24737647646
2024-12-17T00:00:00.000000,1674187.3408784824,674187.3408784824,67.41873408784824,0,116637.24737647646
2024-12-18T00:00:00.000000,1673887.3408784824,673887.3408784824,67.38873408784825,1,116937.24737647646
2024-12-19T00:00:00.000000,1581418.2785834006,581418.2785834006,58.141827858340065,0,117209.58836008301
2024-12-20T00:00:00.000000,1581118.2785834006,581118.2785834006,58.11182785834007,1,117509.58836008301
2024-12-21T00:00:00.000000,1671457.880262275,671457.880262275,67.1457880262275,0,117836.78840059883
2024-12-22T00:00:00.000000,1671457.880262275,671457.880262275,67.1457880262275,0,117836.78840059883
2024-12-23T00:00:00.000000,1671157.880262275,671157.880262275,67.11578802622749,1,118136.78840059883
2024-12-24T00:00:00.000000,1749594.2020050483,749594.2020050483,74.95942020050484,0,118460.41638551714
2024-12-25T00:00:00.000000,1749594.2020050483,749594.2020050483,74.95942020050484,0,118460.41638551714
2024-12-26T00:00:00.000000,1749594.2020050483,749594.2020050483,74.95942020050484,0,118460.41638551714
2024-12-27T00:00:00.000000,1749594.2020050483,749594.2020050483,74.95942020050484,0,118460.41638551714
2024-12-28T00:00:00.000000,1749294.2020050483,749294.2020050483,74.92942020050482,1,118760.41638551714
2024-12-29T00:00:00.000000,1750442.5898349397,750442.5898349397,75.04425898349398,0,119060.85103226012
2024-12-30T00:00:00.000000,1750442.5898349397,750442.5898349397,75.04425898349398,0,119060.85103226012
2024-12-31T00:00:00.000000,1750442.5898349397,750442.5898349397,75.04425898349398,0,119060.85103226012
2025-01-01T00:00:00.000000,1750442.5898349397,750442.5898349397,75.04425898349398,0,119060.85103226012
2025-01-02T00:00:00.000000,1750442.5898349397,750442.5898349397,75.04425898349398,0,119060.85103226012
2025-01-03T00:00:00.000000,1750442.5898349397,750442.5898349397,75.04425898349398,0,119060.85103226012
2025-01-04T00:00:00.000000,1750442.5898349397,750442.5898349397,75.04425898349398,0,119060.85103226012
2025-01-05T00:00:00.000000,1750442.5898349397,750442.5898349397,75.04425898349398,0,119060.85103226012
2025-01-06T00:00:00.000000,1750442.5898349397,750442.5898349397,75.04425898349398,0,119060.85103226012
2025-01-07T00:00:00.000000,1750442.5898349397,750442.5898349397,75.04425898349398,0,119060.85103226012
2025-01-08T00:00:00.000000,1750442.5898349397,750442.5898349397,75.04425898349398,0,119060.85103226012
2025-01-09T00:00:00.000000,1750442.5898349397,750442.5898349397,75.04425898349398,0,119060.85103226012
2025-01-10T00:00:00.000000,1750142.5898349397,750142.5898349397,75.01425898349396,2,119360.85103226012
2025-01-11T00:00:00.000000,1759640.7321561123,759640.7321561123,75.96407321561122,0,119663.79135705391
2025-01-12T00:00:00.000000,1759640.7321561123,759640.7321561123,75.96407321561122,0,119663.79135705391
2025-01-13T00:00:00.000000,1759640.7321561123,759640.7321561123,75.96407321561122,0,119663.79135705391
2025-01-14T00:00:00.000000,1759640.7321561123,759640.7321561123,75.96407321561122,0,119663.79135705391
2025-01-15T00:00:00.000000,1759340.7321561123,759340.7321561123,75.93407321561124,1,119963.79135705391
2025-01-16T00:00:00.000000,1991909.012173554,991909.0121735539,99.1909012173554,1,119963.79135705391
2025-01-17T00:00:00.000000,1945332.788286449,945332.7882864489,94.5332788286449,0,120319.69574520945
2025-01-18T00:00:00.000000,1945332.788286449,945332.7882864489,94.5332788286449,0,120319.69574520945
2025-01-19T00:00:00.000000,1945332.788286449,945332.7882864489,94.5332788286449,0,120319.69574520945
2025-01-20T00:00:00.000000,1945332.788286449,945332.7882864489,94.5332788286449,0,120319.69574520945
2025-01-21T00:00:00.000000,1945332.788286449,945332.7882864489,94.5332788286449,0,120319.69574520945
2025-01-22T00:00:00.000000,1945032.788286449,945032.7882864489,94.50327882864488,1,120619.69574520945
2025-01-23T00:00:00.000000,1930836.9315636475,930836.9315636475,93.08369315636475,0,120915.5257371902
2025-01-24T00:00:00.000000,1930836.9315636475,930836.9315636475,93.08369315636475,0,120915.5257371902
2025-01-25T00:00:00.000000,1930836.9315636475,930836.9315636475,93.08369315636475,0,120915.5257371902
2025-01-26T00:00:00.000000,1930836.9315636475,930836.9315636475,93.08369315636475,0,120915.5257371902
2025-01-27T00:00:00.000000,1930836.9315636475,930836.9315636475,93.08369315636475,0,120915.5257371902
2025-01-28T00:00:00.000000,1930836.9315636475,930836.9315636475,93.08369315636475,0,120915.5257371902
2025-01-29T00:00:00.000000,1930836.9315636475,930836.9315636475,93.08369315636475,0,120915.5257371902
2025-01-30T00:00:00.000000,1930536.9315636475,930536.9315636475,93.05369315636474,1,121215.5257371902
2025-01-31T00:00:00.000000,1690188.131759598,690188.1317595979,69.01881317595979,0,121443.48948637374
2025-02-01T00:00:00.000000,1690188.131759598,690188.1317595979,69.01881317595979,0,121443.48948637374
2025-02-02T00:00:00.000000,1689888.131759598,689888.1317595979,68.98881317595979,1,121743.48948637374
2025-02-03T00:00:00.000000,1537349.90969354,537349.9096935401,53.734990969354016,0,121997.80431420228
2025-02-04T00:00:00.000000,1537049.90969354,537049.9096935401,53.70499096935401,1,122297.80431420228
2025-02-05T00:00:00.000000,1461057.0786331033,461057.0786331033,46.10570786331033,1,122875.17967749314
2025-02-06T00:00:00.000000,1462576.7828424321,462576.78284243215,46.25767828424321,0,123175.72575257847
2025-02-07T00:00:00.000000,1462576.7828424321,462576.78284243215,46.25767828424321,0,123175.72575257847
2025-02-08T00:00:00.000000,1462576.7828424321,462576.78284243215,46.25767828424321,0,123175.72575257847
2025-02-09T00:00:00.000000,1462576.7828424321,462576.78284243215,46.25767828424321,0,123175.72575257847
2025-02-10T00:00:00.000000,1462276.7828424321,462276.78284243215,46.22767828424321,1,123475.72575257847
2025-02-11T00:00:00.000000,1492501.9736821265,492501.9736821265,49.25019736821265,0,123784.88605792198
2025-02-12T00:00:00.000000,1492501.9736821265,492501.9736821265,49.25019736821265,0,123784.88605792198
2025-02-13T00:00:00.000000,1492501.9736821265,492501.9736821265,49.25019736821265,0,123784.88605792198
2025-02-14T00:00:00.000000,1492201.9736821265,492201.9736821265,49.220197368212645,1,124084.88605792198
2025-02-15T00:00:00.000000,1555353.4145159707,555353.4145159707,55.53534145159708,1,124084.88605792198
2025-02-16T00:00:00.000000,1464004.977973972,464004.977973972,46.4004977973972,2,124384.88605792198
2025-02-17T00:00:00.000000,1473293.0240851324,473293.0240851324,47.32930240851324,1,124676.3558661006
2025-02-18T00:00:00.000000,1415053.1099220421,415053.1099220421,41.505310992204215,3,124976.3558661006
2025-02-19T00:00:00.000000,1499912.9878027563,499912.98780275625,49.99129878027562,1,125287.83615153939
2025-02-20T00:00:00.000000,1491022.7364232345,491022.73642323446,49.102273642323446,1,125287.83615153939
2025-02-21T00:00:00.000000,1492248.9779928238,492248.9779928238,49.22489779928238,1,125287.83615153939
2025-02-22T00:00:00.000000,1440440.2716776796,440440.2716776796,44.044027167767965,1,125287.83615153939
2025-02-23T00:00:00.000000,1428797.5371589793,428797.53715897934,42.879753715897934,2,125587.83615153939
2025-02-24T00:00:00.000000,1304585.9695466901,304585.9695466901,30.45859695466901,1,125863.43893045235
2025-02-25T00:00:00.000000,1232237.7169409269,232237.71694092685,23.223771694092683,1,125863.43893045235
2025-02-26T00:00:00.000000,1220281.8616374321,220281.86163743213,22.028186163743214,1,125863.43893045235
2025-02-27T00:00:00.000000,1219668.7408526377,219668.74085263768,21.96687408526377,1,125863.43893045235
2025-02-28T00:00:00.000000,1147627.0486392714,147627.0486392714,14.762704863927139,1,125863.43893045235
2025-03-01T00:00:00.000000,1205873.523194759,205873.52319475892,20.58735231947589,1,125863.43893045235
2025-03-02T00:00:00.000000,1192078.3055368804,192078.3055368804,19.207830553688037,1,125863.43893045235
2025-03-03T00:00:00.000000,1207406.3251567455,207406.3251567455,20.74063251567455,1,125863.43893045235
2025-03-04T00:00:00.000000,1099803.6274252925,99803.6274252925,9.98036274252925,1,125863.43893045235
2025-03-05T00:00:00.000000,1119430.0529311171,119430.05293111713,11.943005293111712,2,126163.43893045235
2025-03-06T00:00:00.000000,1130193.5181615283,130193.51816152828,13.019351816152827,1,126457.83538153804
2025-03-07T00:00:00.000000,1126208.2330603634,126208.23306036345,12.620823306036344,1,126457.83538153804
2025-03-08T00:00:00.000000,1093099.7106814547,93099.71068145474,9.309971068145474,1,126457.83538153804
2025-03-09T00:00:00.000000,1069188.0000744653,69188.0000744653,6.91880000744653,1,126457.83538153804
2025-03-10T00:00:00.000000,1026882.6659236375,26882.665923637454,2.6882665923637457,1,126457.83538153804
2025-03-11T00:00:00.000000,1028108.9074932267,28108.907493226696,2.8108907493226694,1,126457.83538153804
2025-03-12T00:00:00.000000,1055086.2220241893,55086.22202418931,5.50862220241893,1,126457.83538153804
2025-03-13T00:00:00.000000,1052940.299277408,52940.29927740805,5.294029927740805,1,126457.83538153804
2025-03-14T00:00:00.000000,1061217.4298721352,61217.429872135166,6.1217429872135165,1,126457.83538153804
2025-03-15T00:00:00.000000,1066122.3961504921,66122.39615049213,6.612239615049213,1,126457.83538153804
2025-03-16T00:00:00.000000,1049261.5745686407,49261.57456864067,4.926157456864067,1,126457.83538153804
2025-03-17T00:00:00.000000,1065509.2753656977,65509.275365697686,6.550927536569769,1,126457.83538153804
2025-03-18T00:00:00.000000,1056005.9032013812,56005.90320138121,5.600590320138121,1,126457.83538153804
2025-03-19T00:00:00.000000,1095858.7542130305,95858.75421303045,9.585875421303044,1,126457.83538153804
2025-03-20T00:00:00.000000,1110880.2134404983,110880.21344049834,11.088021344049833,1,126457.83538153804
2025-03-21T00:00:00.000000,1063676.4734037109,63676.47340371087,6.367647340371087,2,126757.83538153804
2025-03-22T00:00:00.000000,1120983.0626574256,120983.06265742565,12.098306265742565,1,127075.39853161233
2025-03-23T00:00:00.000000,1115464.9755942742,115464.97559427423,11.546497559427424,1,127075.39853161233
2025-03-24T00:00:00.000000,1135391.4011000986,135391.40110009862,13.539140110009862,1,127075.39853161233
2025-03-25T00:00:00.000000,1141216.0485556475,141216.0485556475,14.121604855564748,1,127075.39853161233
2025-03-26T00:00:00.000000,1143368.5316948262,143368.5316948262,14.336853169482621,2,127375.39853161233
2025-03-27T00:00:00.000000,1114491.8280006829,114491.82800068287,11.449182800068288,1,127670.31878505345
2025-03-28T00:00:00.000000,1067894.6483562929,67894.64835629286,6.7894648356292855,1,127670.31878505345
2025-03-29T00:00:00.000000,1045822.300103687,45822.30010368698,4.582230010368699,1,127670.31878505345
2025-03-30T00:00:00.000000,1036318.9279393706,36318.927939370624,3.6318927939370624,1,127670.31878505345
2025-03-31T00:00:00.000000,1035092.6863697814,35092.68636978138,3.5092686369781383,1,127670.31878505345
2025-04-01T00:00:00.000000,1028348.3577370407,28348.35773704073,2.834835773704073,1,127670.31878505345
2025-04-02T00:00:00.000000,1022217.1498890946,22217.14988909464,2.221714988909464,1,127670.31878505345
2025-04-03T00:00:00.000000,1000757.9224212836,757.9224212835543,0.07579224212835543,1,127670.31878505345
2025-04-04T00:00:00.000000,1014246.5796867649,14246.57968676486,1.424657968676486,1,127670.31878505345
2025-04-05T00:00:00.000000,1013020.3381171756,13020.33811717562,1.3020338117175618,1,127670.31878505345
2025-04-06T00:00:00.000000,1019771.2271423136,19771.22714231361,1.9771227142313612,2,127970.31878505345
2025-04-07T00:00:00.000000,753058.693820711,-246941.306179289,-24.6941306179289,1,128204.72237249739
2025-04-08T00:00:00.000000,746620.9255803677,-253379.07441963232,-25.33790744196323,1,128204.72237249739
2025-04-09T00:00:00.000000,783101.6122756467,-216898.38772435335,-21.689838772435337,1,128204.72237249739
2025-04-10T00:00:00.000000,804254.2793510605,-195745.7206489395,-19.57457206489395,1,128204.72237249739
2025-04-11T00:00:00.000000,806706.762490239,-193293.237509761,-19.3293237509761,1,128204.72237249739
2025-04-12T00:00:00.000000,837669.3621223664,-162330.63787763356,-16.233063787763356,1,128204.72237249739
2025-04-13T00:00:00.000000,852690.8213498342,-147309.1786501658,-14.730917865016579,1,128204.72237249739
2025-04-14T00:00:00.000000,822034.7821101041,-177965.2178898959,-17.79652178898959,1,128204.72237249739
2025-04-15T00:00:00.000000,821428.2217177066,-178571.77828229335,-17.857177828229336,2,128504.72237249739
2025-04-16T00:00:00.000000,949271.8613257727,-50728.13867422729,-5.072813867422729,1,128845.84487654488
2025-04-17T00:00:00.000000,957548.9919204998,-42451.00807950017,-4.245100807950017,1,128845.84487654488
2025-04-18T00:00:00.000000,983300.0648818732,-16699.9351181268,-1.6699935118126799,1,128845.84487654488
2025-04-19T00:00:00.000000,1017328.2684379738,17328.268437973806,1.7328268437973808,1,128845.84487654488
2025-04-20T00:00:00.000000,991883.7558689977,-8116.244131002342,-0.8116244131002343,1,128845.84487654488
2025-04-21T00:00:00.000000,1003846.1715648898,3846.171564889839,0.3846171564889839,2,129145.84487654488
2025-04-22T00:00:00.000000,959654.0057609254,-40345.994239074644,-4.034599423907465,1,129432.48928389046
2025-04-23T00:00:00.000000,996441.2528486017,-3558.747151398333,-0.35587471513983326,1,129432.48928389046
2025-04-24T00:00:00.000000,993382.2093170258,-6617.790682974155,-0.6617790682974155,2,129732.48928389046
2025-04-25T00:00:00.000000,1067594.7862077493,67594.78620774928,6.759478620774928,2,130347.58013479541
2025-04-26T00:00:00.000000,1049026.9157716455,49026.915771645494,4.90269157716455,1,130645.59396628736
2025-04-27T00:00:00.000000,1066813.978923086,66813.97892308608,6.681397892308608,2,130945.59396628736
2025-04-28T00:00:00.000000,1000331.0749918944,331.07499189442024,0.03310749918944202,1,131241.64839580227
2025-04-29T00:00:00.000000,1019644.3797129246,19644.379712924594,1.9644379712924593,1,131241.64839580227
2025-04-30T00:00:00.000000,986535.8573340159,-13464.142665984109,-1.346414266598411,1,131241.64839580227
2025-05-01T00:00:00.000000,1013206.6114725812,13206.611472581164,1.3206611472581165,1,131241.64839580227
2025-05-02T00:00:00.000000,1015352.5342193624,15352.534219362424,1.5352534219362424,1,131241.64839580227
2025-05-03T00:00:00.000000,1010754.1283334028,10754.128333402798,1.07541283334028,1,131241.64839580227
2025-05-04T00:00:00.000000,982244.0118404537,-17755.98815954628,-1.7755988159546279,1,131241.64839580227
2025-05-05T00:00:00.000000,985003.0553720294,-14996.944627970573,-1.4996944627970572,1,131241.64839580227
2025-05-06T00:00:00.000000,981330.891055659,-18669.10894434096,-1.866910894434096,2,131541.64839580227
2025-05-07T00:00:00.000000,1026553.7740392165,26553.774039216456,2.6553774039216456,1,131853.83742752334
2025-05-08T00:00:00.000000,1111164.4423408718,111164.44234087178,11.11644423408718,1,131853.83742752334
2025-05-09T00:00:00.000000,1111164.4423408718,111164.44234087178,11.11644423408718,1,131853.83742752334
2025-05-10T00:00:00.000000,1147338.5686437534,147338.56864375342,14.733856864375342,1,131853.83742752334
2025-05-11T00:00:00.000000,1152863.2160993023,152863.21609930228,15.286321609930228,2,132153.83742752334
2025-05-12T00:00:00.000000,1169384.9091572543,169384.90915725427,16.938490915725428,1,132456.9535398023
2025-05-13T00:00:00.000000,1160188.0973853352,160188.09738533525,16.018809738533523,1,132456.9535398023
2025-05-14T00:00:00.000000,1168465.2279800624,168465.22798006237,16.846522798006237,1,132456.9535398023
2025-05-15T00:00:00.000000,1127079.5750064268,127079.57500642678,12.707957500642678,1,132456.9535398023
2025-05-16T00:00:00.000000,1115743.4008801237,115743.40088012372,11.574340088012372,2,132756.9535398023
2025-05-17T00:00:00.000000,1072173.0835818322,72173.08358183224,7.217308358183224,1,133051.88018072894
2025-05-18T00:00:00.000000,1084748.6200625189,84748.62006251886,8.474862006251886,2,133351.88018072894
2025-05-19T00:00:00.000000,1048220.2818676608,48220.281867660815,4.822028186766081,1,133651.77191656438
2025-05-20T00:00:00.000000,1063548.301487526,63548.301487525925,6.354830148752592,1,133651.77191656438
2025-05-21T00:00:00.000000,1073977.9152214313,73977.91522143129,7.397791522143129,2,133951.77191656438
2025-05-22T00:00:00.000000,1057770.2123137857,57770.21231378568,5.777021231378568,1,134239.36252910516
2025-05-23T00:00:00.000000,1036617.5452383717,36617.545238371706,3.6617545238371707,1,134239.36252910516
2025-05-24T00:00:00.000000,1015771.4385553553,15771.4385553553,1.57714385553553,1,134239.36252910516
2025-05-25T00:00:00.000000,997377.8150115171,-2622.1849884828553,-0.2622184988482855,1,134239.36252910516
2025-05-26T00:00:00.000000,1013318.9554161769,13318.955416176934,1.3318955416176934,1,134239.36252910516
2025-05-27T00:00:00.000000,1019143.6028717256,19143.60287172557,1.914360287172557,1,134239.36252910516
2025-05-28T00:00:00.000000,1006574.6267834362,6574.626783436164,0.6574626783436164,1,134239.36252910516
2025-05-29T00:00:00.000000,997684.3754039145,-2315.624596085516,-0.23156245960855157,1,134239.36252910516
2025-05-30T00:00:00.000000,961816.8094934301,-38183.190506569925,-3.818319050656992,1,134239.36252910516
2025-05-31T00:00:00.000000,935452.615747262,-64547.384252737975,-6.4547384252737965,1,134239.36252910516
2025-06-01T00:00:00.000000,940051.0216332217,-59948.97836677835,-5.994897836677835,1,134239.36252910516
2025-06-02T00:00:00.000000,941277.2632028109,-58722.73679718911,-5.87227367971891,1,134239.36252910516
2025-06-03T00:00:00.000000,977757.9498980897,-22242.050101910252,-2.224205010191025,1,134239.36252910516
2025-06-04T00:00:00.000000,963349.6114554165,-36650.38854458346,-3.665038854458346,1,134239.36252910516
2025-06-05T00:00:00.000000,949247.8334051407,-50752.16659485933,-5.075216659485933,1,134239.36252910516
2025-06-06T00:00:00.000000,955685.601645484,-44314.398354516015,-4.431439835451602,1,134239.36252910516
2025-06-07T00:00:00.000000,958751.205569457,-41248.79443054297,-4.124879443054297,1,134239.36252910516
2025-06-08T00:00:00.000000,960590.5679238408,-39409.432076159166,-3.9409432076159163,1,134239.36252910516
2025-06-09T00:00:00.000000,973472.664796925,-26527.335203074967,-2.6527335203074967,2,134539.36252910516
2025-06-10T00:00:00.000000,1122583.490731466,122583.4907314661,12.25834907314661,2,135174.62970467767
2025-06-11T00:00:00.000000,1141202.3471980542,141202.3471980542,14.120234719805419,1,135478.1911633477
2025-06-12T00:00:00.000000,1121282.4820846268,121282.4820846268,12.128248208462681,2,135778.1911633477
2025-06-13T00:00:00.000000,1037603.4022061563,37603.40220615629,3.7603402206156287,2,136365.6793817418
2025-06-14T00:00:00.000000,1068971.0254150932,68971.02541509317,6.897102541509318,1,136675.09052392942
2025-06-15T00:00:00.000000,1068051.344237901,68051.34423790104,6.805134423790103,1,136675.09052392942
2025-06-16T00:00:00.000000,1102079.5477940016,102079.54779400164,10.207954779400165,1,136675.09052392942
2025-06-17T00:00:00.000000,1057934.8512887903,57934.85128879035,5.793485128879035,1,136675.09052392942
2025-06-18T00:00:00.000000,1059161.0928583792,59161.09285837924,5.9161092858379245,1,136675.09052392942
2025-06-19T00:00:00.000000,1052110.2038332415,52110.20383324148,5.211020383324148,1,136675.09052392942
2025-06-20T00:00:00.000000,1034636.2614665952,34636.26146659523,3.463626146659523,1,136675.09052392942
2025-06-21T00:00:00.000000,1023293.526947895,23293.52694789495,2.329352694789495,1,136675.09052392942
2025-06-22T00:00:00.000000,1008891.7488976191,8891.74889761908,0.889174889761908,2,136975.09052392942
2025-06-23T00:00:00.000000,1043392.110604116,43392.110604115995,4.3392110604116,1,137288.01764975753
2025-06-24T00:00:00.000000,1093668.0149572734,93668.01495727338,9.366801495727337,1,137288.01764975753
2025-06-25T00:00:00.000000,1093054.894172479,93054.89417247893,9.305489417247893,1,137288.01764975753
2025-06-26T00:00:00.000000,1086923.6863245328,86923.68632453284,8.692368632453285,1,137288.01764975753
2025-06-27T00:00:00.000000,1085084.323970149,85084.32397014904,8.508432397014904,1,137288.01764975753
2025-06-28T00:00:00.000000,1091522.0922104924,91522.09221049235,9.152209221049235,1,137288.01764975753
2025-06-29T00:00:00.000000,1110835.3969315225,110835.39693152253,11.083539693152252,1,137288.01764975753
2025-06-30T00:00:00.000000,1093361.4545648764,93361.45456487639,9.336145456487639,1,137288.01764975753
2025-07-01T00:00:00.000000,1074354.7102362434,74354.71023624344,7.435471023624343,1,137288.01764975753
2025-07-02T00:00:00.000000,1108996.0345771387,108996.03457713872,10.899603457713871,1,137288.01764975753
2025-07-03T00:00:00.000000,1114820.6820326874,114820.68203268736,11.482068203268735,1,137288.01764975753
2025-07-04T00:00:00.000000,1101945.1455520007,101945.14555200073,10.194514555200072,1,137288.01764975753
2025-07-05T00:00:00.000000,1076807.193375422,76807.19337542192,7.680719337542192,1,137288.01764975753
2025-07-06T00:00:00.000000,1083551.5220081625,83551.52200816246,8.355152200816246,1,137288.01764975753
2025-07-07T00:00:00.000000,1097653.3000584384,97653.30005843844,9.765330005843845,1,137288.01764975753
2025-07-08T00:00:00.000000,1105317.309868371,105317.30986837111,10.531730986837111,1,137288.01764975753
2025-07-09T00:00:00.000000,1136893.0302852932,136893.03028529324,13.689303028529324,1,137288.01764975753
2025-07-10T00:00:00.000000,1168168.7507022151,168168.75070221513,16.816875070221514,2,137588.01764975753
2025-07-11T00:00:00.000000,1251864.5673839631,251864.56738396315,25.186456738396313,1,137908.34818368312
2025-07-12T00:00:00.000000,1238989.0309032765,238989.03090327652,23.898903090327654,1,137908.34818368312
2025-07-13T00:00:00.000000,1257995.775231909,257995.775231909,25.7995775231909,1,137908.34818368312
2025-07-14T00:00:00.000000,1260754.818763485,260754.81876348495,26.075481876348494,1,137908.34818368312
2025-07-15T00:00:00.000000,1256156.4128775252,256156.4128775252,25.61564128775252,1,137908.34818368312
2025-07-16T00:00:00.000000,1268731.9493582118,268731.94935821183,26.873194935821182,2,138208.34818368312
2025-07-17T00:00:00.000000,1281064.000344267,281064.0003442671,28.10640003442671,1,138509.83904329385
2025-07-18T00:00:00.000000,1318464.368216738,318464.3682167381,31.846436821673812,1,138509.83904329385
2025-07-19T00:00:00.000000,1291180.493293378,291180.49329337804,29.118049329337804,1,138509.83904329385
2025-07-20T00:00:00.000000,1330420.2235202328,330420.22352023283,33.04202235202328,1,138509.83904329385
2025-07-21T00:00:00.000000,1349120.4074564683,349120.4074564683,34.912040745646834,1,138509.83904329385
2025-07-22T00:00:00.000000,1319390.6097863275,319390.60978632746,31.939060978632742,2,138809.83904329385
2025-07-23T00:00:00.000000,1382130.676879925,382130.67687992495,38.2130676879925,1,139125.72088008822
2025-07-24T00:00:00.000000,1323271.081539643,323271.081539643,32.3271081539643,1,139125.72088008822
2025-07-25T00:00:00.000000,1295987.206616283,295987.2066162829,29.598720661628292,1,139125.72088008822
2025-07-26T00:00:00.000000,1328182.608210397,328182.60821039695,32.818260821039694,2,139425.72088008822
2025-07-27T00:00:00.000000,1336684.6246778155,336684.6246778155,33.668462467781545,1,139727.53431599974
2025-07-28T00:00:00.000000,1340976.4701713778,340976.47017137776,34.097647017137774,1,139727.53431599974
2025-07-29T00:00:00.000000,1309707.3101468529,309707.31014685286,30.97073101468529,1,139727.53431599974
2025-07-30T00:00:00.000000,1282729.9956158902,282729.99561589025,28.272999561589025,1,139727.53431599974
2025-07-31T00:00:00.000000,1299590.817197742,299590.81719774194,29.959081719774193,1,139727.53431599974
2025-08-01T00:00:00.000000,1263116.6908948603,263116.6908948603,26.311669089486028,2,140027.53431599974
2025-08-02T00:00:00.000000,1196565.603819692,196565.60381969204,19.656560381969204,1,140312.06881987888
2025-08-03T00:00:00.000000,1196259.0434272946,196259.0434272946,19.62590434272946,1,140312.06881987888
2025-08-04T00:00:00.000000,1203003.3720600354,203003.37206003536,20.300337206003537,1,140312.06881987888
2025-08-05T00:00:00.000000,1186449.1108705807,186449.11087058065,18.644911087058066,1,140312.06881987888
2025-08-06T00:00:00.000000,1212506.7442243516,212506.7442243516,21.25067442243516,1,140312.06881987888
2025-08-07T00:00:00.000000,1199937.7681360622,199937.7681360622,19.99377681360622,1,140312.06881987888
2025-08-08T00:00:00.000000,1225082.2807050385,225082.28070503846,22.508228070503847,2,140612.06881987888
2025-08-09T00:00:00.000000,1253947.1429799912,253947.14297999116,25.394714297999116,1,140916.77309266356
2025-08-10T00:00:00.000000,1251188.0994484157,251188.09944841568,25.11880994484157,1,140916.77309266356
2025-08-11T00:00:00.000000,1247815.9351320453,247815.9351320453,24.78159351320453,1,140916.77309266356
2025-08-12T00:00:00.000000,1223291.103740261,223291.10374026094,22.329110374026094,1,140916.77309266356
2025-08-13T00:00:00.000000,1276632.6120173917,276632.6120173917,27.66326120173917,1,140916.77309266356
2025-08-14T00:00:00.000000,1243524.089638483,243524.089638483,24.3524089638483,1,140916.77309266356
2025-08-15T00:00:00.000000,1207043.4029432042,207043.40294320416,20.704340294320417,1,140916.77309266356
2025-08-16T00:00:00.000000,1225137.0264870422,225137.0264870422,22.51370264870422,2,141216.77309266356
2025-08-17T00:00:00.000000,1244432.4073130186,244432.40731301857,24.443240731301856,1,141515.38580942657
2025-08-18T00:00:00.000000,1212556.6868960964,212556.68689609645,21.255668689609646,2,141815.38580942657
2025-08-19T00:00:00.000000,1191982.079310136,191982.07931013592,19.19820793101359,2,142412.5194832554
2025-08-20T00:00:00.000000,1228022.3412353355,228022.34123533545,22.802234123533545,1,142715.60519754112
2025-08-21T00:00:00.000000,1279524.4871580822,279524.4871580822,27.95244871580822,1,142715.60519754112
2025-08-22T00:00:00.000000,1258684.940867463,258684.9408674629,25.868494086746292,2,143015.60519754112
2025-08-23T00:00:00.000000,1402626.974248039,402626.97424803907,40.2626974248039,1,143320.98855806314
2025-08-24T00:00:00.000000,1346832.98283173,346832.98283173004,34.683298283173,1,143320.98855806314
2025-08-25T00:00:00.000000,1518200.2421818217,518200.2421818217,51.82002421818217,1,143320.98855806314
2025-08-26T00:00:00.000000,1479573.6327397618,479573.63273976184,47.957363273976185,1,143320.98855806314
2025-08-27T00:00:00.000000,1464858.7339046914,464858.7339046914,46.48587339046914,1,143320.98855806314
2025-08-28T00:00:00.000000,1477734.270385378,477734.27038537804,47.773427038537804,1,143320.98855806314
2025-08-29T00:00:00.000000,1443706.0668292774,443706.06682927744,44.37060668292774,1,143320.98855806314
2025-08-30T00:00:00.000000,1434202.694664961,434202.69466496096,43.420269466496094,1,143320.98855806314
2025-08-31T00:00:00.000000,1434815.8154497556,434815.81544975564,43.48158154497556,1,143320.98855806314
2025-09-01T00:00:00.000000,1388831.7565901603,388831.7565901603,38.883175659016025,1,143320.98855806314
2025-09-02T00:00:00.000000,1393430.1624761198,393430.1624761198,39.343016247611985,1,143320.98855806314
2025-09-03T00:00:00.000000,1384233.3507042008,384233.3507042008,38.42333507042008,1,143320.98855806314
2025-09-04T00:00:00.000000,1410597.5444503687,410597.54445036873,41.05975444503687,1,143320.98855806314
2025-09-05T00:00:00.000000,1440386.2630279283,440386.2630279283,44.038626302792835,0,143575.188435439
2025-09-06T00:00:00.000000,1440386.2630279283,440386.2630279283,44.038626302792835,0,143575.188435439
2025-09-07T00:00:00.000000,1440086.2630279283,440086.2630279283,44.008626302792834,1,143875.188435439
2025-09-08T00:00:00.000000,1429923.179174961,429923.17917496106,42.9923179174961,0,144172.22862233917
2025-09-09T00:00:00.000000,1429623.179174961,429623.17917496106,42.96231791749611,1,144472.22862233917
2025-09-10T00:00:00.000000,1321661.9692945331,321661.96929453313,32.166196929453314,0,144739.92056695843
2025-09-11T00:00:00.000000,1321661.9692945331,321661.96929453313,32.166196929453314,0,144739.92056695843
2025-09-12T00:00:00.000000,1321661.9692945331,321661.96929453313,32.166196929453314,0,144739.92056695843
2025-09-13T00:00:00.000000,1321661.9692945331,321661.96929453313,32.166196929453314,0,144739.92056695843
2025-09-14T00:00:00.000000,1321661.9692945331,321661.96929453313,32.166196929453314,0,144739.92056695843
2025-09-15T00:00:00.000000,1321661.9692945331,321661.96929453313,32.166196929453314,0,144739.92056695843
2025-09-16T00:00:00.000000,1321661.9692945331,321661.96929453313,32.166196929453314,0,144739.92056695843
2025-09-17T00:00:00.000000,1321661.9692945331,321661.96929453313,32.166196929453314,0,144739.92056695843
2025-09-18T00:00:00.000000,1321661.9692945331,321661.96929453313,32.166196929453314,0,144739.92056695843
2025-09-19T00:00:00.000000,1321661.9692945331,321661.96929453313,32.166196929453314,0,144739.92056695843
2025-09-20T00:00:00.000000,1321661.9692945331,321661.96929453313,32.166196929453314,0,144739.92056695843
2025-09-21T00:00:00.000000,1321361.9692945331,321361.96929453313,32.13619692945331,1,145039.92056695843
2025-09-22T00:00:00.000000,1264711.4473738652,264711.4473738652,26.471144737386513,0,145323.01033731335
2025-09-23T00:00:00.000000,1264711.4473738652,264711.4473738652,26.471144737386513,0,145323.01033731335
2025-09-24T00:00:00.000000,1264411.4473738652,264411.4473738652,26.44114473738652,1,145623.01033731335
2025-09-25T00:00:00.000000,1249812.9072278799,249812.90722787986,24.981290722787985,1,145623.01033731335
2025-09-26T00:00:00.000000,1227915.0970089019,227915.09700890188,22.791509700890188,1,145623.01033731335
2025-09-27T00:00:00.000000,1251945.9972522105,251945.9972522105,25.19459972522105,2,145923.01033731335
2025-09-28T00:00:00.000000,1311831.7079293719,311831.70792937186,31.183170792937187,2,146517.79682222838
2025-09-29T00:00:00.000000,1293606.9029321712,293606.90293217124,29.36069029321712,2,147113.968086123
2025-09-30T00:00:00.000000,145188.4114479865,-854811.5885520135,-85.48115885520136,2,147113.968086123
