timestamp,cash,positions_value,total_value,pnl,pnl_pct,cumulative_costs,position_count
2022-01-01T23:45:00.000000,1000000.0,0.0,1000000.0,0.0,0.0,0.0,0
2022-01-02T23:45:00.000000,1000000.0,0.0,1000000.0,0.0,0.0,0.0,0
2022-01-03T23:50:00.000000,1000000.0,0.0,1000000.0,0.0,0.0,0.0,0
2022-01-04T23:55:00.000000,1000000.0,0.0,1000000.0,0.0,0.0,0.0,0
2022-01-05T23:55:00.000000,1000000.0,0.0,1000000.0,0.0,0.0,0.0,0
2022-01-06T23:55:00.000000,1000000.0,0.0,1000000.0,0.0,0.0,0.0,0
2022-01-07T23:40:00.000000,1000000.0,0.0,1000000.0,0.0,0.0,0.0,0
2022-01-08T23:55:00.000000,1000000.0,0.0,1000000.0,0.0,0.0,0.0,0
2022-01-09T23:40:00.000000,1000000.0,0.0,1000000.0,0.0,0.0,0.0,0
2022-01-10T23:55:00.000000,1000000.0,0.0,1000000.0,0.0,0.0,0.0,0
2022-01-11T23:45:00.000000,1000000.0,0.0,1000000.0,0.0,0.0,0.0,0
2022-01-12T23:45:00.000000,1000000.0,0.0,1000000.0,0.0,0.0,0.0,0
2022-01-13T23:45:00.000000,1000000.0,0.0,1000000.0,0.0,0.0,0.0,0
2022-01-14T23:55:00.000000,1000000.0,0.0,1000000.0,0.0,0.0,0.0,0
2022-01-15T23:55:00.000000,1000000.0,0.0,1000000.0,0.0,0.0,0.0,0
2022-01-16T23:50:00.000000,1000000.0,0.0,1000000.0,0.0,0.0,0.0,0
2022-01-17T23:40:00.000000,1000000.0,0.0,1000000.0,0.0,0.0,0.0,0
2022-01-18T23:50:00.000000,1000000.0,0.0,1000000.0,0.0,0.0,0.0,0
2022-01-19T23:50:00.000000,1000000.0,0.0,1000000.0,0.0,0.0,0.0,0
2022-01-20T23:40:00.000000,1000000.0,0.0,1000000.0,0.0,0.0,0.0,0
2022-01-21T23:55:00.000000,1000000.0,0.0,1000000.0,0.0,0.0,0.0,0
2022-01-22T23:55:00.000000,1000000.0,0.0,1000000.0,0.0,0.0,0.0,0
2022-01-23T23:55:00.000000,1000000.0,0.0,1000000.0,0.0,0.0,0.0,0
2022-01-24T23:45:00.000000,1000000.0,0.0,1000000.0,0.0,0.0,0.0,0
2022-01-25T23:50:00.000000,1000000.0,0.0,1000000.0,0.0,0.0,0.0,0
2022-01-26T23:45:00.000000,1000000.0,0.0,1000000.0,0.0,0.0,0.0,0
2022-01-27T23:00:00.000000,1000000.0,0.0,1000000.0,0.0,0.0,0.0,0
2022-01-28T23:40:00.000000,1000000.0,0.0,1000000.0,0.0,0.0,0.0,0
2022-01-29T23:30:00.000000,1000000.0,0.0,1000000.0,0.0,0.0,0.0,0
2022-01-30T23:55:00.000000,1000000.0,0.0,1000000.0,0.0,0.0,0.0,0
2022-01-31T23:55:00.000000,1000000.0,0.0,1000000.0,0.0,0.0,0.0,0
2022-02-01T23:55:00.000000,1000000.0,0.0,1000000.0,0.0,0.0,0.0,0
2022-02-02T23:55:00.000000,1000000.0,0.0,1000000.0,0.0,0.0,0.0,0
2022-02-03T23:55:00.000000,1000000.0,0.0,1000000.0,0.0,0.0,0.0,0
2022-02-04T23:50:00.000000,1000000.0,0.0,1000000.0,0.0,0.0,0.0,0
2022-02-05T23:50:00.000000,1000000.0,0.0,1000000.0,0.0,0.0,0.0,0
2022-02-06T23:30:00.000000,1000000.0,0.0,1000000.0,0.0,0.0,0.0,0
2022-02-07T23:55:00.000000,1000000.0,0.0,1000000.0,0.0,0.0,0.0,0
2022-02-08T23:35:00.000000,1000000.0,0.0,1000000.0,0.0,0.0,0.0,0
2022-02-09T23:50:00.000000,1000000.0,0.0,1000000.0,0.0,0.0,0.0,0
2022-02-10T23:55:00.000000,1000000.0,0.0,1000000.0,0.0,0.0,0.0,0
2022-02-11T23:55:00.000000,1000000.0,0.0,1000000.0,0.0,0.0,0.0,0
2022-02-12T23:55:00.000000,1000000.0,0.0,1000000.0,0.0,0.0,0.0,0
2022-02-13T23:50:00.000000,1000000.0,0.0,1000000.0,0.0,0.0,0.0,0
2022-02-14T23:55:00.000000,-300.0,1000000.0,999700.0,-300.0,-0.03,300.0,2
2022-02-15T23:45:00.000000,-300.0,1062987.4025531546,1062687.4025531546,62687.40255315462,6.268740255315462,300.0,2
2022-02-16T23:40:00.000000,-300.0,1096103.9302960322,1095803.9302960322,95803.93029603222,9.580393029603222,300.0,2
2022-02-17T23:55:00.000000,-300.0,1091576.1237133727,1091276.1237133727,91276.12371337274,9.127612371337273,300.0,2
2022-02-18T23:55:00.000000,-300.0,1032997.4606912993,1032697.4606912993,32697.46069129929,3.2697460691299285,300.0,2
2022-02-19T23:25:00.000000,-300.0,983620.0259498584,983320.0259498584,-16679.974050141638,-1.6679974050141637,300.0,2
2022-02-20T23:15:00.000000,-300.0,946559.3195788669,946259.3195788669,-53740.68042113306,-5.374068042113306,300.0,2
2022-02-21T23:50:00.000000,943659.1337592532,0.0,943659.1337592532,-56340.86624074681,-5.634086624074681,583.2727219443593,0
2022-02-22T23:35:00.000000,943659.1337592532,0.0,943659.1337592532,-56340.86624074681,-5.634086624074681,583.2727219443593,0
2022-02-23T23:55:00.000000,943659.1337592532,0.0,943659.1337592532,-56340.86624074681,-5.634086624074681,583.2727219443593,0
2022-02-24T23:55:00.000000,943659.1337592532,0.0,943659.1337592532,-56340.86624074681,-5.634086624074681,583.2727219443593,0
2022-02-25T23:50:00.000000,943659.1337592532,0.0,943659.1337592532,-56340.86624074681,-5.634086624074681,583.2727219443593,0
2022-02-26T23:45:00.000000,943659.1337592532,0.0,943659.1337592532,-56340.86624074681,-5.634086624074681,583.2727219443593,0
2022-02-27T23:40:00.000000,943659.1337592532,0.0,943659.1337592532,-56340.86624074681,-5.634086624074681,583.2727219443593,0
2022-02-28T23:55:00.000000,943659.1337592532,0.0,943659.1337592532,-56340.86624074681,-5.634086624074681,583.2727219443593,0
2022-03-01T23:40:00.000000,943659.1337592532,0.0,943659.1337592532,-56340.86624074681,-5.634086624074681,583.2727219443593,0
2022-03-02T23:55:00.000000,943659.1337592532,0.0,943659.1337592532,-56340.86624074681,-5.634086624074681,583.2727219443593,0
2022-03-03T23:40:00.000000,943659.1337592532,0.0,943659.1337592532,-56340.86624074681,-5.634086624074681,583.2727219443593,0
2022-03-04T23:55:00.000000,943659.1337592532,0.0,943659.1337592532,-56340.86624074681,-5.634086624074681,583.2727219443593,0
2022-03-05T23:55:00.000000,943659.1337592532,0.0,943659.1337592532,-56340.86624074681,-5.634086624074681,583.2727219443593,0
2022-03-06T23:55:00.000000,943659.1337592532,0.0,943659.1337592532,-56340.86624074681,-5.634086624074681,583.2727219443593,0
2022-03-07T23:40:00.000000,943659.1337592532,0.0,943659.1337592532,-56340.86624074681,-5.634086624074681,583.2727219443593,0
2022-03-08T23:45:00.000000,943659.1337592532,0.0,943659.1337592532,-56340.86624074681,-5.634086624074681,583.2727219443593,0
2022-03-09T23:40:00.000000,943659.1337592532,0.0,943659.1337592532,-56340.86624074681,-5.634086624074681,583.2727219443593,0
2022-03-10T23:50:00.000000,943659.1337592532,0.0,943659.1337592532,-56340.86624074681,-5.634086624074681,583.2727219443593,0
2022-03-11T23:30:00.000000,943659.1337592532,0.0,943659.1337592532,-56340.86624074681,-5.634086624074681,583.2727219443593,0
2022-03-12T23:35:00.000000,943659.1337592532,0.0,943659.1337592532,-56340.86624074681,-5.634086624074681,583.2727219443593,0
2022-03-13T23:50:00.000000,943659.1337592532,0.0,943659.1337592532,-56340.86624074681,-5.634086624074681,583.2727219443593,0
2022-03-14T23:55:00.000000,943659.1337592532,0.0,943659.1337592532,-56340.86624074681,-5.634086624074681,583.2727219443593,0
2022-03-15T23:50:00.000000,943659.1337592532,0.0,943659.1337592532,-56340.86624074681,-5.634086624074681,583.2727219443593,0
2022-03-16T23:55:00.000000,943659.1337592532,0.0,943659.1337592532,-56340.86624074681,-5.634086624074681,583.2727219443593,0
2022-03-17T23:45:00.000000,943659.1337592532,0.0,943659.1337592532,-56340.86624074681,-5.634086624074681,583.2727219443593,0
2022-03-18T23:55:00.000000,943659.1337592532,0.0,943659.1337592532,-56340.86624074681,-5.634086624074681,583.2727219443593,0
2022-03-19T23:50:00.000000,943659.1337592532,0.0,943659.1337592532,-56340.86624074681,-5.634086624074681,583.2727219443593,0
2022-03-20T23:40:00.000000,943659.1337592532,0.0,943659.1337592532,-56340.86624074681,-5.634086624074681,583.2727219443593,0
2022-03-21T23:45:00.000000,-56640.86624074681,1000000.0,943359.1337592532,-56640.86624074681,-5.664086624074681,883.2727219443593,1
2022-03-22T23:55:00.000000,-56640.86624074681,996736.0720315139,940095.2057907671,-59904.7942092329,-5.9904794209232906,883.2727219443593,1
2022-03-23T23:20:00.000000,-56640.86624074681,1012943.1626336523,956302.2963929055,-43697.703607094474,-4.369770360709448,883.2727219443593,1
2022-03-24T23:50:00.000000,-56640.86624074681,1071581.3168261114,1014940.4505853646,14940.450585364597,1.4940450585364595,883.2727219443593,1
2022-03-25T23:35:00.000000,-56640.86624074681,1157343.837929094,1100702.9716883472,100702.97168834717,10.070297168834717,883.2727219443593,1
2022-03-26T23:40:00.000000,-56640.86624074681,1154079.909960608,1097439.0437198612,97439.04371986119,9.743904371986119,883.2727219443593,1
2022-03-27T22:35:00.000000,-56640.86624074681,1134721.4406302758,1078080.574389529,78080.57438952895,7.808057438952895,883.2727219443593,1
2022-03-28T23:40:00.000000,1169327.7550310595,0.0,1169327.7550310595,169327.7550310595,16.932775503105947,1251.1736786129018,0
2022-03-29T23:55:00.000000,1169327.7550310595,0.0,1169327.7550310595,169327.7550310595,16.932775503105947,1251.1736786129018,0
2022-03-30T23:35:00.000000,1169327.7550310595,0.0,1169327.7550310595,169327.7550310595,16.932775503105947,1251.1736786129018,0
2022-03-31T23:55:00.000000,1169327.7550310595,0.0,1169327.7550310595,169327.7550310595,16.932775503105947,1251.1736786129018,0
2022-04-01T23:50:00.000000,1169327.7550310595,0.0,1169327.7550310595,169327.7550310595,16.932775503105947,1251.1736786129018,0
2022-04-02T23:50:00.000000,1169327.7550310595,0.0,1169327.7550310595,169327.7550310595,16.932775503105947,1251.1736786129018,0
2022-04-03T23:50:00.000000,1169327.7550310595,0.0,1169327.7550310595,169327.7550310595,16.932775503105947,1251.1736786129018,0
2022-04-04T23:50:00.000000,1169327.7550310595,0.0,1169327.7550310595,169327.7550310595,16.932775503105947,1251.1736786129018,0
2022-04-05T23:25:00.000000,1169327.7550310595,0.0,1169327.7550310595,169327.7550310595,16.932775503105947,1251.1736786129018,0
2022-04-06T23:55:00.000000,1169327.7550310595,0.0,1169327.7550310595,169327.7550310595,16.932775503105947,1251.1736786129018,0
2022-04-07T23:50:00.000000,1169327.7550310595,0.0,1169327.7550310595,169327.7550310595,16.932775503105947,1251.1736786129018,0
2022-04-08T23:30:00.000000,1169327.7550310595,0.0,1169327.7550310595,169327.7550310595,16.932775503105947,1251.1736786129018,0
2022-04-09T23:55:00.000000,1169327.7550310595,0.0,1169327.7550310595,169327.7550310595,16.932775503105947,1251.1736786129018,0
2022-04-10T23:45:00.000000,1169327.7550310595,0.0,1169327.7550310595,169327.7550310595,16.932775503105947,1251.1736786129018,0
2022-04-11T23:35:00.000000,169027.75503105938,1000000.0000000001,1169027.7550310595,169027.7550310595,16.90277550310595,1551.1736786129018,1
2022-04-12T23:50:00.000000,169027.75503105938,957807.5431794149,1126835.2982104742,126835.2982104742,12.68352982104742,1551.1736786129018,1
2022-04-13T23:55:00.000000,169027.75503105938,1059358.4772647163,1228386.2322957758,228386.2322957758,22.83862322957758,1551.1736786129018,1
2022-04-14T23:50:00.000000,169027.75503105938,1028762.7775819529,1197790.5326130122,197790.53261301224,19.779053261301225,1551.1736786129018,1
2022-04-15T23:55:00.000000,169027.75503105938,1035812.4779696864,1204840.2330007458,204840.23300074576,20.48402330007458,1551.1736786129018,1
2022-04-16T23:25:00.000000,169027.75503105938,1021254.8466690166,1190282.601700076,190282.6017000759,19.02826017000759,1551.1736786129018,1
2022-04-17T23:55:00.000000,169027.75503105938,1036905.181529785,1205932.9365608445,205932.93656084454,20.593293656084455,1551.1736786129018,1
2022-04-18T23:55:00.000000,169027.75503105938,993091.2936200213,1162119.0486510806,162119.04865108058,16.211904865108057,1551.1736786129018,1
2022-04-19T23:45:00.000000,169027.75503105938,1010786.0415932324,1179813.7966242917,179813.7966242917,17.98137966242917,1551.1736786129018,1
2022-04-20T23:30:00.000000,169027.75503105938,1086006.344730349,1255034.0997614083,255034.0997614083,25.50340997614083,1551.1736786129018,1
2022-04-21T23:55:00.000000,169027.75503105938,1009446.598519563,1178474.3535506222,178474.35355062224,17.847435355062224,1551.1736786129018,1
2022-04-22T23:45:00.000000,169027.75503105938,1004652.8022559042,1173680.5572869636,173680.55728696357,17.36805572869636,1551.1736786129018,1
2022-04-23T23:55:00.000000,169027.75503105938,1042439.1963341559,1211466.9513652152,211466.95136521524,21.146695136521522,1551.1736786129018,1
2022-04-24T23:55:00.000000,169027.75503105938,1046210.7860415933,1215238.5410726527,215238.54107265268,21.523854107265265,1551.1736786129018,1
2022-04-25T23:55:00.000000,169027.75503105938,1057878.0401832922,1226905.7952143517,226905.79521435173,22.690579521435172,1551.1736786129018,1
2022-04-26T23:55:00.000000,169027.75503105938,1024991.1878745154,1194018.9429055748,194018.9429055748,19.401894290557482,1551.1736786129018,1
2022-04-27T23:50:00.000000,169027.75503105938,956609.0941135003,1125636.8491445598,125636.84914455982,12.563684914455983,1551.1736786129018,1
2022-04-28T23:40:00.000000,169027.75503105938,936341.2054987664,1105368.9605298257,105368.96052982565,10.536896052982565,1551.1736786129018,1
2022-04-29T23:35:00.000000,169027.75503105938,923440.2537892141,1092468.0088202734,92468.00882027345,9.246800882027346,1551.1736786129018,1
2022-04-30T23:45:00.000000,169027.75503105938,809023.616496299,978051.3715273584,-21948.628472641576,-2.1948628472641576,1551.1736786129018,1
2022-05-01T23:55:00.000000,169027.75503105938,799647.5149806135,968675.2700116729,-31324.729988327133,-3.132472998832713,1551.1736786129018,1
2022-05-02T23:55:00.000000,169027.75503105938,755939.3725766656,924967.127607725,-75032.87239227502,-7.503287239227502,1551.1736786129018,1
2022-05-03T23:55:00.000000,169027.75503105938,784631.6531547409,953659.4081858003,-46340.591814199695,-4.634059181419969,1551.1736786129018,1
2022-05-04T23:30:00.000000,169027.75503105938,804511.8082481496,973539.563279209,-26460.43672079104,-2.6460436720791036,1551.1736786129018,1
2022-05-05T23:50:00.000000,169027.75503105938,866337.6806485725,1035365.4356796319,35365.43567963189,3.5365435679631894,1551.1736786129018,1
2022-05-06T23:50:00.000000,169027.75503105938,777476.2072611914,946503.9622922508,-53496.03770774917,-5.349603770774918,1551.1736786129018,1
2022-05-07T23:10:00.000000,169027.75503105938,790623.8984843144,959651.6535153738,-40348.34648462618,-4.034834648462618,1551.1736786129018,1
2022-05-08T23:45:00.000000,169027.75503105938,748431.4416637293,917459.1966947886,-82540.80330521136,-8.254080330521136,1551.1736786129018,1
2022-05-09T23:50:00.000000,-831272.2449689406,1706802.960874163,875530.7159052225,-124469.28409477754,-12.446928409477755,1851.1736786129018,2
2022-05-10T23:50:00.000000,-831272.2449689406,1567293.819385854,736021.5744169134,-263978.42558308656,-26.397842558308653,1851.1736786129018,2
2022-05-11T23:55:00.000000,-831272.2449689406,1444024.464310121,612752.2193411804,-387247.7806588196,-38.72477806588196,1851.1736786129018,2
2022-05-12T23:50:00.000000,-831272.2449689406,1371758.5611212107,540486.3161522701,-459513.68384772993,-45.951368384773,1851.1736786129018,2
2022-05-13T23:35:00.000000,-831272.2449689406,1526747.488158867,695475.2431899264,-304524.7568100736,-30.452475681007364,1851.1736786129018,2
2022-05-14T23:50:00.000000,-831272.2449689406,1466960.376778739,635688.1318097984,-364311.8681902016,-36.431186819020155,1851.1736786129018,2
2022-05-15T23:45:00.000000,-831272.2449689406,1487791.152112187,656518.9071432463,-343481.09285675373,-34.34810928567537,1851.1736786129018,2
2022-05-16T23:55:00.000000,24243.61800482031,621642.5801903419,645886.1981951622,-354113.80180483777,-35.411380180483775,2107.905457038558,1
2022-05-17T23:50:00.000000,24243.61800482031,631194.9242157209,655438.5422205412,-344561.45777945884,-34.456145777945885,2107.905457038558,1
2022-05-18T23:10:00.000000,24243.61800482031,616602.0444131126,640845.6624179329,-359154.3375820671,-35.91543375820671,2107.905457038558,1
2022-05-19T23:45:00.000000,24243.61800482031,568346.8452590766,592590.4632638969,-407409.5367361031,-40.74095367361031,2107.905457038558,1
2022-05-20T23:55:00.000000,24243.61800482031,605710.2573140643,629953.8753188846,-370046.1246811154,-37.00461246811154,2107.905457038558,1
2022-05-21T23:40:00.000000,24243.61800482031,595981.6707789919,620225.2887838122,-379774.7112161878,-37.97747112161878,2107.905457038558,1
2022-05-22T23:45:00.000000,24243.61800482031,624603.45435319,648847.0723580103,-351152.92764198966,-35.11529276419897,2107.905457038558,1
2022-05-23T23:50:00.000000,24243.61800482031,600000.0,624243.6180048203,-375756.3819951797,-37.57563819951797,2107.905457038558,1
2022-05-24T23:55:00.000000,24243.61800482031,605675.0088121255,629918.6268169458,-370081.37318305415,-37.008137318305415,2107.905457038558,1
2022-05-25T23:50:00.000000,24243.61800482031,615897.0743743391,640140.6923791594,-359859.3076208406,-35.98593076208406,2107.905457038558,1
2022-05-26T23:45:00.000000,24243.61800482031,569369.0518152979,593612.6698201182,-406387.33017988177,-40.63873301798818,2107.905457038558,1
2022-05-27T23:50:00.000000,24243.61800482031,571448.7134296793,595692.3314344996,-404307.6685655004,-40.43076685655004,2107.905457038558,1
2022-05-28T23:45:00.000000,24243.61800482031,569827.2823405006,594070.9003453209,-405929.09965467907,-40.5929099654679,2107.905457038558,1
2022-05-29T23:35:00.000000,24243.61800482031,562812.8304547056,587056.448459526,-412943.55154047406,-41.29435515404741,2107.905457038558,1
2022-05-30T23:50:00.000000,-976056.3819951797,1621149.1011632006,645092.7191680209,-354907.2808319791,-35.490728083197915,2407.905457038558,2
2022-05-31T23:30:00.000000,-976056.3819951797,1833372.9015046274,857316.5195094477,-142683.48049055226,-14.268348049055227,2407.905457038558,2
2022-06-01T23:55:00.000000,-976056.3819951797,1652857.8932454195,676801.5112502398,-323198.4887497602,-32.31984887497602,2407.905457038558,2
2022-06-02T23:50:00.000000,-976056.3819951797,1587045.8299639914,610989.4479688117,-389010.5520311883,-38.90105520311883,2407.905457038558,2
2022-06-03T23:55:00.000000,-976056.3819951797,1618700.3669991086,642643.9850039289,-357356.0149960711,-35.735601499607114,2407.905457038558,2
2022-06-04T23:20:00.000000,-976056.3819951797,1585346.4720396444,609290.0900444647,-390709.9099555353,-39.07099099555354,2407.905457038558,2
2022-06-05T23:40:00.000000,-976056.3819951797,1588642.7253312324,612586.3433360527,-387413.6566639473,-38.74136566639473,2407.905457038558,2
2022-06-06T23:55:00.000000,16782.931730310665,616461.0504053578,633243.9821356685,-366756.0178643315,-36.67560178643315,2705.846633509146,1
2022-06-07T23:50:00.000000,16782.931730310665,595452.9432499119,612235.8749802226,-387764.12501977745,-38.776412501977745,2705.846633509146,1
2022-06-08T23:55:00.000000,16782.931730310665,607437.4339090589,624220.3656393696,-375779.6343606304,-37.57796343606304,2705.846633509146,1
2022-06-09T23:55:00.000000,16782.931730310665,597391.6108565388,614174.5425868494,-385825.4574131506,-38.58254574131506,2705.846633509146,1
2022-06-10T23:40:00.000000,16782.931730310665,596545.6468100107,613328.5785403213,-386671.4214596787,-38.66714214596787,2705.846633509146,1
2022-06-11T23:55:00.000000,16782.931730310665,554740.9235107508,571523.8552410614,-428476.1447589386,-42.847614475893856,2705.846633509146,1
2022-06-12T23:50:00.000000,16782.931730310665,526683.1159675715,543466.0476978822,-456533.95230211783,-45.653395230211785,2705.846633509146,1
2022-06-13T23:40:00.000000,16782.931730310665,463341.55798378575,480124.4897140964,-519875.5102859036,-51.98755102859036,2705.846633509146,1
2022-06-14T23:25:00.000000,16782.931730310665,459957.70179767365,476740.6335279843,-523259.3664720157,-52.325936647201566,2705.846633509146,1
2022-06-15T23:55:00.000000,16782.931730310665,467148.3961931618,483931.32792347245,-516068.67207652755,-51.606867207652755,2705.846633509146,1
2022-06-16T23:45:00.000000,16782.931730310665,470250.2643637646,487033.1960940753,-512966.8039059247,-51.29668039059248,2705.846633509146,1
2022-06-17T23:55:00.000000,16782.931730310665,466972.15368346847,483755.08541377913,-516244.91458622087,-51.62449145862209,2705.846633509146,1
2022-06-18T23:50:00.000000,16782.931730310665,469721.53683468455,486504.4685649952,-513495.5314350048,-51.34955314350048,2705.846633509146,1
2022-06-19T23:55:00.000000,16782.931730310665,480683.8209376102,497466.75266792084,-502533.24733207916,-50.25332473320792,2705.846633509146,1
2022-06-20T23:50:00.000000,16782.931730310665,488614.7338738104,505397.66560412105,-494602.33439587895,-49.460233439587896,2705.846633509146,1
2022-06-21T23:25:00.000000,16782.931730310665,565667.9591117378,582450.8908420485,-417549.10915795155,-41.75491091579516,2705.846633509146,1
2022-06-22T23:40:00.000000,16782.931730310665,560451.1808248151,577234.1125551257,-422765.8874448743,-42.27658874448743,2705.846633509146,1
2022-06-23T23:45:00.000000,16782.931730310665,520303.1371166726,537086.0688469833,-462913.93115301675,-46.29139311530167,2705.846633509146,1
2022-06-24T23:55:00.000000,16782.931730310665,522876.27775819536,539659.209488506,-460340.79051149404,-46.034079051149405,2705.846633509146,1
2022-06-25T23:50:00.000000,16782.931730310665,522418.04723299266,539200.9789633034,-460799.0210366966,-46.07990210366966,2705.846633509146,1
2022-06-26T23:55:00.000000,16782.931730310665,522805.780754318,539588.7124846287,-460411.28751537134,-46.04112875153714,2705.846633509146,1
2022-06-27T23:55:00.000000,16782.931730310665,500986.95805428276,517769.8897845934,-482230.1102154066,-48.22301102154066,2705.846633509146,1
2022-06-28T23:55:00.000000,16782.931730310665,503771.58970743744,520554.5214377481,-479445.4785622519,-47.94454785622519,2705.846633509146,1
2022-06-29T23:45:00.000000,16782.931730310665,478075.4317941488,494858.3635244595,-505141.6364755405,-50.51416364755406,2705.846633509146,1
2022-06-30T23:10:00.000000,16782.931730310665,452590.76489249215,469373.6966228028,-530626.3033771971,-53.06263033771971,2705.846633509146,1
2022-07-01T23:50:00.000000,16782.931730310665,480437.0814240395,497220.01315435016,-502779.98684564984,-50.277998684564984,2705.846633509146,1
2022-07-02T23:40:00.000000,16782.931730310665,467077.89918928454,483860.8309195952,-516139.1690804048,-51.61391690804048,2705.846633509146,1
2022-07-03T23:55:00.000000,16782.931730310665,487522.03031371173,504304.9620440224,-495695.0379559776,-49.56950379559776,2705.846633509146,1
2022-07-04T23:55:00.000000,16782.931730310665,479767.35988720483,496550.2916175155,-503449.7083824845,-50.34497083824845,2705.846633509146,1
2022-07-05T23:55:00.000000,16782.931730310665,468276.3482551992,485059.2799855099,-514940.7200144901,-51.49407200144901,2705.846633509146,1
2022-07-06T23:55:00.000000,16782.931730310665,477335.2132534368,494118.14498374745,-505881.85501625255,-50.58818550162526,2705.846633509146,1
2022-07-07T23:50:00.000000,16782.931730310665,480965.8089531195,497748.74068343017,-502251.25931656983,-50.22512593165699,2705.846633509146,1
2022-07-08T23:50:00.000000,16782.931730310665,492879.80260838923,509662.7343386999,-490337.2656613001,-49.03372656613001,2705.846633509146,1
2022-07-09T23:50:00.000000,16782.931730310665,508248.14945364825,525031.0811839589,-474968.9188160411,-47.49689188160411,2705.846633509146,1
2022-07-10T23:55:00.000000,16782.931730310665,503419.1046880508,520202.0364183615,-479797.9635816385,-47.97979635816385,2705.846633509146,1
2022-07-11T23:50:00.000000,16782.931730310665,456045.11808248155,472828.0498127922,-527171.9501872078,-52.71719501872077,2705.846633509146,1
2022-07-12T23:55:00.000000,16782.931730310665,448008.4596404653,464791.391370776,-535208.608629224,-53.520860862922405,2705.846633509146,1
2022-07-13T23:55:00.000000,16782.931730310665,460451.180824815,477234.11255512567,-522765.88744487433,-52.27658874448743,2705.846633509146,1
2022-07-14T23:45:00.000000,16782.931730310665,470567.50088121265,487350.4326115233,-512649.5673884767,-51.264956738847665,2705.846633509146,1
2022-07-15T23:50:00.000000,16782.931730310665,474480.08459640475,491263.0163267154,-508736.9836732846,-50.87369836732846,2705.846633509146,1
2022-07-16T23:35:00.000000,16782.931730310665,473281.63553049,490064.5672608007,-509935.4327391993,-50.993543273919926,2705.846633509146,1
2022-07-17T23:55:00.000000,16782.931730310665,474268.5935847727,491051.5253150834,-508948.4746849166,-50.89484746849167,2705.846633509146,1
2022-07-18T23:45:00.000000,16782.931730310665,500246.73951357073,517029.6712438814,-482970.3287561186,-48.29703287561186,2705.846633509146,1
2022-07-19T23:25:00.000000,16782.931730310665,516496.2989072965,533279.2306376072,-466720.76936239284,-46.67207693623928,2705.846633509146,1
2022-07-20T23:40:00.000000,16782.931730310665,529820.2326401129,546603.1643704235,-453396.83562957647,-45.339683562957646,2705.846633509146,1
2022-07-21T23:45:00.000000,16782.931730310665,478780.4018329221,495563.3335632328,-504436.6664367672,-50.44366664367672,2705.846633509146,1
2022-07-22T23:50:00.000000,16782.931730310665,482516.7430384209,499299.6747687316,-500700.3252312684,-50.07003252312684,2705.846633509146,1
2022-07-23T23:55:00.000000,16782.931730310665,478709.90482904477,495492.83655935543,-504507.16344064457,-50.45071634406446,2705.846633509146,1
2022-07-24T23:50:00.000000,16782.931730310665,485266.126189637,502049.05791994766,-497950.94208005234,-49.79509420800524,2705.846633509146,1
2022-07-25T23:40:00.000000,16782.931730310665,457208.31864645757,473991.25037676824,-526008.7496232318,-52.60087496232318,2705.846633509146,1
2022-07-26T23:55:00.000000,16782.931730310665,456573.84561156156,473356.7773418722,-526643.2226581278,-52.66432226581278,2705.846633509146,1
2022-07-27T23:35:00.000000,16782.931730310665,455128.65703207615,471911.5887623868,-528088.4112376132,-52.80884112376132,2705.846633509146,1
2022-07-28T23:45:00.000000,16782.931730310665,490165.6679591118,506948.59968942247,-493051.40031057753,-49.30514003105775,2705.846633509146,1
2022-07-29T23:40:00.000000,16782.931730310665,519985.90059922455,536768.8323295352,-463231.16767046484,-46.323116767046486,2705.846633509146,1
2022-07-30T23:25:00.000000,16782.931730310665,520761.3676418753,537544.299372186,-462455.70062781405,-46.245570062781404,2705.846633509146,1
2022-07-31T23:50:00.000000,16782.931730310665,544906.5914698626,561689.5232001733,-438310.4767998267,-43.831047679982674,2705.846633509146,1
2022-08-01T23:45:00.000000,16782.931730310665,529467.7476207261,546250.6793510368,-453749.3206489632,-45.37493206489632,2705.846633509146,1
2022-08-02T23:50:00.000000,16782.931730310665,524321.4663376807,541104.3980679914,-458895.60193200863,-45.889560193200865,2705.846633509146,1
2022-08-03T23:50:00.000000,16782.931730310665,529643.9901304195,546426.9218607302,-453573.07813926984,-45.35730781392699,2705.846633509146,1
2022-08-04T23:50:00.000000,16782.931730310665,524532.9573493127,541315.8890796234,-458684.1109203766,-45.86841109203766,2705.846633509146,1
2022-08-05T23:55:00.000000,16782.931730310665,523369.7567853367,540152.6885156473,-459847.3114843527,-45.98473114843527,2705.846633509146,1
2022-08-06T23:25:00.000000,16782.931730310665,550898.8367994361,567681.7685297468,-432318.2314702532,-43.231823147025324,2705.846633509146,1
2022-08-07T23:40:00.000000,16782.931730310665,545294.3249911879,562077.2567214986,-437922.74327850144,-43.792274327850144,2705.846633509146,1
2022-08-08T23:35:00.000000,16782.931730310665,553824.4624603455,570607.3941906561,-429392.60580934386,-42.93926058093439,2705.846633509146,1
2022-08-09T23:55:00.000000,16782.931730310665,544201.6214310892,560984.5531613999,-439015.4468386001,-43.90154468386001,2705.846633509146,1
2022-08-10T23:55:00.000000,16782.931730310665,505040.5357772295,521823.4675075402,-478176.5324924598,-47.81765324924598,2705.846633509146,1
2022-08-11T23:40:00.000000,16782.931730310665,563165.3154740925,579948.2472044032,-420051.75279559684,-42.00517527955969,2705.846633509146,1
2022-08-12T23:55:00.000000,16782.931730310665,560733.1688403243,577516.1005706349,-422483.89942936506,-42.248389942936505,2705.846633509146,1
2022-08-13T23:40:00.000000,16782.931730310665,568170.6027493833,584953.534479694,-415046.465520306,-41.50464655203061,2705.846633509146,1
2022-08-14T23:45:00.000000,16782.931730310665,569369.0518152979,586151.9835456086,-413848.0164543914,-41.38480164543914,2705.846633509146,1
2022-08-15T23:50:00.000000,-983517.0682696893,1562037.3634120552,578520.2951423659,-421479.70485763415,-42.147970485763416,3005.846633509146,2
2022-08-16T23:50:00.000000,-983517.0682696893,1526842.9186245513,543325.8503548619,-456674.14964513807,-45.66741496451381,3005.846633509146,2
2022-08-17T23:40:00.000000,-983517.0682696893,1518962.0945992048,535445.0263295155,-464554.9736704845,-46.45549736704845,3005.846633509146,2
2022-08-18T23:25:00.000000,-983517.0682696893,1443399.99639619,459882.9281265007,-540117.0718734993,-54.011707187349934,3005.846633509146,2
2022-08-19T23:30:00.000000,-983517.0682696893,1292285.7408370597,308768.67256737035,-691231.3274326297,-69.12313274326296,3005.846633509146,2
2022-08-20T23:40:00.000000,-983517.0682696893,1259023.5861271129,275506.5178574235,-724493.4821425765,-72.44934821425765,3005.846633509146,2
2022-08-21T23:40:00.000000,-983517.0682696893,1272332.6794510144,288815.61118132505,-711184.388818675,-71.11843888186749,3005.846633509146,2
2022-08-22T23:55:00.000000,-184790.6466729059,458124.7796968629,273334.133023957,-726665.866976043,-72.6665866976043,3245.5364669382097,1
2022-08-23T23:55:00.000000,-184790.6466729059,465139.2315826578,280348.5849097519,-719651.4150902481,-71.9651415090248,3245.5364669382097,1
2022-08-24T23:55:00.000000,-184790.6466729059,470215.0158618259,285424.36918892,-714575.63081108,-71.457563081108,3245.5364669382097,1
2022-08-25T23:55:00.000000,-184790.6466729059,486535.072259429,301744.42558652314,-698255.5744134769,-69.82555744134768,3245.5364669382097,1
2022-08-26T23:40:00.000000,-184790.6466729059,463482.55199154036,278691.90531863447,-721308.0946813655,-72.13080946813656,3245.5364669382097,1
2022-08-27T23:45:00.000000,-184790.6466729059,450581.60028198804,265790.95360908215,-734209.0463909179,-73.42090463909179,3245.5364669382097,1
2022-08-28T23:55:00.000000,-184790.6466729059,456080.36658442026,271289.7199115144,-728710.2800884857,-72.87102800884857,3245.5364669382097,1
2022-08-29T23:45:00.000000,-184790.6466729059,470144.51885794854,285353.87218504265,-714646.1278149574,-71.46461278149575,3245.5364669382097,1
2022-08-30T23:55:00.000000,-184790.6466729059,477370.46175537544,292579.81508246955,-707420.1849175305,-70.74201849175306,3245.5364669382097,1
2022-08-31T23:55:00.000000,-184790.6466729059,467712.3722241805,282921.7255512746,-717078.2744487254,-71.70782744487254,3245.5364669382097,1
2022-09-01T23:50:00.000000,-184790.6466729059,453330.9834332041,268540.33676029823,-731459.6632397018,-73.14596632397019,3245.5364669382097,1
2022-09-02T23:50:00.000000,-184790.6466729059,458900.2467395136,274109.6000666077,-725890.3999333923,-72.58903999333923,3245.5364669382097,1
2022-09-03T23:55:00.000000,-184790.6466729059,451427.56432851613,266636.91765561025,-733363.0823443898,-73.33630823443897,3245.5364669382097,1
2022-09-04T23:55:00.000000,-184790.6466729059,455269.6510398309,270479.004366925,-729520.995633075,-72.9520995633075,3245.5364669382097,1
2022-09-05T23:00:00.000000,-184790.6466729059,451780.04934790276,266989.4026749969,-733010.5973250031,-73.30105973250032,3245.5364669382097,1
2022-09-06T23:40:00.000000,-184790.6466729059,460909.4113500177,276118.7646771118,-723881.2353228882,-72.38812353228883,3245.5364669382097,1
2022-09-07T23:55:00.000000,-184790.6466729059,438667.60662671836,253876.95995381247,-746123.0400461876,-74.61230400461875,3245.5364669382097,1
2022-09-08T23:55:00.000000,-184790.6466729059,444518.8579485373,259728.2112756314,-740271.7887243687,-74.02717887243688,3245.5364669382097,1
2022-09-09T23:55:00.000000,-184790.6466729059,466901.6566795912,282111.01000668533,-717888.9899933147,-71.78889899933148,3245.5364669382097,1
2022-09-10T23:40:00.000000,-184790.6466729059,471519.21043355664,286728.56376065075,-713271.4362393492,-71.32714362393492,3245.5364669382097,1
2022-09-11T23:55:00.000000,-184790.6466729059,468523.0877687699,283732.441095864,-716267.5589041361,-71.6267558904136,3245.5364669382097,1
2022-09-12T23:55:00.000000,-184790.6466729059,467818.11772999656,283027.4710570907,-716972.5289429093,-71.69725289429093,3245.5364669382097,1
2022-09-13T23:50:00.000000,-184790.6466729059,448537.18716954533,263746.54049663944,-736253.4595033606,-73.62534595033605,3245.5364669382097,1
2022-09-14T23:50:00.000000,-184790.6466729059,441593.2322876278,256802.58561472193,-743197.414385278,-74.3197414385278,3245.5364669382097,1
2022-09-15T23:45:00.000000,-184790.6466729059,440218.5407120198,255427.8940391139,-744572.1059608861,-74.4572105960886,3245.5364669382097,1
2022-09-16T23:55:00.000000,-184790.6466729059,432922.1008107156,248131.4541378097,-751868.5458621903,-75.18685458621903,3245.5364669382097,1
2022-09-17T23:55:00.000000,-184790.6466729059,441381.7412759958,256591.0946030899,-743408.9053969102,-74.34089053969102,3245.5364669382097,1
2022-09-18T23:30:00.000000,-184790.6466729059,447232.99259781465,262442.34592490876,-737557.6540750912,-73.75576540750912,3245.5364669382097,1
2022-09-19T23:50:00.000000,-184790.6466729059,422347.5502291153,237556.9035562094,-762443.0964437906,-76.24430964437906,3245.5364669382097,1
2022-09-20T23:50:00.000000,-184790.6466729059,424004.22982023266,239213.58314732678,-760786.4168526733,-76.07864168526733,3245.5364669382097,1
2022-09-21T23:50:00.000000,-184790.6466729059,424744.4483609447,239953.8016880388,-760046.1983119613,-76.00461983119612,3245.5364669382097,1
2022-09-22T23:55:00.000000,-184790.6466729059,416813.53542474454,232022.88875183865,-767977.1112481614,-76.79771112481613,3245.5364669382097,1
2022-09-23T23:50:00.000000,-184790.6466729059,432322.8762777582,247532.22960485233,-752467.7703951476,-75.24677703951475,3245.5364669382097,1
2022-09-24T23:55:00.000000,-184790.6466729059,431582.6577370462,246792.0110641403,-753207.9889358596,-75.32079889358596,3245.5364669382097,1
2022-09-25T23:55:00.000000,-184790.6466729059,424920.690870638,240130.04419773212,-759869.9558022679,-75.98699558022679,3245.5364669382097,1
2022-09-26T23:50:00.000000,-1185090.646672906,1420796.6161438138,235705.96947090793,-764294.0305290921,-76.42940305290921,3545.5364669382097,2
2022-09-27T23:40:00.000000,-1185090.646672906,1428152.0541730793,243061.40750017343,-756938.5924998266,-75.69385924998265,3545.5364669382097,2
2022-09-28T23:55:00.000000,-1185090.646672906,1408279.6065899886,223188.95991708268,-776811.0400829173,-77.68110400829174,3545.5364669382097,2
2022-09-29T23:45:00.000000,-1185090.646672906,1427479.325139483,242388.67846657708,-757611.3215334229,-75.76113215334229,3545.5364669382097,2
2022-09-30T23:40:00.000000,-1185090.646672906,1437116.7045360634,252026.05786315748,-747973.9421368425,-74.79739421368426,3545.5364669382097,2
2022-10-01T23:35:00.000000,-1185090.646672906,1420668.3432074678,235577.69653456192,-764422.3034654381,-76.44223034654381,3545.5364669382097,2
2022-10-02T23:55:00.000000,-1185090.646672906,1405080.7658456126,219990.11917270673,-780009.8808272933,-78.00098808272932,3545.5364669382097,2
2022-10-03T23:40:00.000000,-173503.4995366619,408283.3979555869,234779.898418925,-765220.101581075,-76.5220101581075,3849.1036812433745,1
2022-10-04T23:50:00.000000,-173503.4995366619,419210.43355657393,245706.93401991203,-754293.065980088,-75.4293065980088,3849.1036812433745,1
2022-10-05T23:35:00.000000,-173503.4995366619,420303.1371166726,246799.6375800107,-753200.3624199893,-75.32003624199893,3849.1036812433745,1
2022-10-06T23:55:00.000000,-173503.4995366619,417800.4934790272,244296.99394236528,-755703.0060576347,-75.57030060576348,3849.1036812433745,1
2022-10-07T23:50:00.000000,-173503.4995366619,410363.0595699683,236859.56003330642,-763140.4399666935,-76.31404399666935,3849.1036812433745,1
2022-10-08T23:55:00.000000,-173503.4995366619,418152.97849841387,244649.47896175197,-755350.521038248,-75.5350521038248,3849.1036812433745,1
2022-10-09T23:55:00.000000,-173503.4995366619,416038.0683820938,242534.5688454319,-757465.4311545681,-75.74654311545682,3849.1036812433745,1
2022-10-10T23:55:00.000000,-173503.4995366619,416390.5534014805,242887.0538648186,-757112.9461351815,-75.71129461351815,3849.1036812433745,1
2022-10-11T23:30:00.000000,-173503.4995366619,410292.56256609096,236789.06302942906,-763210.9369705709,-76.3210936970571,3849.1036812433745,1
2022-10-12T23:55:00.000000,-173503.4995366619,409270.3560098696,235766.8564732077,-764233.1435267923,-76.42331435267923,3849.1036812433745,1
2022-10-13T23:55:00.000000,-173503.4995366619,397532.6048642933,224029.1053276314,-775970.8946723687,-77.59708946723687,3849.1036812433745,1
2022-10-14T23:50:00.000000,-173503.4995366619,407754.6704265069,234251.170889845,-765748.829110155,-76.5748829110155,3849.1036812433745,1
2022-10-15T23:50:00.000000,-173503.4995366619,396968.6288332746,223465.1292966127,-776534.8707033873,-77.65348707033873,3849.1036812433745,1
2022-10-16T23:50:00.000000,-173503.4995366619,397391.61085653864,223888.11131987674,-776111.8886801233,-77.61118886801232,3849.1036812433745,1
2022-10-17T23:50:00.000000,-173503.4995366619,403630.5956996828,230127.09616302088,-769872.9038369791,-76.98729038369791,3849.1036812433745,1
2022-10-18T23:50:00.000000,-173503.4995366619,399788.50898836803,226285.00945170614,-773714.9905482938,-77.37149905482939,3849.1036812433745,1
2022-10-19T23:50:00.000000,-173503.4995366619,399259.78145928803,225756.28192262613,-774243.7180773739,-77.42437180773739,3849.1036812433745,1
2022-10-20T23:35:00.000000,-173503.4995366619,386887.55727881566,213384.05774215376,-786615.9422578462,-78.66159422578463,3849.1036812433745,1
2022-10-21T23:20:00.000000,-173503.4995366619,382763.4825519916,209259.9830153297,-790740.0169846703,-79.07400169846703,3849.1036812433745,1
2022-10-22T23:55:00.000000,-173503.4995366619,391469.8625308425,217966.36299418058,-782033.6370058195,-78.20336370058195,3849.1036812433745,1
2022-10-23T23:50:00.000000,-173503.4995366619,392315.82657737046,218812.32704070857,-781187.6729592914,-78.11876729592913,3849.1036812433745,1
2022-10-24T23:55:00.000000,-173503.4995366619,386147.33873810363,212643.83920144173,-787356.1607985583,-78.73561607985583,3849.1036812433745,1
2022-10-25T23:20:00.000000,-173503.4995366619,389918.9284455411,216415.42890887923,-783584.5710911208,-78.35845710911208,3849.1036812433745,1
2022-10-26T23:55:00.000000,-173503.4995366619,399894.254494184,226390.7549575221,-773609.245042478,-77.36092450424779,3849.1036812433745,1
2022-10-27T23:50:00.000000,-173503.4995366619,406802.96087416285,233299.46133750095,-766700.538662499,-76.67005386624992,3849.1036812433745,1
2022-10-28T23:55:00.000000,-173503.4995366619,393443.7786394079,219940.279102746,-780059.7208972541,-78.0059720897254,3849.1036812433745,1
2022-10-29T23:40:00.000000,-173503.4995366619,409058.86499823764,235555.36546157574,-764444.6345384242,-76.44446345384242,3849.1036812433745,1
2022-10-30T23:40:00.000000,-173503.4995366619,405040.53577722947,231537.03624056757,-768462.9637594324,-76.84629637594324,3849.1036812433745,1
2022-10-31T23:50:00.000000,-173503.4995366619,397708.8473739866,224205.34783732472,-775794.6521626753,-77.57946521626752,3849.1036812433745,1
2022-11-01T23:55:00.000000,-173503.4995366619,396651.39231582667,223147.89277916477,-776852.1072208353,-77.68521072208353,3849.1036812433745,1
2022-11-02T23:40:00.000000,-173503.4995366619,390694.3954881918,217190.8959515299,-782809.10404847,-78.280910404847,3849.1036812433745,1
2022-11-03T23:50:00.000000,-173503.4995366619,398343.3204088827,224839.8208722208,-775160.1791277792,-77.51601791277793,3849.1036812433745,1
2022-11-04T23:40:00.000000,-173503.4995366619,409763.83503701095,236260.33550034906,-763739.664499651,-76.3739664499651,3849.1036812433745,1
2022-11-05T23:55:00.000000,-173503.4995366619,423299.25978145935,249795.76024479745,-750204.2397552026,-75.02042397552026,3849.1036812433745,1
2022-11-06T23:50:00.000000,-173503.4995366619,414698.6253084244,241195.1257717625,-758804.8742282374,-75.88048742282373,3849.1036812433745,1
2022-11-07T23:50:00.000000,-1173803.499536662,1402467.3951357068,228663.89559904486,-771336.1044009551,-77.13361044009551,4149.103681243374,2
2022-11-08T23:45:00.000000,-1173803.499536662,1221455.490401421,47651.99086475908,-952348.0091352409,-95.23480091352408,4149.103681243374,2
2022-11-09T23:45:00.000000,-1173803.499536662,1069692.8874379792,-104110.61209868267,-1104110.6120986827,-110.41106120986828,4149.103681243374,2
2022-11-10T23:50:00.000000,-1173803.499536662,1108690.3152820482,-65113.184254613705,-1065113.1842546137,-106.51131842546138,4149.103681243374,2
2022-11-11T23:50:00.000000,-1173803.499536662,1065927.566880514,-107875.93265614798,-1107875.932656148,-110.7875932656148,4149.103681243374,2
2022-11-12T23:50:00.000000,-1173803.499536662,965144.4438446821,-208659.05569197983,-1208659.0556919798,-120.86590556919799,4149.103681243374,2
2022-11-13T23:35:00.000000,-1173803.499536662,959590.6214135088,-214212.87812315312,-1214212.878123153,-121.4212878123153,4149.103681243374,2
2022-11-14T23:20:00.000000,-516402.41719060356,290905.88649982377,-225496.5306907798,-1225496.53069078,-122.54965306907799,4346.383189799759,1
2022-11-15T23:50:00.000000,-516402.41719060356,297391.61085653864,-219010.80633406492,-1219010.8063340648,-121.90108063340648,4346.383189799759,1
2022-11-16T23:50:00.000000,-516402.41719060356,294888.96721889323,-221513.44997171033,-1221513.4499717103,-122.15134499717104,4346.383189799759,1
2022-11-17T23:55:00.000000,-516402.41719060356,286182.5872400423,-230219.82995056128,-1230219.8299505613,-123.02198299505613,4346.383189799759,1
2022-11-18T23:55:00.000000,-516402.41719060356,287204.7937962637,-229197.62339433987,-1229197.6233943398,-122.91976233943399,4346.383189799759,1
2022-11-19T23:50:00.000000,-516402.41719060356,292104.33556573844,-224298.08162486512,-1224298.081624865,-122.4298081624865,4346.383189799759,1
2022-11-20T23:40:00.000000,-516402.41719060356,297039.12583715195,-219363.2913534516,-1219363.2913534516,-121.93632913534516,4346.383189799759,1
2022-11-21T23:30:00.000000,-1516702.4171906034,1281917.5185054636,-234784.89868513984,-1234784.8986851398,-123.47848986851398,4646.383189799759,2
2022-11-22T23:20:00.000000,-1516702.4171906034,1306667.3534569624,-210035.06373364106,-1210035.063733641,-121.0035063733641,4646.383189799759,2
2022-11-23T23:50:00.000000,-1516702.4171906034,1349947.6995723385,-166754.71761826496,-1166754.717618265,-116.67547176182649,4646.383189799759,2
2022-11-24T23:50:00.000000,-1516702.4171906034,1362743.9830941856,-153958.43409641786,-1153958.4340964179,-115.3958434096418,4646.383189799759,2
2022-11-25T23:45:00.000000,-1516702.4171906034,1325302.5328085448,-191399.88438205863,-1191399.8843820586,-119.13998843820586,4646.383189799759,2
2022-11-26T23:50:00.000000,-1516702.4171906034,1338627.4596939946,-178074.95749660884,-1178074.9574966088,-117.80749574966087,4646.383189799759,2
2022-11-27T23:45:00.000000,-1516702.4171906034,1364856.570243329,-151845.8469472744,-1151845.8469472744,-115.18458469472743,4646.383189799759,2
2022-11-28T23:35:00.000000,-1514915.358928903,1290941.1350017623,-223974.2239271407,-1223974.2239271407,-122.39742239271408,5247.099522177982,2
2022-11-29T23:55:00.000000,-1514915.358928903,1307303.4623426774,-207611.8965862256,-1207611.8965862256,-120.76118965862257,5247.099522177982,2
2022-11-30T23:55:00.000000,-1514915.358928903,1380424.5747285439,-134490.78420035914,-1134490.7842003591,-113.4490784200359,5247.099522177982,2
2022-12-01T23:30:00.000000,-1514915.358928903,1377211.833761289,-137703.525167614,-1137703.525167614,-113.77035251676139,5247.099522177982,2
2022-12-02T23:40:00.000000,-1514915.358928903,1408560.9336653827,-106354.42526352033,-1106354.4252635203,-110.63544252635202,5247.099522177982,2
2022-12-03T23:50:00.000000,-1514915.358928903,1394938.2086816456,-119977.15024725744,-1119977.1502472574,-111.99771502472575,5247.099522177982,2
2022-12-04T23:45:00.000000,-1514915.358928903,1377078.2516094013,-137837.1073195017,-1137837.1073195017,-113.78371073195017,5247.099522177982,2
2022-12-05T23:55:00.000000,-376976.59995265584,301868.17060274945,-75108.4293499064,-1075108.4293499063,-107.51084293499062,5588.58359509273,1
2022-12-06T23:35:00.000000,-376976.59995265584,301480.43708142405,-75496.16287123179,-1075496.1628712318,-107.54961628712319,5588.58359509273,1
2022-12-07T23:55:00.000000,-376976.59995265584,290764.8924920691,-86211.70746058674,-1086211.7074605867,-108.62117074605865,5588.58359509273,1
2022-12-08T23:55:00.000000,-376976.59995265584,300281.9880155094,-76694.61193714646,-1076694.6119371464,-107.66946119371464,5588.58359509273,1
2022-12-09T23:50:00.000000,-376976.59995265584,300775.46704265074,-76201.13291000511,-1076201.132910005,-107.6201132910005,5588.58359509273,1
2022-12-10T23:55:00.000000,-376976.59995265584,299964.75149806135,-77011.8484545945,-1077011.8484545946,-107.70118484545945,5588.58359509273,1
2022-12-11T23:50:00.000000,-376976.59995265584,303736.3412054988,-73240.25874715706,-1073240.2587471572,-107.32402587471572,5588.58359509273,1
2022-12-12T23:45:00.000000,-376976.59995265584,287909.763835037,-89066.83611761883,-1089066.8361176187,-108.90668361176188,5588.58359509273,1
2022-12-13T23:55:00.000000,-376976.59995265584,284878.39266831166,-92098.20728434419,-1092098.2072843441,-109.20982072843441,5588.58359509273,1
2022-12-14T23:55:00.000000,-376976.59995265584,296263.6587945012,-80712.94115815463,-1080712.9411581545,-108.07129411581545,5588.58359509273,1
2022-12-15T23:30:00.000000,-376976.59995265584,287557.2788156504,-89419.32113700546,-1089419.3211370055,-108.94193211370056,5588.58359509273,1
2022-12-16T23:40:00.000000,-376976.59995265584,285794.853718717,-91181.74623393884,-1091181.7462339387,-109.11817462339388,5588.58359509273,1
2022-12-17T23:55:00.000000,-376976.59995265584,255551.6390553402,-121424.96089731564,-1121424.9608973158,-112.14249608973157,5588.58359509273,1
2022-12-18T23:50:00.000000,-376976.59995265584,257384.5611561509,-119592.03879650493,-1119592.038796505,-111.9592038796505,5588.58359509273,1
2022-12-19T23:55:00.000000,-376976.59995265584,254212.19598167078,-122764.40397098506,-1122764.403970985,-112.2764403970985,5588.58359509273,1
2022-12-20T23:55:00.000000,-376976.59995265584,249206.90870638,-127769.69124627585,-1127769.6912462758,-112.77696912462758,5588.58359509273,1
2022-12-21T23:35:00.000000,-376976.59995265584,251251.32181882273,-125725.27813383311,-1125725.278133833,-112.57252781338332,5588.58359509273,1
2022-12-22T23:55:00.000000,-376976.59995265584,250546.35178004936,-126430.24817260649,-1126430.2481726066,-112.64302481726065,5588.58359509273,1
2022-12-23T23:45:00.000000,-376976.59995265584,252308.77687698277,-124667.82307567308,-1124667.823075673,-112.4667823075673,5588.58359509273,1
2022-12-24T23:45:00.000000,-376976.59995265584,252837.50440606277,-124139.09554659307,-1124139.095546593,-112.41390955465928,5588.58359509273,1
2022-12-25T23:55:00.000000,-376976.59995265584,250687.34578780405,-126289.2541648518,-1126289.2541648517,-112.62892541648517,5588.58359509273,1
2022-12-26T23:20:00.000000,-376976.59995265584,250405.3577722947,-126571.24218036115,-1126571.2421803612,-112.6571242180361,5588.58359509273,1
2022-12-27T23:50:00.000000,-376976.59995265584,245364.82199506523,-131611.77795759062,-1131611.7779575905,-113.16117779575904,5588.58359509273,1
2022-12-28T23:55:00.000000,-376976.59995265584,257596.0521677829,-119380.54778487294,-1119380.5477848728,-111.93805477848728,5588.58359509273,1
2022-12-29T23:55:00.000000,-376976.59995265584,234649.27740571028,-142327.32254694556,-1142327.3225469457,-114.23273225469457,5588.58359509273,1
2022-12-30T23:55:00.000000,-376976.59995265584,228974.2685935848,-148002.33135907105,-1148002.331359071,-114.8002331359071,5588.58359509273,1
2022-12-31T22:55:00.000000,-376976.59995265584,238244.62460345437,-138731.97534920147,-1138731.9753492014,-113.87319753492014,5588.58359509273,1
2023-01-01T23:55:00.000000,-376976.59995265584,237504.40606274235,-139472.1938899135,-1139472.1938899136,-113.94721938899137,5588.58359509273,1
2023-01-02T23:50:00.000000,-1377276.5999526558,1246598.5195629187,-130678.08038973715,-1130678.0803897372,-113.06780803897371,5888.58359509273,2
2023-01-03T23:45:00.000000,-1377276.5999526558,1236438.4623497773,-140838.1376028785,-1140838.1376028785,-114.08381376028784,5888.58359509273,2
2023-01-04T23:50:00.000000,-1377276.5999526558,1263990.508782131,-113286.09117052495,-1113286.091170525,-111.3286091170525,5888.58359509273,2
2023-01-05T23:55:00.000000,-1377276.5999526558,1260146.1969846261,-117130.40296802972,-1117130.4029680297,-111.71304029680297,5888.58359509273,2
2023-01-06T23:55:00.000000,-1377276.5999526558,1244857.551354401,-132419.0485982548,-1132419.0485982548,-113.24190485982548,5888.58359509273,2
2023-01-07T23:55:00.000000,-1377276.5999526558,1259000.4148266413,-118276.18512601452,-1118276.1851260145,-111.82761851260146,5888.58359509273,2
2023-01-08T23:55:00.000000,-1377276.5999526558,1253156.6915497305,-124119.90840292536,-1124119.9084029254,-112.41199084029255,5888.58359509273,2
2023-01-09T23:50:00.000000,-1330616.0326556591,1270532.252379274,-60083.780276385136,-1060083.7802763851,-106.00837802763851,6502.766020009304,3
2023-01-10T23:40:00.000000,-1330616.0326556591,1282051.0128689043,-48565.019786754856,-1048565.0197867549,-104.85650197867548,6502.766020009304,3
2023-01-11T23:55:00.000000,-1330616.0326556591,1257031.778202375,-73584.2544532842,-1073584.2544532842,-107.35842544532841,6502.766020009304,3
2023-01-12T23:55:00.000000,-1330616.0326556591,1284360.6423948994,-46255.39026075974,-1046255.3902607597,-104.62553902607597,6502.766020009304,3
2023-01-13T23:40:00.000000,-1330616.0326556591,1347569.141697394,16953.10904173483,-983046.8909582652,-98.30468909582652,6502.766020009304,3
2023-01-14T23:35:00.000000,-1330616.0326556591,1466113.097969575,135497.06531391595,-864502.934686084,-86.45029346860841,6502.766020009304,3
2023-01-15T23:45:00.000000,-1330616.0326556591,1564728.1249379902,234112.09228233108,-765887.9077176689,-76.5887907717669,6502.766020009304,3
2023-01-16T23:55:00.000000,-99075.11410166521,326577.37046175543,227502.25636009022,-772497.7436399098,-77.24977436399098,6872.339167519755,1
2023-01-17T23:50:00.000000,-99075.11410166521,325343.67289390205,226268.55879223684,-773731.4412077632,-77.37314412077632,6872.339167519755,1
2023-01-18T23:50:00.000000,-99075.11410166521,339231.5826577371,240156.46855607186,-759843.5314439281,-75.98435314439281,6872.339167519755,1
2023-01-19T23:55:00.000000,-99075.11410166521,315051.1103278111,215975.9962261459,-784024.0037738541,-78.4024003773854,6872.339167519755,1
2023-01-20T23:55:00.000000,-99075.11410166521,339513.5706732464,240438.4565715812,-759561.5434284188,-75.95615434284188,6872.339167519755,1
2023-01-21T23:40:00.000000,-99075.11410166521,346845.25907648925,247770.14497482404,-752229.855025176,-75.22298550251759,6872.339167519755,1
2023-01-22T23:55:00.000000,-99075.11410166521,339337.3281635531,240262.21406188788,-759737.7859381121,-75.9737785938112,6872.339167519755,1
2023-01-23T23:45:00.000000,-99075.11410166521,351956.29185759614,252881.17775593093,-747118.8222440691,-74.7118822244069,6872.339167519755,1
2023-01-24T23:45:00.000000,-99075.11410166521,355657.3845611562,256582.270459491,-743417.7295405089,-74.3417729540509,6872.339167519755,1
2023-01-25T23:55:00.000000,-99075.11410166521,366619.66866408184,267544.5545624166,-732455.4454375834,-73.24554454375833,6872.339167519755,1
2023-01-26T23:45:00.000000,-99075.11410166521,365949.9471272472,266874.83302558196,-733125.1669744181,-73.31251669744181,6872.339167519755,1
2023-01-27T23:45:00.000000,-99075.11410166521,364011.2795206204,264936.1654189552,-735063.8345810447,-73.50638345810448,6872.339167519755,1
2023-01-28T23:15:00.000000,-99075.11410166521,356679.5911173775,257604.4770157123,-742395.5229842877,-74.23955229842876,6872.339167519755,1
2023-01-29T23:55:00.000000,-99075.11410166521,356891.0821290096,257815.96802734438,-742184.0319726556,-74.21840319726556,6872.339167519755,1
2023-01-30T23:40:00.000000,-99075.11410166521,337398.6605569264,238323.54645526118,-761676.4535447388,-76.16764535447388,6872.339167519755,1
2023-01-31T23:55:00.000000,-99075.11410166521,333521.32534367294,234446.21124200773,-765553.7887579922,-76.55537887579922,6872.339167519755,1
2023-02-01T23:45:00.000000,-99075.11410166521,324779.69686288334,225704.58276121813,-774295.4172387819,-77.42954172387819,6872.339167519755,1
2023-02-02T23:10:00.000000,-99075.11410166521,357208.31864645757,258133.20454479236,-741866.7954552076,-74.18667954552076,6872.339167519755,1
2023-02-03T23:55:00.000000,-99075.11410166521,362284.10292562575,263208.98882396054,-736791.0111760395,-73.67910111760395,6872.339167519755,1
2023-02-04T23:55:00.000000,-99075.11410166521,378357.41980965814,279282.3057079929,-720717.694292007,-72.0717694292007,6872.339167519755,1
2023-02-05T23:45:00.000000,-99075.11410166521,385125.13218188233,286050.0180802171,-713949.9819197829,-71.3949981919783,6872.339167519755,1
2023-02-06T23:50:00.000000,-99075.11410166521,376207.2611913994,277132.1470897342,-722867.8529102658,-72.28678529102658,6872.339167519755,1
2023-02-07T23:35:00.000000,-99075.11410166521,388332.7458583011,289257.6317566359,-710742.3682433642,-71.07423682433641,6872.339167519755,1
2023-02-08T23:45:00.000000,-99075.11410166521,406309.48184702155,307234.36774535634,-692765.6322546436,-69.27656322546436,6872.339167519755,1
2023-02-09T23:55:00.000000,-99075.11410166521,393126.54212195985,294051.42802029464,-705948.5719797054,-70.59485719797054,6872.339167519755,1
2023-02-10T23:50:00.000000,-99075.11410166521,366337.68064857245,267262.56654690724,-732737.4334530928,-73.27374334530928,6872.339167519755,1
2023-02-11T23:55:00.000000,-99075.11410166521,364575.2555516391,265500.14144997386,-734499.8585500261,-73.44998585500261,6872.339167519755,1
2023-02-12T23:55:00.000000,-99075.11410166521,365174.48008459643,266099.3659829312,-733900.6340170688,-73.39006340170687,6872.339167519755,1
2023-02-13T23:50:00.000000,-99075.11410166521,344236.8699330279,245161.75583136268,-754838.2441686373,-75.48382441686373,6872.339167519755,1
2023-02-14T23:40:00.000000,-99075.11410166521,350405.3577722947,251330.2436706295,-748669.7563293704,-74.86697563293704,6872.339167519755,1
2023-02-15T23:55:00.000000,-99075.11410166521,357631.3006697216,258556.1865680564,-741443.8134319435,-74.14438134319435,6872.339167519755,1
2023-02-16T23:50:00.000000,-99075.11410166521,389989.4254494184,290914.3113477532,-709085.6886522467,-70.90856886522468,6872.339167519755,1
2023-02-17T23:50:00.000000,-99075.11410166521,378075.43179414875,279000.31769248354,-720999.6823075165,-72.09996823075164,6872.339167519755,1
2023-02-18T23:50:00.000000,-99075.11410166521,391328.8685230878,292253.7544214226,-707746.2455785774,-70.77462455785773,6872.339167519755,1
2023-02-19T23:55:00.000000,-99075.11410166521,394994.71272470924,295919.59862304403,-704080.4013769559,-70.4080401376956,6872.339167519755,1
2023-02-20T23:55:00.000000,-99075.11410166521,519562.91857596056,420487.80447429535,-579512.1955257047,-57.951219552570464,6872.339167519755,1
2023-02-21T23:55:00.000000,-99075.11410166521,451815.2978498414,352740.1837481762,-647259.8162518238,-64.72598162518238,6872.339167519755,1
2023-02-22T23:55:00.000000,-99075.11410166521,436905.18152978504,337830.06742811983,-662169.9325718802,-66.21699325718802,6872.339167519755,1
2023-02-23T23:50:00.000000,-99075.11410166521,427670.0740218541,328594.9599201889,-671405.0400798111,-67.14050400798112,6872.339167519755,1
2023-02-24T23:50:00.000000,-99075.11410166521,394571.73070144525,295496.61659978004,-704503.38340022,-70.450338340022,6872.339167519755,1
2023-02-25T23:50:00.000000,-99075.11410166521,399788.50898836803,300713.3948867028,-699286.6051132972,-69.92866051132972,6872.339167519755,1
2023-02-26T23:55:00.000000,-99075.11410166521,405816.0028198802,306740.888718215,-693259.111281785,-69.32591112817849,6872.339167519755,1
2023-02-27T23:55:00.000000,-99075.11410166521,403665.8442016215,304590.7300999563,-695409.2699000437,-69.54092699000437,6872.339167519755,1
2023-02-28T23:55:00.000000,-99075.11410166521,401304.19457173074,302229.0804700655,-697770.9195299344,-69.77709195299344,6872.339167519755,1
2023-03-01T23:35:00.000000,-99075.11410166521,413359.1822347551,314284.06813308987,-685715.9318669101,-68.571593186691,6872.339167519755,1
2023-03-02T23:55:00.000000,-99075.11410166521,421395.8406767713,322320.7265751061,-677679.2734248939,-67.76792734248939,6872.339167519755,1
2023-03-03T23:55:00.000000,-99075.11410166521,389354.9524145224,290279.8383128572,-709720.1616871428,-70.97201616871428,6872.339167519755,1
2023-03-04T23:55:00.000000,-99075.11410166521,381001.05745505815,281925.94335339294,-718074.0566466071,-71.80740566466072,6872.339167519755,1
2023-03-05T23:55:00.000000,-99075.11410166521,371836.4469510046,272761.3328493394,-727238.6671506607,-72.72386671506607,6872.339167519755,1
2023-03-06T23:45:00.000000,-99075.11410166521,367359.88720479386,268284.77310312865,-731715.2268968713,-73.17152268968712,6872.339167519755,1
2023-03-07T23:55:00.000000,-99075.11410166521,368910.8212900952,269835.70718843,-730164.29281157,-73.016429281157,6872.339167519755,1
2023-03-08T23:50:00.000000,-99075.11410166521,354494.18399718014,255419.06989551493,-744580.930104485,-74.4580930104485,6872.339167519755,1
2023-03-09T23:45:00.000000,-99075.11410166521,335847.726471625,236772.61236995977,-763227.3876300403,-76.32273876300403,6872.339167519755,1
2023-03-10T23:55:00.000000,-99075.11410166521,306767.71237222425,207692.59827055904,-792307.401729441,-79.23074017294411,6872.339167519755,1
2023-03-11T23:55:00.000000,-99075.11410166521,309517.0955234403,210441.98142177507,-789558.0185782249,-78.9558018578225,6872.339167519755,1
2023-03-12T23:55:00.000000,-99075.11410166521,318857.9485371872,219782.83443552197,-780217.165564478,-78.02171655644781,6872.339167519755,1
2023-03-13T23:55:00.000000,-99075.11410166521,349277.40571025736,250202.29160859215,-749797.7083914079,-74.97977083914078,6872.339167519755,1
2023-03-14T23:55:00.000000,-99075.11410166521,360874.162848079,261799.04874641378,-738200.9512535862,-73.82009512535862,6872.339167519755,1
2023-03-15T23:45:00.000000,-99075.11410166521,345858.30102220655,246783.18692054134,-753216.8130794587,-75.32168130794587,6872.339167519755,1
2023-03-16T23:50:00.000000,-99075.11410166521,347021.5015861826,247946.3874845174,-752053.6125154826,-75.20536125154827,6872.339167519755,1
2023-03-17T23:50:00.000000,-99075.11410166521,361367.64187522035,262292.52777355514,-737707.4722264449,-73.77074722264449,6872.339167519755,1
2023-03-18T23:50:00.000000,-99075.11410166521,385618.6112090237,286543.4971073585,-713456.5028926416,-71.34565028926416,6872.339167519755,1
2023-03-19T23:50:00.000000,-99075.11410166521,391434.61402890383,292359.4999272386,-707640.5000727614,-70.76405000727615,6872.339167519755,1
2023-03-20T23:55:00.000000,-1099375.114101665,1388156.5033486076,288781.3892469425,-711218.6107530575,-71.12186107530574,7172.339167519755,2
2023-03-21T23:45:00.000000,-1099375.114101665,1364480.7826145545,265105.6685128894,-734894.3314871106,-73.48943314871106,7172.339167519755,2
2023-03-22T23:55:00.000000,-1099375.114101665,1391340.112799248,291964.99869758287,-708035.0013024171,-70.80350013024172,7172.339167519755,2
2023-03-23T23:45:00.000000,-1099375.114101665,1352027.5204265292,252652.40632486413,-747347.5936751359,-74.73475936751358,7172.339167519755,2
2023-03-24T23:50:00.000000,-1099375.114101665,1365783.247297645,266408.13319598,-733591.86680402,-73.359186680402,7172.339167519755,2
2023-03-25T23:50:00.000000,-1099375.114101665,1329288.7768988085,229913.66279714345,-770086.3372028565,-77.00863372028566,7172.339167519755,2
2023-03-26T23:45:00.000000,-1099375.114101665,1344876.0476183374,245500.93351667235,-754499.0664833277,-75.44990664833277,7172.339167519755,2
2023-03-27T23:55:00.000000,-157048.10458440788,345611.5615086359,188563.456924228,-811436.543075772,-81.1436543075772,7455.122105256253,1
2023-03-28T23:40:00.000000,-157048.10458440788,349735.63623546006,192687.53165105218,-807312.4683489478,-80.73124683489478,7455.122105256253,1
2023-03-29T23:50:00.000000,-157048.10458440788,359323.22876277764,202275.12417836976,-797724.8758216302,-79.77248758216302,7455.122105256253,1
2023-03-30T23:55:00.000000,-157048.10458440788,366795.91117377515,209747.80658936728,-790252.1934106327,-79.02521934106326,7455.122105256253,1
2023-03-31T23:55:00.000000,-157048.10458440788,367677.12372224184,210629.01913783397,-789370.980862166,-78.93709808621661,7455.122105256253,1
2023-04-01T23:55:00.000000,-157048.10458440788,392069.0870637998,235020.9824793919,-764979.0175206081,-76.49790175206081,7455.122105256253,1
2023-04-02T23:55:00.000000,-157048.10458440788,377440.9587592528,220392.85417484492,-779607.1458251551,-77.96071458251551,7455.122105256253,1
2023-04-03T23:55:00.000000,-157048.10458440788,373493.126542122,216445.0219577141,-783554.9780422859,-78.35549780422859,7455.122105256253,1
2023-04-04T23:45:00.000000,-157048.10458440788,392950.29961226654,235902.19502785866,-764097.8049721413,-76.40978049721413,7455.122105256253,1
2023-04-05T23:55:00.000000,-157048.10458440788,396439.9013041946,239391.7967197867,-760608.2032802133,-76.06082032802132,7455.122105256253,1
2023-04-06T23:55:00.000000,-157048.10458440788,404511.8082481495,247463.70366374165,-752536.2963362583,-75.25362963362583,7455.122105256253,1
2023-04-07T23:50:00.000000,-157048.10458440788,386429.326753613,229381.22216920514,-770618.7778307949,-77.0618777830795,7455.122105256253,1
2023-04-08T23:45:00.000000,-157048.10458440788,387909.763835037,230861.65925062913,-769138.3407493709,-76.91383407493709,7455.122105256253,1
2023-04-09T23:45:00.000000,-157048.10458440788,388649.98237574904,231601.87779134116,-768398.1222086588,-76.8398122208659,7455.122105256253,1
2023-04-10T23:55:00.000000,-157048.10458440788,383468.4525907649,226420.34800635703,-773579.651993643,-77.3579651993643,7455.122105256253,1
2023-04-11T23:55:00.000000,-157048.10458440788,396792.3863235813,239744.2817391734,-760255.7182608265,-76.02557182608265,7455.122105256253,1
2023-04-12T23:55:00.000000,-157048.10458440788,383468.4525907649,226420.34800635703,-773579.651993643,-77.3579651993643,7455.122105256253,1
2023-04-13T23:50:00.000000,-157048.10458440788,388050.75784279173,231002.65325838386,-768997.3467416161,-76.8997346741616,7455.122105256253,1
2023-04-14T23:40:00.000000,-157048.10458440788,403419.1046880508,246371.00010364293,-753628.9998963571,-75.36289998963571,7455.122105256253,1
2023-04-15T23:55:00.000000,-157048.10458440788,414663.37680648576,257615.27222207788,-742384.7277779221,-74.23847277779221,7455.122105256253,1
2023-04-16T23:50:00.000000,-157048.10458440788,417553.75396545656,260505.6493810487,-739494.3506189513,-73.94943506189513,7455.122105256253,1
2023-04-17T23:55:00.000000,-157048.10458440788,410081.071554459,253032.96697005111,-746967.0330299488,-74.69670330299488,7455.122105256253,1
2023-04-18T23:55:00.000000,-157048.10458440788,415932.3228762778,258884.2182918699,-741115.7817081301,-74.11157817081302,7455.122105256253,1
2023-04-19T23:55:00.000000,-157048.10458440788,428234.0500528728,271185.9454684649,-728814.0545315351,-72.88140545315352,7455.122105256253,1
2023-04-20T23:50:00.000000,-157048.10458440788,387945.0123369757,230896.90775256784,-769103.0922474321,-76.91030922474322,7455.122105256253,1
2023-04-21T23:50:00.000000,-157048.10458440788,378498.4138174128,221450.30923300493,-778549.6907669951,-77.8549690766995,7455.122105256253,1
2023-04-22T23:50:00.000000,-157048.10458440788,365033.4860768418,207985.3814924339,-792014.6185075662,-79.20146185075662,7455.122105256253,1
2023-04-23T23:50:00.000000,-157048.10458440788,361367.64187522035,204319.53729081247,-795680.4627091875,-79.56804627091876,7455.122105256253,1
2023-04-24T23:55:00.000000,-157048.10458440788,364610.5040535778,207562.3994691699,-792437.6005308301,-79.24376005308301,7455.122105256253,1
2023-04-25T23:55:00.000000,-157048.10458440788,363447.30348960176,206399.1989051939,-793600.801094806,-79.3600801094806,7455.122105256253,1
2023-04-26T23:55:00.000000,-157048.10458440788,369157.5608036659,212109.45621925802,-787890.543780742,-78.7890543780742,7455.122105256253,1
2023-04-27T23:55:00.000000,-157048.10458440788,372999.64751498064,215951.54293057276,-784048.4570694272,-78.40484570694272,7455.122105256253,1
2023-04-28T23:50:00.000000,-157048.10458440788,367077.8991892845,210029.7946048766,-789970.2053951235,-78.99702053951233,7455.122105256253,1
2023-04-29T23:40:00.000000,-157048.10458440788,376348.2551991541,219300.1506147462,-780699.8493852539,-78.06998493852538,7455.122105256253,1
2023-04-30T23:50:00.000000,-157048.10458440788,376912.23123017274,219864.12664576486,-780135.8733542352,-78.01358733542352,7455.122105256253,1
2023-05-01T23:50:00.000000,-1157348.104584408,1370567.5008812125,213219.39629680454,-786780.6037031955,-78.67806037031954,7755.122105256253,3
2023-05-02T23:00:00.000000,-1157348.104584408,1362995.6708518812,205647.56626747316,-794352.4337325268,-79.43524337325269,7755.122105256253,3
2023-05-03T23:35:00.000000,-1157348.104584408,1341998.3108652236,184650.20628081565,-815349.7937191844,-81.53497937191844,7755.122105256253,3
2023-05-04T23:55:00.000000,-1157348.104584408,1373374.7364048585,216026.63182045054,-783973.3681795495,-78.39733681795494,7755.122105256253,3
2023-05-05T23:55:00.000000,-1157348.104584408,1360760.0273298556,203411.9227454476,-796588.0772545524,-79.65880772545523,7755.122105256253,3
2023-05-06T23:55:00.000000,-1157348.104584408,1323712.7800250594,166364.67544065136,-833635.3245593486,-83.36353245593486,7755.122105256253,3
2023-05-07T23:55:00.000000,-1157348.104584408,1310291.2538423208,152943.14925791277,-847056.8507420872,-84.70568507420873,7755.122105256253,3
2023-05-08T23:55:00.000000,-1263569.9443363755,1340641.5227352837,77071.57839890826,-922928.4216010917,-92.29284216010917,8323.426044512438,2
2023-05-09T23:50:00.000000,-1263569.9443363755,1314640.3745930148,51070.430256639374,-948929.5697433606,-94.89295697433606,8323.426044512438,2
2023-05-10T23:55:00.000000,-1263569.9443363755,1363392.9614632782,99823.0171269027,-900176.9828730973,-90.01769828730973,8323.426044512438,2
2023-05-11T23:55:00.000000,-1263569.9443363755,1359070.3450149242,95500.40067854873,-904499.5993214513,-90.44995993214513,8323.426044512438,2
2023-05-12T23:45:00.000000,-1263569.9443363755,1290754.136567066,27184.192230690503,-972815.8077693095,-97.28158077693095,8323.426044512438,2
2023-05-13T23:50:00.000000,-1263569.9443363755,1313798.361415671,50228.4170792955,-949771.5829207045,-94.97715829207046,8323.426044512438,2
2023-05-14T23:40:00.000000,-1263569.9443363755,1338833.0510313106,75263.10669493512,-924736.8933050649,-92.47368933050649,8323.426044512438,2
2023-05-15T23:50:00.000000,-135866.87293629558,332992.59781459294,197125.72487829736,-802874.2751217026,-80.28742751217027,8661.838489666008,1
2023-05-16T23:25:00.000000,-135866.87293629558,332463.8702855129,196596.9973492173,-803403.0026507827,-80.34030026507827,8661.838489666008,1
2023-05-17T23:55:00.000000,-135866.87293629558,335037.01092703565,199170.13799074007,-800829.8620092599,-80.08298620092599,8661.838489666008,1
2023-05-18T23:50:00.000000,-135866.87293629558,342509.69333803316,206642.82040173758,-793357.1795982624,-79.33571795982624,8661.838489666008,1
2023-05-19T23:55:00.000000,-135866.87293629558,338174.12759957707,202307.2546632815,-797692.7453367185,-79.76927453367185,8661.838489666008,1
2023-05-20T23:55:00.000000,-135866.87293629558,339619.3161790624,203752.44324276684,-796247.5567572331,-79.6247556757233,8661.838489666008,1
2023-05-21T23:45:00.000000,-135866.87293629558,337892.13958406774,202025.26664777217,-797974.7333522278,-79.79747333522278,8661.838489666008,1
2023-05-22T23:45:00.000000,-135866.87293629558,333168.84032428626,197301.96738799068,-802698.0326120093,-80.26980326120093,8661.838489666008,1
2023-05-23T23:40:00.000000,-135866.87293629558,337962.63658794505,202095.76365164947,-797904.2363483505,-79.79042363483505,8661.838489666008,1
2023-05-24T23:40:00.000000,-135866.87293629558,320126.8946069792,184260.02167068364,-815739.9783293164,-81.57399783293164,8661.838489666008,1
2023-05-25T23:45:00.000000,-135866.87293629558,325061.68487839267,189194.8119420971,-810805.188057903,-81.08051880579029,8661.838489666008,1
2023-05-26T23:45:00.000000,-135866.87293629558,323581.2477969687,187714.3748606731,-812285.6251393269,-81.22856251393269,8661.838489666008,1
2023-05-27T23:55:00.000000,-135866.87293629558,324074.72682411,188207.85388781445,-811792.1461121856,-81.17921461121855,8661.838489666008,1
2023-05-28T23:55:00.000000,-135866.87293629558,330419.4571730702,194552.5842367746,-805447.4157632254,-80.54474157632254,8661.838489666008,1
2023-05-29T23:55:00.000000,-135866.87293629558,331476.9122312302,195610.0392949346,-804389.9607050654,-80.43899607050655,8661.838489666008,1
2023-05-30T23:55:00.000000,-135866.87293629558,329467.7476207261,193600.87468443054,-806399.1253155695,-80.63991253155694,8661.838489666008,1
2023-05-31T23:40:00.000000,-135866.87293629558,328339.7955586888,192472.92262239323,-807527.0773776068,-80.75270773776067,8661.838489666008,1
2023-06-01T23:55:00.000000,-135866.87293629558,321219.59816707793,185352.72523078235,-814647.2747692177,-81.46472747692177,8661.838489666008,1
2023-06-02T23:55:00.000000,-135866.87293629558,327846.31653154746,191979.44359525188,-808020.5564047481,-80.80205564047482,8661.838489666008,1
2023-06-03T23:50:00.000000,-135866.87293629558,328551.2865703208,192684.4136340252,-807315.5863659747,-80.73155863659748,8661.838489666008,1
2023-06-04T23:45:00.000000,-135866.87293629558,328128.3045470568,192261.4316107612,-807738.5683892388,-80.77385683892388,8661.838489666008,1
2023-06-05T23:55:00.000000,-1136166.8729362956,1313711.6672541418,177544.7943178462,-822455.2056821538,-82.24552056821538,8961.838489666008,3
2023-06-06T23:55:00.000000,-1136166.8729362956,1360562.5005375233,224395.62760122772,-775604.3723987723,-77.56043723987722,8961.838489666008,3
2023-06-07T23:30:00.000000,-1136166.8729362956,1317691.0687462948,181524.19580999925,-818475.8041900008,-81.84758041900008,8961.838489666008,3
2023-06-08T23:45:00.000000,-1136166.8729362956,1312611.9165272017,176445.04359090608,-823554.9564090939,-82.3554956409094,8961.838489666008,3
2023-06-09T23:50:00.000000,-1136166.8729362956,1305014.2814518427,168847.40851554717,-831152.5914844528,-83.11525914844529,8961.838489666008,3
2023-06-10T23:55:00.000000,-1136166.8729362956,1053088.4065007581,-83078.46643553744,-1083078.4664355374,-108.30784664355375,8961.838489666008,3
2023-06-11T23:55:00.000000,-1136166.8729362956,1079511.2994428335,-56655.573493462056,-1056655.573493462,-105.6655573493462,8961.838489666008,3
2023-06-12T23:50:00.000000,-713682.8528531931,665250.6407838109,-48432.21206938219,-1048432.2120693822,-104.84322120693821,9088.621730663239,2
2023-06-13T23:30:00.000000,-713682.8528531931,664016.8736373908,-49665.979215802276,-1049665.9792158022,-104.9665979215802,9088.621730663239,2
2023-06-14T23:55:00.000000,-713682.8528531931,681161.9787643431,-32520.87408884999,-1032520.87408885,-103.252087408885,9088.621730663239,2
2023-06-15T23:55:00.000000,-713682.8528531931,642465.7057681049,-71217.14708508819,-1071217.1470850883,-107.12171470850882,9088.621730663239,2
2023-06-16T23:55:00.000000,-713682.8528531931,677644.1838371494,-36038.669016043656,-1036038.6690160437,-103.60386690160436,9088.621730663239,2
2023-06-17T23:55:00.000000,-713682.8528531931,674767.8198015313,-38915.0330516618,-1038915.0330516618,-103.89150330516618,9088.621730663239,2
2023-06-18T23:55:00.000000,-713682.8528531931,709304.8252318602,-4378.027621332905,-1004378.0276213329,-100.4378027621333,9088.621730663239,2
2023-06-19T23:50:00.000000,-713682.8528531931,690517.0814685698,-23165.77138462325,-1023165.7713846233,-102.31657713846232,9088.621730663239,2
2023-06-20T23:55:00.000000,-713682.8528531931,690115.306992465,-23567.545860728016,-1023567.545860728,-102.35675458607281,9088.621730663239,2
2023-06-21T23:40:00.000000,-713682.8528531931,739604.7046800352,25921.851826842176,-974078.1481731578,-97.40781481731578,9088.621730663239,2
2023-06-22T23:50:00.000000,-713682.8528531931,764722.9847646595,51040.13191146648,-948959.8680885335,-94.89598680885335,9088.621730663239,2
2023-06-23T23:50:00.000000,-713682.8528531931,793634.006441027,79951.15358783398,-920048.846412166,-92.0048846412166,9088.621730663239,2
2023-06-24T23:50:00.000000,-713682.8528531931,801268.8904069386,87586.03755374555,-912413.9624462544,-91.24139624462545,9088.621730663239,2
2023-06-25T23:55:00.000000,-713682.8528531931,789580.2199823798,75897.36712918675,-924102.6328708132,-92.41026328708134,9088.621730663239,2
2023-06-26T23:55:00.000000,-713682.8528531931,773964.9944664165,60282.14161322347,-939717.8583867765,-93.97178583867766,9088.621730663239,2
2023-06-27T23:50:00.000000,-713682.8528531931,768691.7879618225,55008.935108629405,-944991.0648913706,-94.49910648913706,9088.621730663239,2
2023-06-28T23:50:00.000000,-713682.8528531931,737186.3902653463,23503.537412153208,-976496.4625878468,-97.64964625878468,9088.621730663239,2
2023-06-29T23:50:00.000000,-713682.8528531931,726654.0738737909,12971.221020597848,-987028.7789794022,-98.70287789794021,9088.621730663239,2
2023-06-30T23:50:00.000000,-713682.8528531931,761931.1447719848,48248.291918791714,-951751.7080812083,-95.17517080812082,9088.621730663239,2
2023-07-01T23:50:00.000000,-713682.8528531931,769960.8036101813,56277.950756988255,-943722.0492430117,-94.37220492430117,9088.621730663239,2
2023-07-02T23:55:00.000000,-713682.8528531931,794931.201408938,81248.34855574497,-918751.651444255,-91.87516514442551,9088.621730663239,2
2023-07-03T23:55:00.000000,-1713982.852853193,1799407.7472394356,85424.89438624261,-914575.1056137574,-91.45751056137574,9388.621730663239,3
2023-07-04T23:25:00.000000,-1713982.852853193,1904806.2725707996,190823.41971760662,-809176.5802823934,-80.91765802823933,9388.621730663239,3
2023-07-05T23:55:00.000000,-1713982.852853193,1860657.5610794146,146674.7082262216,-853325.2917737784,-85.33252917737784,9388.621730663239,3
2023-07-06T23:50:00.000000,-1713982.852853193,1864699.0338037922,150716.18095059926,-849283.8190494007,-84.92838190494008,9388.621730663239,3
2023-07-07T23:55:00.000000,-1713982.852853193,1718277.568335318,4294.715482125059,-995705.2845178749,-99.5705284517875,9388.621730663239,3
2023-07-08T23:55:00.000000,-1713982.852853193,1719468.8659823206,5486.0131291276775,-994513.9868708723,-99.45139868708723,9388.621730663239,3
2023-07-09T23:45:00.000000,-1713982.852853193,1728606.6359850094,14623.783131816424,-985376.2168681836,-98.53762168681835,9388.621730663239,3
2023-07-10T23:55:00.000000,-771046.1717401976,740006.3678304332,-31039.803909764392,-1031039.8039097644,-103.10398039097643,9671.587624765369,2
2023-07-11T23:55:00.000000,-771046.1717401976,751307.0403351126,-19739.131405084976,-1019739.131405085,-101.9739131405085,9671.587624765369,2
2023-07-12T23:55:00.000000,-771046.1717401976,757369.7548371367,-13676.416903060861,-1013676.4169030609,-101.36764169030607,9671.587624765369,2
2023-07-13T23:45:00.000000,-771046.1717401976,819062.5095235662,48016.33778336865,-951983.6622166313,-95.19836622166314,9671.587624765369,2
2023-07-14T23:40:00.000000,-771046.1717401976,829517.3571388514,58471.18539865385,-941528.8146013462,-94.15288146013462,9671.587624765369,2
2023-07-15T23:55:00.000000,-771046.1717401976,824095.8508769891,53049.6791367915,-946950.3208632085,-94.69503208632085,9671.587624765369,2
2023-07-16T23:45:00.000000,-771046.1717401976,811808.0950766066,40761.92333640903,-959238.076663591,-95.9238076663591,9671.587624765369,2
2023-07-17T23:35:00.000000,-771046.1717401976,805773.5042312813,34727.33249108377,-965272.6675089162,-96.52726675089163,9671.587624765369,2
2023-07-18T23:55:00.000000,-771046.1717401976,779181.7866690527,8135.614928855095,-991864.3850711449,-99.18643850711449,9671.587624765369,2
2023-07-19T23:55:00.000000,-771046.1717401976,779456.7472493157,8410.575509118149,-991589.4244908819,-99.15894244908819,9671.587624765369,2
2023-07-20T23:50:00.000000,-771046.1717401976,794987.3373966289,23941.165656431345,-976058.8343435687,-97.60588343435687,9671.587624765369,2
2023-07-21T23:30:00.000000,-771046.1717401976,778878.6467692375,7832.475029039895,-992167.5249709601,-99.21675249709601,9671.587624765369,2
2023-07-22T23:55:00.000000,-771046.1717401976,778363.9323635101,7317.760623312555,-992682.2393766874,-99.26822393766874,9671.587624765369,2
2023-07-23T23:50:00.000000,-771046.1717401976,780704.3883619548,9658.216621757252,-990341.7833782427,-99.03417833782427,9671.587624765369,2
2023-07-24T23:50:00.000000,-771046.1717401976,740111.8628534086,-30934.30888678902,-1030934.308886789,-103.09343088867891,9671.587624765369,2
2023-07-25T23:35:00.000000,-771046.1717401976,735578.9027209533,-35467.26901924424,-1035467.2690192442,-103.54672690192442,9671.587624765369,2
2023-07-26T23:50:00.000000,-771046.1717401976,732688.4003205623,-38357.771419635275,-1038357.7714196353,-103.83577714196352,9671.587624765369,2
2023-07-27T23:55:00.000000,-771046.1717401976,752596.9295535102,-18449.24218668742,-1018449.2421866874,-101.84492421866875,9671.587624765369,2
2023-07-28T23:55:00.000000,-771046.1717401976,759949.8672510524,-11096.304489145172,-1011096.3044891452,-101.10963044891452,9671.587624765369,2
2023-07-29T23:45:00.000000,-771046.1717401976,761366.7930167053,-9679.378723492264,-1009679.3787234923,-100.96793787234924,9671.587624765369,2
2023-07-30T23:55:00.000000,-771046.1717401976,754472.1415072193,-16574.030232978286,-1016574.0302329783,-101.65740302329782,9671.587624765369,2
2023-07-31T23:30:00.000000,-771046.1717401976,758913.5084143449,-12132.663325852714,-1012132.6633258527,-101.21326633258528,9671.587624765369,2
2023-08-01T23:40:00.000000,-771046.1717401976,757764.3905522882,-13281.781187909422,-1013281.7811879094,-101.32817811879093,9671.587624765369,2
2023-08-02T23:45:00.000000,-771046.1717401976,748028.679171976,-23017.492568221525,-1023017.4925682215,-102.30174925682216,9671.587624765369,2
2023-08-03T23:50:00.000000,-771046.1717401976,730115.1901004729,-40930.98163972469,-1040930.9816397247,-104.09309816397247,9671.587624765369,2
2023-08-04T23:55:00.000000,-771046.1717401976,725878.217191166,-45167.954549031565,-1045167.9545490316,-104.51679545490316,9671.587624765369,2
2023-08-05T23:55:00.000000,-771046.1717401976,710150.1352398603,-60896.0365003373,-1060896.0365003373,-106.08960365003372,9671.587624765369,2
2023-08-06T23:55:00.000000,-771046.1717401976,719364.2995991856,-51681.87214101199,-1051681.872141012,-105.1681872141012,9671.587624765369,2
2023-08-07T23:40:00.000000,-771046.1717401976,726308.3101439567,-44737.861596240895,-1044737.8615962409,-104.47378615962408,9671.587624765369,2
2023-08-08T23:55:00.000000,-771046.1717401976,709769.5683109148,-61276.60342928278,-1061276.6034292828,-106.1276603429283,9671.587624765369,2
2023-08-09T23:50:00.000000,-771046.1717401976,713033.6241207182,-58012.54761947936,-1058012.5476194792,-105.80125476194793,9671.587624765369,2
2023-08-10T23:55:00.000000,-771046.1717401976,712737.5534032894,-58308.61833690817,-1058308.618336908,-105.83086183369082,9671.587624765369,2
2023-08-11T23:50:00.000000,-771046.1717401976,719738.0060814449,-51308.16565875267,-1051308.1656587527,-105.13081656587526,9671.587624765369,2
2023-08-12T23:55:00.000000,-771046.1717401976,708014.2402277946,-63031.93151240295,-1063031.9315124028,-106.30319315124028,9671.587624765369,2
2023-08-13T23:40:00.000000,-771046.1717401976,707704.0311455929,-63342.14059460466,-1063342.1405946047,-106.33421405946046,9671.587624765369,2
2023-08-14T23:45:00.000000,-771046.1717401976,731391.3723412117,-39654.799398985924,-1039654.7993989859,-103.9654799398986,9671.587624765369,2
2023-08-15T23:45:00.000000,-771046.1717401976,715628.0836351071,-55418.08810509043,-1055418.0881050904,-105.54180881050905,9671.587624765369,2
2023-08-16T23:50:00.000000,-771046.1717401976,668542.7228403195,-102503.44889987807,-1102503.4488998782,-110.25034488998782,9671.587624765369,2
2023-08-17T23:55:00.000000,-771046.1717401976,635479.5584432825,-135566.61329691508,-1135566.613296915,-113.55666132969151,9671.587624765369,2
2023-08-18T23:55:00.000000,-771046.1717401976,598411.6326457625,-172634.53909443505,-1172634.539094435,-117.2634539094435,9671.587624765369,2
2023-08-19T23:50:00.000000,-771046.1717401976,603473.3898858647,-167572.7818543329,-1167572.781854333,-116.7572781854333,9671.587624765369,2
2023-08-20T23:55:00.000000,-771046.1717401976,614738.9252143124,-156307.2465258852,-1156307.246525885,-115.6307246525885,9671.587624765369,2
2023-08-21T23:40:00.000000,-1771346.1717401976,1607061.7513955026,-164284.42034469498,-1164284.420344695,-116.4284420344695,9971.587624765369,3
2023-08-22T23:50:00.000000,-1771346.1717401976,1566548.2785984813,-204797.89314171625,-1204797.8931417163,-120.47978931417163,9971.587624765369,3
2023-08-23T23:45:00.000000,-1771346.1717401976,1587564.944293057,-183781.2274471405,-1183781.2274471405,-118.37812274471405,9971.587624765369,3
2023-08-24T23:50:00.000000,-1771346.1717401976,1618996.238515275,-152349.9332249225,-1152349.9332249225,-115.23499332249226,9971.587624765369,3
2023-08-25T23:45:00.000000,-1771346.1717401976,1604643.4244183279,-166702.7473218697,-1166702.7473218697,-116.67027473218697,9971.587624765369,3
2023-08-26T23:50:00.000000,-1771346.1717401976,1603611.4257782437,-167734.7459619539,-1167734.745961954,-116.77347459619538,9971.587624765369,3
2023-08-27T23:55:00.000000,-1771346.1717401976,1603831.86132399,-167514.31041620765,-1167514.3104162076,-116.75143104162076,9971.587624765369,3
2023-08-28T23:50:00.000000,-785395.1387567973,606476.5678173245,-178918.57093947276,-1178918.5709394729,-117.8918570939473,10267.461696882023,2
2023-08-29T23:45:00.000000,-785395.1387567973,611108.190357496,-174286.94839930127,-1174286.9483993012,-117.42869483993013,10267.461696882023,2
2023-08-30T23:55:00.000000,-785395.1387567973,624397.0704083608,-160998.0683484365,-1160998.0683484366,-116.09980683484366,10267.461696882023,2
2023-08-31T23:45:00.000000,-785395.1387567973,634118.7964967471,-151276.34226005024,-1151276.3422600501,-115.127634226005,10267.461696882023,2
2023-09-01T23:55:00.000000,-785395.1387567973,597770.1460913336,-187624.9926654637,-1187624.9926654636,-118.76249926654636,10267.461696882023,2
2023-09-02T23:50:00.000000,-785395.1387567973,590833.1908132357,-194561.9479435616,-1194561.9479435617,-119.45619479435616,10267.461696882023,2
2023-09-03T23:50:00.000000,-785395.1387567973,606244.0779942336,-179151.06076256372,-1179151.0607625637,-117.91510607625636,10267.461696882023,2
2023-09-04T23:35:00.000000,-785395.1387567973,606039.6422492746,-179355.49650752265,-1179355.4965075227,-117.93554965075226,10267.461696882023,2
2023-09-05T23:50:00.000000,-785395.1387567973,618990.0921512455,-166405.04660555185,-1166405.0466055518,-116.64050466055518,10267.461696882023,2
2023-09-06T23:50:00.000000,-785395.1387567973,626357.0986349937,-159038.04012180364,-1159038.0401218035,-115.90380401218034,10267.461696882023,2
2023-09-07T23:40:00.000000,-785395.1387567973,630537.6433266292,-154857.4954301681,-1154857.4954301682,-115.48574954301682,10267.461696882023,2
2023-09-08T23:55:00.000000,-785395.1387567973,624178.6772029026,-161216.46155389468,-1161216.4615538947,-116.12164615538947,10267.461696882023,2
2023-09-09T23:55:00.000000,-785395.1387567973,623579.4109228052,-161815.7278339921,-1161815.727833992,-116.1815727833992,10267.461696882023,2
2023-09-10T23:55:00.000000,-785395.1387567973,599814.6566137697,-185580.4821430276,-1185580.4821430277,-118.55804821430279,10267.461696882023,2
2023-09-11T23:50:00.000000,-1785695.1387567974,1581090.5354919573,-204604.6032648401,-1204604.60326484,-120.46046032648401,10567.461696882023,3
2023-09-12T23:55:00.000000,-1785695.1387567974,1566080.2493826454,-219614.88937415206,-1219614.889374152,-121.96148893741521,10567.461696882023,3
2023-09-13T23:40:00.000000,-1785695.1387567974,1592718.1033171155,-192977.03543968196,-1192977.035439682,-119.2977035439682,10567.461696882023,3
2023-09-14T23:45:00.000000,-1785695.1387567974,1598021.438569058,-187673.70018773945,-1187673.7001877395,-118.76737001877396,10567.461696882023,3
2023-09-15T23:55:00.000000,-1785695.1387567974,1622419.3370148889,-163275.80174190854,-1163275.8017419085,-116.32758017419084,10567.461696882023,3
2023-09-16T23:50:00.000000,-1785695.1387567974,1642350.7525562143,-143344.38620058307,-1143344.386200583,-114.3344386200583,10567.461696882023,3
2023-09-17T23:55:00.000000,-1785695.1387567974,1587936.4686795915,-197758.67007720587,-1197758.6700772059,-119.77586700772058,10567.461696882023,3
2023-09-18T23:55:00.000000,-1785695.1387567974,1595215.0028466303,-190480.13591016713,-1190480.1359101671,-119.04801359101671,10567.461696882023,3
2023-09-19T23:45:00.000000,-1785695.1387567974,1603720.6765033747,-181974.4622534227,-1181974.4622534227,-118.19744622534228,10567.461696882023,3
2023-09-20T23:50:00.000000,-1785695.1387567974,1601034.8723462466,-184660.2664105508,-1184660.2664105508,-118.46602664105508,10567.461696882023,3
2023-09-21T23:55:00.000000,-1785695.1387567974,1544780.4124349635,-240914.7263218339,-1240914.726321834,-124.09147263218338,10567.461696882023,3
2023-09-22T23:55:00.000000,-1785695.1387567974,1559215.7607199578,-226479.37803683965,-1226479.3780368397,-122.64793780368397,10567.461696882023,3
2023-09-23T23:45:00.000000,-1785695.1387567974,1547029.247376652,-238665.89138014545,-1238665.8913801454,-123.86658913801453,10567.461696882023,3
2023-09-24T23:55:00.000000,-1785695.1387567974,1536997.3520296095,-248697.78672718792,-1248697.786727188,-124.8697786727188,10567.461696882023,3
2023-09-25T23:55:00.000000,-1785695.1387567974,1532877.5956000618,-252817.5431567356,-1252817.5431567356,-125.28175431567357,10567.461696882023,3
2023-09-26T23:45:00.000000,-1785695.1387567974,1510055.4967307271,-275639.6420260703,-1275639.6420260703,-127.56396420260702,10567.461696882023,3
2023-09-27T23:35:00.000000,-1785695.1387567974,1511800.9648994613,-273894.17385733617,-1273894.1738573362,-127.38941738573362,10567.461696882023,3
2023-09-28T23:50:00.000000,-1785695.1387567974,1521362.7868002525,-264332.3519565449,-1264332.351956545,-126.43323519565448,10567.461696882023,3
2023-09-29T23:30:00.000000,-1785695.1387567974,1564478.258381617,-221216.8803751804,-1221216.8803751804,-122.12168803751804,10567.461696882023,3
2023-09-30T23:50:00.000000,-1785695.1387567974,1548511.359372105,-237183.77938469243,-1237183.7793846924,-123.71837793846925,10567.461696882023,3
2023-10-01T23:35:00.000000,-1785695.1387567974,1598882.0646206453,-186813.07413615217,-1186813.0741361522,-118.68130741361523,10567.461696882023,3
2023-10-02T23:50:00.000000,-1785695.1387567974,1757947.9910356896,-27747.147721107816,-1027747.1477211078,-102.77471477211077,10567.461696882023,3
2023-10-03T23:55:00.000000,-1785695.1387567974,1677076.9669062898,-108618.17185050761,-1108618.1718505076,-110.86181718505077,10567.461696882023,3
2023-10-04T23:55:00.000000,-1785695.1387567974,1603604.249465466,-182090.8892913314,-1182090.8892913314,-118.20908892913313,10567.461696882023,3
2023-10-05T23:40:00.000000,-1785695.1387567974,1578582.7126130234,-207112.42614377406,-1207112.426143774,-120.7112426143774,10567.461696882023,3
2023-10-06T23:55:00.000000,-1785695.1387567974,1575461.421234747,-210233.7175220505,-1210233.7175220505,-121.02337175220505,10567.461696882023,3
2023-10-07T23:55:00.000000,-1785695.1387567974,1622960.6892591785,-162734.44949761895,-1162734.449497619,-116.27344494976188,10567.461696882023,3
2023-10-08T23:30:00.000000,-1785695.1387567974,1615307.7882332946,-170387.3505235028,-1170387.3505235028,-117.03873505235028,10567.461696882023,3
2023-10-09T23:55:00.000000,-1785695.1387567974,1598619.8674154854,-187075.27134131198,-1187075.271341312,-118.7075271341312,10567.461696882023,3
2023-10-10T23:50:00.000000,-1785695.1387567974,1568090.9694131974,-217604.16934360005,-1217604.1693436,-121.76041693436,10567.461696882023,3
2023-10-11T23:55:00.000000,-1785695.1387567974,1517546.5378731964,-268148.600883601,-1268148.600883601,-126.81486008836009,10567.461696882023,3
2023-10-12T23:40:00.000000,-1785695.1387567974,1517694.4220593139,-268000.71669748356,-1268000.7166974836,-126.80007166974836,10567.461696882023,3
2023-10-13T23:55:00.000000,-1785695.1387567974,1532009.9243970145,-253685.21435978287,-1253685.2143597829,-125.3685214359783,10567.461696882023,3
2023-10-14T23:55:00.000000,-1785695.1387567974,1531805.5164834824,-253889.62227331498,-1253889.622273315,-125.38896222733149,10567.461696882023,3
2023-10-15T23:50:00.000000,-1785695.1387567974,1546466.6573329417,-239228.48142385576,-1239228.4814238558,-123.92284814238556,10567.461696882023,3
2023-10-16T23:35:00.000000,-1785695.1387567974,1575791.2325519905,-209903.90620480687,-1209903.9062048069,-120.9903906204807,10567.461696882023,3
2023-10-17T23:40:00.000000,-1785695.1387567974,1523348.372573282,-262346.7661835153,-1262346.7661835153,-126.23467661835153,10567.461696882023,3
2023-10-18T23:55:00.000000,-1785695.1387567974,1528992.837043564,-256702.30171323335,-1256702.3017132333,-125.67023017132333,10567.461696882023,3
2023-10-19T23:55:00.000000,-1785695.1387567974,1467641.649727852,-318053.48902894533,-1318053.4890289453,-131.80534890289454,10567.461696882023,3
2023-10-20T23:40:00.000000,-1785695.1387567974,1491378.0735447383,-294317.06521205907,-1294317.065212059,-129.4317065212059,10567.461696882023,3
2023-10-21T23:55:00.000000,-1785695.1387567974,1562060.5803125869,-223634.55844421056,-1223634.5584442106,-122.36345584442105,10567.461696882023,3
2023-10-22T23:55:00.000000,-1785695.1387567974,1578354.8699075086,-207340.2688492888,-1207340.2688492888,-120.7340268849289,10567.461696882023,3
2023-10-23T23:30:00.000000,-1785695.1387567974,1632678.417678969,-153016.72107782844,-1153016.7210778284,-115.30167210778284,10567.461696882023,3
2023-10-24T23:45:00.000000,-1785695.1387567974,1724900.6429055627,-60794.495851234766,-1060794.4958512348,-106.07944958512347,10567.461696882023,3
2023-10-25T23:55:00.000000,-1785695.1387567974,1746784.4766318745,-38910.662124922965,-1038910.662124923,-103.89106621249229,10567.461696882023,3
2023-10-26T23:40:00.000000,-1785695.1387567974,1774989.795893482,-10705.342863315484,-1010705.3428633155,-101.07053428633155,10567.461696882023,3
2023-10-27T23:55:00.000000,-1785695.1387567974,1733467.6955990694,-52227.44315772806,-1052227.443157728,-105.22274431577281,10567.461696882023,3
2023-10-28T23:50:00.000000,-1785695.1387567974,1783082.478927448,-2612.65982934949,-1002612.6598293495,-100.26126598293494,10567.461696882023,3
2023-10-29T23:50:00.000000,-1785695.1387567974,1830799.1994962008,45104.06073940336,-954895.9392605966,-95.48959392605967,10567.461696882023,3
2023-10-30T23:10:00.000000,-1785695.1387567974,1832999.3496949032,47304.210938105825,-952695.7890618942,-95.26957890618942,10567.461696882023,3
2023-10-31T23:55:00.000000,-1785695.1387567974,1791166.9289925823,5471.790235784836,-994528.2097642152,-99.45282097642152,10567.461696882023,3
2023-11-01T23:55:00.000000,-1785695.1387567974,1802133.1431091316,16438.00435233419,-983561.9956476658,-98.35619956476658,10567.461696882023,3
2023-11-02T23:50:00.000000,-1785695.1387567974,1861426.9072549576,75731.76849816018,-924268.2315018398,-92.42682315018398,10567.461696882023,3
2023-11-03T23:55:00.000000,-1785695.1387567974,1860523.5220167174,74828.38325991994,-925171.6167400801,-92.51716167400801,10567.461696882023,3
2023-11-04T23:50:00.000000,-1785695.1387567974,1887854.576991909,102159.43823511153,-897840.5617648885,-89.78405617648885,10567.461696882023,3
2023-11-05T23:50:00.000000,-1785695.1387567974,1928034.618660831,142339.47990403348,-857660.5200959665,-85.76605200959665,10567.461696882023,3
2023-11-06T23:45:00.000000,-1785695.1387567974,1907747.5756280958,122052.43687129836,-877947.5631287016,-87.79475631287016,10567.461696882023,3
2023-11-07T23:50:00.000000,-1785695.1387567974,1937787.3186479588,152092.1798911614,-847907.8201088386,-84.79078201088386,10567.461696882023,3
2023-11-08T23:50:00.000000,-1785695.1387567974,1944173.6127185095,158478.4739617121,-841521.5260382879,-84.1521526038288,10567.461696882023,3
2023-11-09T23:55:00.000000,-1785695.1387567974,1997545.3578720614,211850.21911526402,-788149.780884736,-78.8149780884736,10567.461696882023,3
2023-11-10T23:50:00.000000,-1785695.1387567974,1890236.0760597663,104540.93730296893,-895459.0626970311,-89.5459062697031,10567.461696882023,3
2023-11-11T23:55:00.000000,-1785695.1387567974,1966786.9839973699,181091.84524057247,-818908.1547594275,-81.89081547594276,10567.461696882023,3
2023-11-12T23:55:00.000000,-1785695.1387567974,2020824.3209657876,235129.1822089902,-764870.8177910098,-76.48708177910098,10567.461696882023,3
2023-11-13T23:50:00.000000,-1785695.1387567974,2017264.6537037855,231569.51494698809,-768430.4850530119,-76.8430485053012,10567.461696882023,3
2023-11-14T23:50:00.000000,-1785695.1387567974,1977401.3374480726,191706.1986912752,-808293.8013087248,-80.82938013087248,10567.461696882023,3
2023-11-15T23:55:00.000000,-1785695.1387567974,2062109.0237681684,276413.885011371,-723586.114988629,-72.3586114988629,10567.461696882023,3
2023-11-16T23:55:00.000000,-1785695.1387567974,2041354.518993814,255659.3802370166,-744340.6197629834,-74.43406197629834,10567.461696882023,3
2023-11-17T23:50:00.000000,-1785695.1387567974,2022746.1007021973,237050.96194539987,-762949.0380546001,-76.29490380546001,10567.461696882023,3
2023-11-18T23:50:00.000000,-1785695.1387567974,1956146.7336375515,170451.59488075413,-829548.4051192459,-82.95484051192459,10567.461696882023,3
2023-11-19T23:55:00.000000,-1785695.1387567974,1944525.9566571678,158830.81790037034,-841169.1820996297,-84.11691820996296,10567.461696882023,3
2023-11-20T23:55:00.000000,-1785695.1387567974,2130375.255715289,344680.11695849174,-655319.8830415083,-65.53198830415083,10567.461696882023,3
2023-11-21T23:55:00.000000,-1785695.1387567974,2058384.8542106394,272689.71545384196,-727310.284546158,-72.73102845461581,10567.461696882023,3
2023-11-22T23:50:00.000000,-1785695.1387567974,1934954.2177060929,149259.07894929545,-850740.9210507045,-85.07409210507045,10567.461696882023,3
2023-11-23T23:50:00.000000,-1785695.1387567974,1948295.748559957,162600.6098031595,-837399.3901968405,-83.73993901968404,10567.461696882023,3
2023-11-24T23:55:00.000000,-1785695.1387567974,2001565.7622128364,215870.623456039,-784129.376543961,-78.4129376543961,10567.461696882023,3
2023-11-25T23:25:00.000000,-1785695.1387567974,2070102.2496323346,284407.11087553715,-715592.8891244628,-71.55928891244628,10567.461696882023,3
2023-11-26T23:55:00.000000,-1785695.1387567974,2028240.719064538,242545.58030774049,-757454.4196922595,-75.74544196922595,10567.461696882023,3
2023-11-27T23:55:00.000000,-1785695.1387567974,1941938.3224908658,156243.1837340684,-843756.8162659316,-84.37568162659316,10567.461696882023,3
2023-11-28T23:55:00.000000,-1785695.1387567974,1963384.536219781,177689.39746298362,-822310.6025370164,-82.23106025370164,10567.461696882023,3
2023-11-29T23:55:00.000000,-1785695.1387567974,1953608.0169808622,167912.87822406483,-832087.1217759352,-83.20871217759351,10567.461696882023,3
2023-11-30T23:55:00.000000,-1785695.1387567974,1984858.3447615977,199163.20600480027,-800836.7939951997,-80.08367939951997,10567.461696882023,3
2023-12-01T23:50:00.000000,-1785695.1387567974,2005916.310041104,220221.17128430656,-779778.8287156934,-77.97788287156935,10567.461696882023,3
2023-12-02T23:55:00.000000,-1785695.1387567974,2061628.886940706,275933.74818390864,-724066.2518160914,-72.40662518160914,10567.461696882023,3
2023-12-03T23:55:00.000000,-1785695.1387567974,2068694.338676364,282999.1999195665,-717000.8000804335,-71.70008000804336,10567.461696882023,3
2023-12-04T23:55:00.000000,-1785695.1387567974,2080444.29652182,294749.1577650225,-705250.8422349775,-70.52508422349774,10567.461696882023,3
2023-12-05T23:55:00.000000,-1785695.1387567974,2067192.974852916,281497.83609611867,-718502.1639038813,-71.85021639038813,10567.461696882023,3
2023-12-06T23:50:00.000000,-1785695.1387567974,2047435.205932616,261740.0671758186,-738259.9328241814,-73.82599328241814,10567.461696882023,3
2023-12-07T23:55:00.000000,-1785695.1387567974,2103743.032662993,318047.8939061954,-681952.1060938046,-68.19521060938047,10567.461696882023,3
2023-12-08T23:50:00.000000,-1785695.1387567974,2153626.4373444,367931.2985876028,-632068.7014123972,-63.206870141239726,10567.461696882023,3
2023-12-09T23:50:00.000000,-1785695.1387567974,2179686.8238411914,393991.68508439395,-606008.314915606,-60.600831491560605,10567.461696882023,3
2023-12-10T23:55:00.000000,-1785695.1387567974,2137836.196983006,352141.05822620844,-647858.9417737916,-64.78589417737915,10567.461696882023,3
2023-12-11T23:50:00.000000,-1785695.1387567974,2007524.2372109187,221829.09845412127,-778170.9015458787,-77.81709015458787,10567.461696882023,3
2023-12-12T23:55:00.000000,-1785695.1387567974,2017960.8691223997,232265.7303656023,-767734.2696343977,-76.77342696343977,10567.461696882023,3
2023-12-13T23:55:00.000000,-1785695.1387567974,2019711.2728148457,234016.13405804825,-765983.8659419517,-76.59838659419518,10567.461696882023,3
2023-12-14T23:55:00.000000,-1785695.1387567974,2191740.0934400363,406044.9546832389,-593955.0453167611,-59.39550453167611,10567.461696882023,3
2023-12-15T23:30:00.000000,-1785695.1387567974,2206949.524160038,421254.3854032408,-578745.6145967592,-57.874561459675924,10567.461696882023,3
2023-12-16T23:55:00.000000,-1785695.1387567974,2270156.7458863016,484461.6071295042,-515538.3928704958,-51.55383928704958,10567.461696882023,3
2023-12-17T23:45:00.000000,-1785695.1387567974,2361990.586312373,576295.4475555758,-423704.55244442425,-42.370455244442425,10567.461696882023,3
2023-12-18T23:35:00.000000,-1785695.1387567974,2144443.8155511585,358748.6767943611,-641251.3232056389,-64.12513232056389,10567.461696882023,3
2023-12-19T23:40:00.000000,-1785695.1387567974,2295254.318938897,509559.1801820996,-490440.8198179004,-49.04408198179004,10567.461696882023,3
2023-12-20T23:55:00.000000,-1785695.1387567974,2307498.8677589316,521803.7290021342,-478196.2709978658,-47.81962709978658,10567.461696882023,3
2023-12-21T23:55:00.000000,-1785695.1387567974,2546501.009542482,760805.8707856846,-239194.12921431544,-23.919412921431544,10567.461696882023,3
2023-12-22T23:40:00.000000,-1785695.1387567974,2507712.446015513,722017.3072587156,-277982.6927412844,-27.79826927412844,10567.461696882023,3
2023-12-23T23:55:00.000000,-1785695.1387567974,2559345.012312151,773649.8735553536,-226350.1264446464,-22.635012644464638,10567.461696882023,3
2023-12-24T23:55:00.000000,-1785695.1387567974,2586165.831922773,800470.6931659754,-199529.3068340246,-19.95293068340246,10567.461696882023,3
2023-12-25T23:50:00.000000,-1785695.1387567974,2603387.1825061627,817692.0437493653,-182307.95625063474,-18.230795625063475,10567.461696882023,3
2023-12-26T23:55:00.000000,-1785695.1387567974,2583383.708296232,797688.5695394345,-202311.4304605655,-20.23114304605655,10567.461696882023,3
2023-12-27T23:30:00.000000,-1785695.1387567974,2465035.0700800125,679339.9313232151,-320660.06867678487,-32.06600686767849,10567.461696882023,3
2023-12-28T23:55:00.000000,-1785695.1387567974,2474417.65814834,688722.5193915425,-311277.48060845747,-31.127748060845743,10567.461696882023,3
2023-12-29T23:55:00.000000,-1785695.1387567974,2428266.031616409,642570.8928596114,-357429.1071403886,-35.74291071403886,10567.461696882023,3
2023-12-30T23:55:00.000000,-1785695.1387567974,2408190.823687639,622495.6849308417,-377504.3150691583,-37.75043150691583,10567.461696882023,3
2023-12-31T23:50:00.000000,-1785695.1387567974,2398155.69800652,612460.5592497226,-387539.44075027737,-38.75394407502773,10567.461696882023,3
2024-01-01T23:55:00.000000,-1785695.1387567974,2342013.4917637864,556318.353006989,-443681.646993011,-44.3681646993011,10567.461696882023,3
2024-01-02T23:50:00.000000,-1785695.1387567974,2446453.214300952,660758.0755441545,-339241.9244558455,-33.92419244558455,10567.461696882023,3
2024-01-03T23:50:00.000000,-1785695.1387567974,2116117.362670713,330422.2239139157,-669577.7760860843,-66.95777760860842,10567.461696882023,3
2024-01-04T23:50:00.000000,-1785695.1387567974,2136493.7054086477,350798.56665185024,-649201.4333481498,-64.92014333481497,10567.461696882023,3
2024-01-05T23:45:00.000000,-1785695.1387567974,2057045.5402255794,271350.401468782,-728649.598531218,-72.8649598531218,10567.461696882023,3
2024-01-06T23:50:00.000000,-1785695.1387567974,2008433.6919155852,222738.55315878778,-777261.4468412122,-77.72614468412122,10567.461696882023,3
2024-01-07T23:55:00.000000,-1785695.1387567974,2022839.1840667482,237144.04530995083,-762855.9546900492,-76.28559546900492,10567.461696882023,3
2024-01-08T23:50:00.000000,-1785695.1387567974,1867353.053525021,81657.91476822365,-918342.0852317763,-91.83420852317764,10567.461696882023,3
2024-01-09T23:55:00.000000,-1785695.1387567974,2022453.377865887,236758.2391090896,-763241.7608909104,-76.32417608909104,10567.461696882023,3
2024-01-10T23:45:00.000000,-1785695.1387567974,1990218.1811830723,204523.04242627486,-795476.9575737251,-79.54769575737252,10567.461696882023,3
2024-01-11T23:50:00.000000,-1785695.1387567974,2169134.514036211,383439.37527941377,-616560.6247205862,-61.65606247205863,10567.461696882023,3
2024-01-12T23:55:00.000000,-1785695.1387567974,2234369.6497855936,448674.5110287962,-551325.4889712038,-55.13254889712038,10567.461696882023,3
2024-01-13T23:45:00.000000,-1785695.1387567974,2173527.4543542257,387832.31559742824,-612167.6844025718,-61.21676844025718,10567.461696882023,3
2024-01-14T23:50:00.000000,-1785695.1387567974,2209253.7049915837,423558.5662347863,-576441.4337652137,-57.64414337652137,10567.461696882023,3
2024-01-15T23:45:00.000000,-2785995.1387567976,3213627.5642940076,427632.42553720996,-572367.57446279,-57.23675744627901,10867.461696882023,4
2024-01-16T23:55:00.000000,-2785995.1387567976,3154515.3615850317,368520.2228282341,-631479.7771717659,-63.147977717176595,10867.461696882023,4
2024-01-17T23:55:00.000000,-2785995.1387567976,3190908.7043291843,404913.5655723866,-595086.4344276134,-59.50864344276135,10867.461696882023,4
2024-01-18T23:50:00.000000,-2785995.1387567976,3048571.3213330572,262576.1825762596,-737423.8174237404,-73.74238174237404,10867.461696882023,4
2024-01-19T23:55:00.000000,-2785995.1387567976,2847572.235673334,61577.096916536335,-938422.9030834637,-93.84229030834636,10867.461696882023,4
2024-01-20T23:50:00.000000,-2785995.1387567976,2871947.93145303,85952.79269623244,-914047.2073037676,-91.40472073037675,10867.461696882023,4
2024-01-21T23:55:00.000000,-2785995.1387567976,2965527.746759921,179532.6080031232,-820467.3919968768,-82.04673919968768,10867.461696882023,4
2024-01-22T23:55:00.000000,-3045210.1596191064,3086780.0364772105,41569.87685810402,-958430.123141896,-95.84301231418961,11389.853908286752,4
2024-01-23T23:45:00.000000,-3045210.1596191064,2897080.0782586224,-148130.081360484,-1148130.081360484,-114.8130081360484,11389.853908286752,4
2024-01-24T23:55:00.000000,-3045210.1596191064,2969744.1783790537,-75465.98124005273,-1075465.9812400527,-107.54659812400527,11389.853908286752,4
2024-01-25T23:55:00.000000,-3045210.1596191064,2942864.592828951,-102345.5667901556,-1102345.5667901556,-110.23455667901555,11389.853908286752,4
2024-01-26T23:55:00.000000,-3045210.1596191064,2963048.5541029125,-82161.6055161939,-1082161.605516194,-108.2161605516194,11389.853908286752,4
2024-01-27T23:55:00.000000,-3045210.1596191064,3084932.7504153103,39722.59079620382,-960277.4092037962,-96.02774092037963,11389.853908286752,4
2024-01-28T23:50:00.000000,-3045210.1596191064,3058136.2639748156,12926.104355709162,-987073.8956442908,-98.70738956442908,11389.853908286752,4
2024-01-29T23:50:00.000000,-1946105.3375372973,2041554.296126318,95448.95858902065,-904551.0414109793,-90.45510414109793,11719.684304030017,3
2024-01-30T23:50:00.000000,-1946105.3375372973,2079058.8667334416,132953.5291961443,-867046.4708038557,-86.70464708038557,11719.684304030017,3
2024-01-31T23:50:00.000000,-1946105.3375372973,2012808.7961012453,66703.45856394805,-933296.541436052,-93.32965414360518,11719.684304030017,3
2024-02-01T23:55:00.000000,-1946105.3375372973,1970030.4042072715,23925.066669974243,-976074.9333300258,-97.60749333300257,11719.684304030017,3
2024-02-02T23:55:00.000000,-1946105.3375372973,2001000.052686861,54894.71514956374,-945105.2848504363,-94.51052848504362,11719.684304030017,3
2024-02-03T23:55:00.000000,-1946105.3375372973,2036290.8995973514,90185.56206005416,-909814.4379399458,-90.98144379399459,11719.684304030017,3
2024-02-04T23:55:00.000000,-1946105.3375372973,2036026.4871161424,89921.14957884513,-910078.8504211549,-91.00788504211549,11719.684304030017,3
2024-02-05T23:55:00.000000,-1946105.3375372973,2012712.1963706266,66606.85883332929,-933393.1411666707,-93.33931411666707,11719.684304030017,3
2024-02-06T23:55:00.000000,-1946105.3375372973,2044391.6404433155,98286.30290601822,-901713.6970939818,-90.17136970939818,11719.684304030017,3
2024-02-07T23:55:00.000000,-1946105.3375372973,2043644.5854868442,97539.2479495469,-902460.7520504531,-90.2460752050453,11719.684304030017,3
2024-02-08T23:55:00.000000,-1946105.3375372973,2110361.36197433,164256.02443703287,-835743.9755629671,-83.5743975562967,11719.684304030017,3
2024-02-09T23:55:00.000000,-1946105.3375372973,2127747.499932778,181642.1623954808,-818357.8376045192,-81.83578376045192,11719.684304030017,3
2024-02-10T23:45:00.000000,-1946105.3375372973,2170642.1475083265,224536.80997102917,-775463.1900289708,-77.54631900289708,11719.684304030017,3
2024-02-11T23:55:00.000000,-1946105.3375372973,2138172.6944024926,192067.35686519532,-807932.6431348047,-80.79326431348048,11719.684304030017,3
2024-02-12T23:55:00.000000,-1946105.3375372973,2145813.680507927,199708.34297062992,-800291.6570293701,-80.02916570293701,11719.684304030017,3
2024-02-13T23:55:00.000000,-1946105.3375372973,2204247.680066762,258142.34252946475,-741857.6574705353,-74.18576574705352,11719.684304030017,3
2024-02-14T23:55:00.000000,-1946105.3375372973,2201185.45836581,255080.12082851282,-744919.8791714872,-74.49198791714872,11719.684304030017,3
2024-02-15T23:45:00.000000,-1946105.3375372973,2298100.4581734943,351995.12063619704,-648004.879363803,-64.80048793638029,11719.684304030017,3
2024-02-16T23:55:00.000000,-1946105.3375372973,3187942.9196644076,1241837.5821271103,241837.58212711033,24.183758212711034,11719.684304030017,3
2024-02-17T23:55:00.000000,-1946105.3375372973,3509834.1296175662,1563728.792080269,563728.792080269,56.372879208026895,11719.684304030017,3
2024-02-18T23:55:00.000000,-1946105.3375372973,4138290.4633204318,2192185.1257831343,1192185.1257831343,119.21851257831342,11719.684304030017,3
2024-02-19T23:50:00.000000,937276.9976413643,1369221.5174222644,2306498.5150636286,1306498.5150636286,130.64985150636286,12584.958586868466,2
2024-02-20T23:50:00.000000,937276.9976413643,1335953.708544568,2273230.7061859323,1273230.7061859323,127.32307061859322,12584.958586868466,2
2024-02-21T23:55:00.000000,937276.9976413643,1309594.5642997106,2246871.561941075,1246871.5619410751,124.6871561941075,12584.958586868466,2
2024-02-22T23:55:00.000000,937276.9976413643,1736149.516547244,2673426.514188608,1673426.5141886082,167.3426514188608,12584.958586868466,2
2024-02-23T23:55:00.000000,937276.9976413643,1747168.381940688,2684445.379582052,1684445.3795820521,168.44453795820522,12584.958586868466,2
2024-02-24T23:55:00.000000,937276.9976413643,1804842.5847546957,2742119.58239606,1742119.5823960602,174.21195823960602,12584.958586868466,2
2024-02-25T23:45:00.000000,937276.9976413643,1827148.1791080332,2764425.1767493975,1764425.1767493975,176.44251767493975,12584.958586868466,2
2024-02-26T23:55:00.000000,2339146.085679264,350546.3517800494,2689692.4374593133,1689692.4374593133,168.96924374593135,13005.645519359583,1
2024-02-27T23:55:00.000000,2339146.085679264,352379.2738808601,2691525.359560124,1691525.359560124,169.1525359560124,13005.645519359583,1
2024-02-28T23:55:00.000000,2339146.085679264,360204.4413112443,2699350.526990508,1699350.5269905082,169.93505269905083,13005.645519359583,1
2024-02-29T23:55:00.000000,2339146.085679264,390553.4014804371,2729699.487159701,1729699.487159701,172.9699487159701,13005.645519359583,1
2024-03-01T23:55:00.000000,2339146.085679264,392033.83856186114,2731179.924241125,1731179.9242411251,173.11799242411251,13005.645519359583,1
2024-03-02T23:55:00.000000,2339146.085679264,424250.96933380334,2763397.055013067,1763397.055013067,176.3397055013067,13005.645519359583,1
2024-03-03T23:55:00.000000,2339146.085679264,418293.97250616853,2757440.058185432,1757440.058185432,175.7440058185432,13005.645519359583,1
2024-03-04T23:50:00.000000,2339146.085679264,427811.0680296088,2766957.1537088724,1766957.1537088724,176.69571537088723,13005.645519359583,1
2024-03-05T23:50:00.000000,2339146.085679264,436658.44201621437,2775804.527695478,1775804.527695478,177.5804527695478,13005.645519359583,1
2024-03-06T23:50:00.000000,2339146.085679264,401586.1825872401,2740732.2682665037,1740732.2682665037,174.07322682665037,13005.645519359583,1
2024-03-07T23:55:00.000000,2339146.085679264,447973.2111385267,2787119.2968177907,1787119.2968177907,178.71192968177908,13005.645519359583,1
2024-03-08T23:50:00.000000,2339146.085679264,443426.1543884385,2782572.2400677023,1782572.2400677023,178.25722400677023,13005.645519359583,1
2024-03-09T23:55:00.000000,2339146.085679264,445153.33098343323,2784299.416662697,1784299.4166626972,178.42994166626974,13005.645519359583,1
2024-03-10T23:55:00.000000,2339146.085679264,461931.61790623906,2801077.7035855027,1801077.7035855027,180.10777035855028,13005.645519359583,1
2024-03-11T23:50:00.000000,2339146.085679264,476136.76418752206,2815282.849866786,1815282.849866786,181.5282849866786,13005.645519359583,1
2024-03-12T23:35:00.000000,2339146.085679264,474021.85407120205,2813167.939750466,1813167.939750466,181.3167939750466,13005.645519359583,1
2024-03-13T23:55:00.000000,2339146.085679264,491787.0990482905,2830933.184727554,1830933.1847275542,183.09331847275544,13005.645519359583,1
2024-03-14T23:55:00.000000,2339146.085679264,480719.0694395489,2819865.155118813,1819865.1551188128,181.98651551188127,13005.645519359583,1
2024-03-15T23:45:00.000000,2339146.085679264,429573.4931265422,2768719.578805806,1768719.578805806,176.87195788058062,13005.645519359583,1
2024-03-16T23:55:00.000000,2339146.085679264,417976.73598872055,2757122.821667984,1757122.8216679841,175.71228216679842,13005.645519359583,1
2024-03-17T23:55:00.000000,2339146.085679264,396827.63482552,2735973.720504784,1735973.720504784,173.5973720504784,13005.645519359583,1
2024-03-18T23:50:00.000000,2339146.085679264,390482.9044765598,2729628.9901558235,1729628.9901558235,172.96289901558234,13005.645519359583,1
2024-03-19T23:55:00.000000,2339146.085679264,368135.35424744454,2707281.439926708,1707281.4399267081,170.72814399267082,13005.645519359583,1
2024-03-20T23:35:00.000000,2339146.085679264,346069.79203383863,2685215.8777131024,1685215.8777131024,168.52158777131024,13005.645519359583,1
2024-03-21T23:55:00.000000,2339146.085679264,378850.8988367995,2717996.9845160632,1717996.9845160632,171.79969845160633,13005.645519359583,1
2024-03-22T23:55:00.000000,2339146.085679264,379450.12336975685,2718596.209049021,1718596.209049021,171.8596209049021,13005.645519359583,1
2024-03-23T23:55:00.000000,2339146.085679264,379591.1173775115,2718737.2030567755,1718737.2030567755,171.87372030567755,13005.645519359583,1
2024-03-24T23:50:00.000000,2339146.085679264,388015.5093408531,2727161.595020117,1727161.5950201168,172.71615950201166,13005.645519359583,1
2024-03-25T23:55:00.000000,2339146.085679264,396334.15579837863,2735480.241477642,1735480.2414776422,173.54802414776424,13005.645519359583,1
2024-03-26T23:55:00.000000,2339146.085679264,432922.1008107156,2772068.1864899793,1772068.1864899793,177.2068186489979,13005.645519359583,1
2024-03-27T23:55:00.000000,2339146.085679264,442403.94783221715,2781550.033511481,1781550.0335114808,178.15500335114808,13005.645519359583,1
2024-03-28T23:55:00.000000,2339146.085679264,442192.4568205852,2781338.542499849,1781338.542499849,178.13385424998492,13005.645519359583,1
2024-03-29T23:55:00.000000,2339146.085679264,448431.4416637294,2787577.5273429933,1787577.5273429933,178.75775273429932,13005.645519359583,1
2024-03-30T23:55:00.000000,2339146.085679264,441275.99577017984,2780422.0814494435,1780422.0814494435,178.04220814494437,13005.645519359583,1
2024-03-31T23:55:00.000000,2339146.085679264,441910.4688050758,2781056.5544843394,1781056.5544843394,178.10565544843396,13005.645519359583,1
2024-04-01T23:55:00.000000,2339146.085679264,403947.8322171308,2743093.9178963946,1743093.9178963946,174.30939178963948,13005.645519359583,1
2024-04-02T23:55:00.000000,2339146.085679264,386217.835741981,2725363.9214212447,1725363.9214212447,172.5363921421245,13005.645519359583,1
2024-04-03T23:55:00.000000,2339146.085679264,387169.54529432504,2726315.6309735887,1726315.6309735887,172.63156309735888,13005.645519359583,1
2024-04-04T23:55:00.000000,2339146.085679264,383574.1980965809,2722720.2837758446,1722720.2837758446,172.27202837758446,13005.645519359583,1
2024-04-05T23:50:00.000000,2339146.085679264,387063.79978850903,2726209.885467773,1726209.8854677728,172.62098854677728,13005.645519359583,1
2024-04-06T23:55:00.000000,2339146.085679264,385724.35671483964,2724870.4423941034,1724870.4423941034,172.48704423941035,13005.645519359583,1
2024-04-07T23:55:00.000000,2339146.085679264,394642.22770532256,2733788.3133845865,1733788.3133845865,173.37883133845864,13005.645519359583,1
2024-04-08T23:55:00.000000,2339146.085679264,398308.071906944,2737454.1575862076,1737454.1575862076,173.74541575862077,13005.645519359583,1
2024-04-09T23:50:00.000000,2339146.085679264,422206.5562213607,2761352.6419006246,1761352.6419006246,176.13526419006246,13005.645519359583,1
2024-04-10T23:55:00.000000,2339146.085679264,413218.1882270004,2752364.2739062645,1752364.2739062645,175.23642739062643,13005.645519359583,1
2024-04-11T23:50:00.000000,2339146.085679264,441628.48078956647,2780774.56646883,1780774.5664688302,178.077456646883,13005.645519359583,1
2024-04-12T23:55:00.000000,2339146.085679264,446528.0225590413,2785674.108238305,1785674.108238305,178.5674108238305,13005.645519359583,1
2024-04-13T23:55:00.000000,2339146.085679264,354670.4265068735,2693816.5121861375,1693816.5121861375,169.38165121861374,13005.645519359583,1
2024-04-14T23:55:00.000000,2339146.085679264,321149.10116320057,2660295.1868424644,1660295.1868424644,166.02951868424645,13005.645519359583,1
2024-04-15T23:50:00.000000,2339146.085679264,371448.7134296793,2710594.799108943,1710594.799108943,171.0594799108943,13005.645519359583,1
2024-04-16T23:55:00.000000,2339146.085679264,333486.0768417343,2672632.162520998,1672632.1625209982,167.26321625209982,13005.645519359583,1
2024-04-17T23:35:00.000000,2339146.085679264,327070.8494888968,2666216.9351681606,1666216.9351681606,166.62169351681607,13005.645519359583,1
2024-04-18T23:45:00.000000,2339146.085679264,326824.1099753261,2665970.1956545897,1665970.1956545897,166.59701956545896,13005.645519359583,1
2024-04-19T23:40:00.000000,2339146.085679264,337151.9210433557,2676298.0067226198,1676298.0067226198,167.62980067226198,13005.645519359583,1
2024-04-20T23:55:00.000000,2339146.085679264,336799.43602396897,2675945.521703233,1675945.521703233,167.5945521703233,13005.645519359583,1
2024-04-21T23:45:00.000000,2339146.085679264,352132.53436728945,2691278.620046553,1691278.6200465532,169.12786200465533,13005.645519359583,1
2024-04-22T23:45:00.000000,2339146.085679264,353859.7109622841,2693005.796641548,1693005.7966415482,169.3005796641548,13005.645519359583,1
2024-04-23T23:55:00.000000,2339146.085679264,349101.163200564,2688247.2488798276,1688247.2488798276,168.82472488798274,13005.645519359583,1
2024-04-24T23:55:00.000000,2339146.085679264,342368.6993302785,2681514.7850095425,1681514.7850095425,168.15147850095425,13005.645519359583,1
2024-04-25T23:50:00.000000,2339146.085679264,348537.18716954533,2687683.272848809,1687683.2728488091,168.7683272848809,13005.645519359583,1
2024-04-26T23:45:00.000000,2339146.085679264,336975.6785336624,2676121.7642129264,1676121.7642129264,167.61217642129265,13005.645519359583,1
2024-04-27T23:45:00.000000,2339146.085679264,334825.5199154036,2673971.6055946676,1673971.6055946676,167.39716055946676,13005.645519359583,1
2024-04-28T23:45:00.000000,2339146.085679264,340782.51674303843,2679928.602422302,1679928.6024223021,167.99286024223022,13005.645519359583,1
2024-04-29T23:55:00.000000,2339146.085679264,329855.4811420515,2669001.5668213153,1669001.5668213153,166.90015668213155,13005.645519359583,1
2024-04-30T23:50:00.000000,2339146.085679264,308177.65244977095,2647323.7381290346,1647323.7381290346,164.73237381290346,13005.645519359583,1
2024-05-01T23:55:00.000000,2339146.085679264,300669.72153683467,2639815.8072160985,1639815.8072160985,163.98158072160984,13005.645519359583,1
2024-05-02T23:55:00.000000,2339146.085679264,307930.9129362003,2647076.998615464,1647076.9986154642,164.70769986154642,13005.645519359583,1
2024-05-03T23:55:00.000000,2339146.085679264,321149.10116320057,2660295.1868424644,1660295.1868424644,166.02951868424645,13005.645519359583,1
2024-05-04T23:55:00.000000,2339146.085679264,329502.99612266483,2668649.0818019286,1668649.0818019286,166.86490818019286,13005.645519359583,1
2024-05-05T23:55:00.000000,2339146.085679264,333274.58583010227,2672420.671509366,1672420.671509366,167.24206715093658,13005.645519359583,1
2024-05-06T23:50:00.000000,2339146.085679264,326401.12795206206,2665547.213631326,1665547.2136313259,166.5547213631326,13005.645519359583,1
2024-05-07T23:50:00.000000,2339146.085679264,324885.44236869935,2664031.528047963,1664031.528047963,166.4031528047963,13005.645519359583,1
2024-05-08T23:50:00.000000,2339146.085679264,316249.5593937258,2655395.6450729896,1655395.6450729896,165.53956450729896,13005.645519359583,1
2024-05-09T23:35:00.000000,2339146.085679264,318117.72999647516,2657263.815675739,1657263.8156757392,165.72638156757392,13005.645519359583,1
2024-05-10T23:40:00.000000,2339146.085679264,310116.32005639764,2649262.4057356613,1649262.4057356613,164.92624057356613,13005.645519359583,1
2024-05-11T23:40:00.000000,2339146.085679264,309658.08953119494,2648804.1752104587,1648804.1752104587,164.88041752104587,13005.645519359583,1
2024-05-12T23:50:00.000000,2339146.085679264,302361.6496298908,2641507.7353091547,1641507.7353091547,164.15077353091547,13005.645519359583,1
2024-05-13T23:45:00.000000,2339146.085679264,304864.29326753615,2644010.3789468,1644010.3789467998,164.40103789467997,13005.645519359583,1
2024-05-14T23:40:00.000000,2339146.085679264,301445.1885794854,2640591.274258749,1640591.274258749,164.05912742587492,13005.645519359583,1
2024-05-15T23:55:00.000000,2339146.085679264,308530.1374691576,2647676.2231484214,1647676.2231484214,164.76762231484216,13005.645519359583,1
2024-05-16T23:45:00.000000,2339146.085679264,313887.9097638351,2653033.9954430987,1653033.9954430987,165.30339954430988,13005.645519359583,1
2024-05-17T23:55:00.000000,2339146.085679264,320479.3796263659,2659625.4653056297,1659625.4653056297,165.96254653056297,13005.645519359583,1
2024-05-18T23:55:00.000000,2339146.085679264,323440.253789214,2662586.3394684778,1662586.3394684778,166.25863394684777,13005.645519359583,1
2024-05-19T23:30:00.000000,2339146.085679264,324039.4783221713,2663185.564001435,1663185.564001435,166.3185564001435,13005.645519359583,1
2024-05-20T23:50:00.000000,1338846.0856792638,1316320.056397603,2655166.1420768667,1655166.1420768667,165.51661420768667,13305.645519359583,2
2024-05-21T23:50:00.000000,1338846.0856792638,1548893.915681715,2887740.001360979,1887740.001360979,188.7740001360979,13305.645519359583,2
2024-05-22T23:55:00.000000,1338846.0856792638,1577479.9144120573,2916326.000091321,1916326.0000913208,191.6326000091321,13305.645519359583,2
2024-05-23T23:55:00.000000,1338846.0856792638,1702150.1030387853,3040996.188718049,2040996.1887180489,204.0996188718049,13305.645519359583,2
2024-05-24T23:55:00.000000,1338846.0856792638,1667792.9958080847,3006639.0814873483,2006639.0814873483,200.66390814873483,13305.645519359583,2
2024-05-25T23:55:00.000000,1338846.0856792638,1741575.2884546872,3080421.374133951,2080421.374133951,208.04213741339512,13305.645519359583,2
2024-05-26T23:55:00.000000,1338846.0856792638,1687314.4937816015,3026160.5794608654,2026160.5794608654,202.61605794608656,13305.645519359583,2
2024-05-27T23:50:00.000000,2883518.148908529,327775.8195276701,3211293.9684361992,2211293.9684361992,221.12939684361993,13769.186200532715,1
2024-05-28T23:55:00.000000,2883518.148908529,313500.17624250974,3197018.325151039,2197018.325151039,219.7018325151039,13769.186200532715,1
2024-05-29T23:50:00.000000,2883518.148908529,320690.8706379979,3204209.019546527,2204209.019546527,220.42090195465272,13769.186200532715,1
2024-05-30T23:50:00.000000,2883518.148908529,310856.53859710967,3194374.6875056387,2194374.6875056387,219.43746875056388,13769.186200532715,1
2024-05-31T23:55:00.000000,2883518.148908529,306344.7303489602,3189862.879257489,2189862.879257489,218.98628792574888,13769.186200532715,1
2024-06-01T23:55:00.000000,2883518.148908529,304829.0447655975,3188347.1936741266,2188347.1936741266,218.83471936741267,13769.186200532715,1
2024-06-02T23:45:00.000000,2883518.148908529,302573.14064152277,3186091.2895500516,2186091.2895500516,218.60912895500516,13769.186200532715,1
2024-06-03T23:55:00.000000,2883518.148908529,305463.5178004935,3188981.6667090226,2188981.6667090226,218.89816667090227,13769.186200532715,1
2024-06-04T23:55:00.000000,2883518.148908529,299436.0239689814,3182954.1728775105,2182954.1728775105,218.29541728775106,13769.186200532715,1
2024-06-05T23:55:00.000000,2883518.148908529,307789.9189284456,3191308.0678369747,2191308.0678369747,219.1308067836975,13769.186200532715,1
2024-06-06T23:55:00.000000,2883518.148908529,304934.7902714135,3188452.9391799425,2188452.9391799425,218.84529391799424,13769.186200532715,1
2024-06-07T23:55:00.000000,2883518.148908529,305956.99682763487,3189475.145736164,2189475.145736164,218.9475145736164,13769.186200532715,1
2024-06-08T23:45:00.000000,2883518.148908529,266972.15368346847,3150490.302591997,2150490.302591997,215.04903025919972,13769.186200532715,1
2024-06-09T23:50:00.000000,2883518.148908529,275854.77617201273,3159372.9250805415,2159372.9250805415,215.93729250805413,13769.186200532715,1
2024-06-10T23:55:00.000000,2883518.148908529,270567.5008812126,3154085.6497897417,2154085.6497897417,215.40856497897417,13769.186200532715,1
2024-06-11T23:55:00.000000,2883518.148908529,261261.89636940433,3144780.045277933,2144780.045277933,214.47800452779333,13769.186200532715,1
2024-06-12T23:55:00.000000,2883518.148908529,263694.0430031724,3147212.191911701,2147212.191911701,214.72121919117012,13769.186200532715,1
2024-06-13T23:55:00.000000,2883518.148908529,269897.77934437786,3153415.928252907,2153415.928252907,215.3415928252907,13769.186200532715,1
2024-06-14T23:55:00.000000,2883518.148908529,258195.27670074024,3141713.425609269,2141713.425609269,214.17134256092694,13769.186200532715,1
2024-06-15T23:55:00.000000,2883518.148908529,264117.0250264364,3147635.1739349654,2147635.1739349654,214.76351739349653,13769.186200532715,1
2024-06-16T23:50:00.000000,2883518.148908529,263799.7885089884,3147317.9374175174,2147317.9374175174,214.73179374175174,13769.186200532715,1
2024-06-17T23:55:00.000000,2883518.148908529,247655.97462107864,3131174.1235296074,2131174.1235296074,213.11741235296074,13769.186200532715,1
2024-06-18T23:55:00.000000,2883518.148908529,217166.02044413114,3100684.16935266,2100684.16935266,210.06841693526601,13769.186200532715,1
2024-06-19T23:55:00.000000,2883518.148908529,225519.91540359537,3109038.064312124,2109038.064312124,210.90380643121242,13769.186200532715,1
2024-06-20T23:50:00.000000,2883518.148908529,231441.66372929153,3114959.8126378204,2114959.8126378204,211.49598126378203,13769.186200532715,1
2024-06-21T23:55:00.000000,2883518.148908529,230666.19668664085,3114184.34559517,2114184.34559517,211.41843455951695,13769.186200532715,1
2024-06-22T23:55:00.000000,2883518.148908529,231053.9302079662,3114572.0791164953,2114572.0791164953,211.45720791164956,13769.186200532715,1
2024-06-23T23:55:00.000000,2883518.148908529,233345.08283397957,3116863.2317425087,2116863.2317425087,211.68632317425087,13769.186200532715,1
2024-06-24T23:55:00.000000,2883518.148908529,225801.90341910472,3109320.052327634,2109320.052327634,210.93200523276337,13769.186200532715,1
2024-06-25T23:50:00.000000,2883518.148908529,237962.63658794505,3121480.7854964742,2121480.7854964742,212.1480785496474,13769.186200532715,1
2024-06-26T23:55:00.000000,2883518.148908529,226260.1339443074,3109778.2828528364,2109778.2828528364,210.97782828528366,13769.186200532715,1
2024-06-27T23:45:00.000000,2883518.148908529,234014.80437081426,3117532.9532793434,2117532.9532793434,211.75329532793435,13769.186200532715,1
2024-06-28T23:55:00.000000,2883518.148908529,236023.96898131832,3119542.117889847,2119542.117889847,211.95421178898474,13769.186200532715,1
2024-06-29T23:55:00.000000,2883518.148908529,231124.42721184352,3114642.5761203724,2114642.5761203724,211.46425761203722,13769.186200532715,1
2024-06-30T23:55:00.000000,2883518.148908529,232146.63376806487,3115664.782676594,2115664.782676594,211.5664782676594,13769.186200532715,1
2024-07-01T23:45:00.000000,2883518.148908529,235283.75044060632,3118801.8993491353,2118801.8993491353,211.88018993491355,13769.186200532715,1
2024-07-02T23:50:00.000000,2883518.148908529,211702.50264363768,3095220.651552167,2095220.6515521668,209.52206515521667,13769.186200532715,1
2024-07-03T23:45:00.000000,2883518.148908529,215791.3288685231,3099309.477777052,2099309.477777052,209.9309477777052,13769.186200532715,1
2024-07-04T23:55:00.000000,2883518.148908529,205604.51180824815,3089122.660716777,2089122.6607167772,208.9122660716777,13769.186200532715,1
2024-07-05T23:55:00.000000,2883518.148908529,185935.84772647166,3069453.9966350007,2069453.9966350007,206.94539966350004,13769.186200532715,1
2024-07-06T23:55:00.000000,2883518.148908529,197603.1018681706,3081121.2507766997,2081121.2507766997,208.11212507767,13769.186200532715,1
2024-07-07T23:55:00.000000,2883518.148908529,200211.49101163202,3083729.639920161,2083729.639920161,208.37296399201614,13769.186200532715,1
2024-07-08T23:55:00.000000,2883518.148908529,189707.43743390907,3073225.586342438,2073225.5863424381,207.3225586342438,13769.186200532715,1
2024-07-09T23:55:00.000000,2883518.148908529,198590.0599224533,3082108.2088309824,2082108.2088309824,208.21082088309825,13769.186200532715,1
2024-07-10T23:55:00.000000,2883518.148908529,202396.8981318294,3085915.047040358,2085915.0470403582,208.59150470403583,13769.186200532715,1
2024-07-11T23:35:00.000000,2883518.148908529,202361.64962989074,3085879.79853842,2085879.79853842,208.587979853842,13769.186200532715,1
2024-07-12T23:50:00.000000,2883518.148908529,200916.4610504054,3084434.6099589346,2084434.6099589346,208.44346099589347,13769.186200532715,1
2024-07-13T23:50:00.000000,2883518.148908529,202784.63165315476,3086302.7805616837,2086302.7805616837,208.63027805616835,13769.186200532715,1
2024-07-14T23:50:00.000000,2883518.148908529,207225.94289742687,3090744.091805956,2090744.0918059559,209.07440918059558,13769.186200532715,1
2024-07-15T23:50:00.000000,2883518.148908529,214557.63130066975,3098075.7802091986,2098075.7802091986,209.80757802091986,13769.186200532715,1
2024-07-16T23:55:00.000000,2883518.148908529,220549.87663024326,3104068.0255387723,2104068.0255387723,210.4068025538772,13769.186200532715,1
2024-07-17T23:35:00.000000,2883518.148908529,223863.235812478,3107381.384721007,2107381.384721007,210.73813847210073,13769.186200532715,1
2024-07-18T23:50:00.000000,2883518.148908529,213923.15826577373,3097441.3071743026,2097441.3071743026,209.74413071743027,13769.186200532715,1
2024-07-19T23:55:00.000000,2883518.148908529,220303.1371166726,3103821.2860252014,2103821.2860252014,210.3821286025201,13769.186200532715,1
2024-07-20T23:50:00.000000,2883518.148908529,224215.7208318647,3107733.8697403935,2107733.8697403935,210.77338697403937,13769.186200532715,1
2024-07-21T23:50:00.000000,2883518.148908529,223334.50828339797,3106852.657191927,2106852.657191927,210.6852657191927,13769.186200532715,1
2024-07-22T23:45:00.000000,2883518.148908529,217342.26295382448,3100860.4118623533,2100860.4118623533,210.08604118623535,13769.186200532715,1
2024-07-23T23:50:00.000000,2883518.148908529,213182.93972506173,3096701.088633591,2096701.0886335908,209.6701088633591,13769.186200532715,1
2024-07-24T23:50:00.000000,2883518.148908529,213535.4247444484,3097053.573652977,2097053.5736529771,209.7053573652977,13769.186200532715,1
2024-07-25T23:45:00.000000,2883518.148908529,203031.37116672544,3086549.5200752546,2086549.5200752546,208.65495200752545,13769.186200532715,1
2024-07-26T23:55:00.000000,2883518.148908529,208107.1554458936,3091625.3043544227,2091625.3043544227,209.16253043544225,13769.186200532715,1
2024-07-27T23:55:00.000000,2883518.148908529,222312.30172717661,3105830.4506357056,2105830.4506357056,210.58304506357058,13769.186200532715,1
2024-07-28T23:45:00.000000,2883518.148908529,221501.58618258726,3105019.7350911163,2105019.7350911163,210.50197350911165,13769.186200532715,1
2024-07-29T23:45:00.000000,1883218.148908529,1221008.107155446,3104226.256063975,2104226.256063975,210.4226256063975,14069.186200532715,2
2024-07-30T23:35:00.000000,1883218.148908529,1224460.8458092099,3107678.9947177386,2107678.9947177386,210.7678994717739,14069.186200532715,2
2024-07-31T23:50:00.000000,1883218.148908529,1180280.6633017703,3063498.812210299,2063498.812210299,206.3498812210299,14069.186200532715,2
2024-08-01T23:50:00.000000,1883218.148908529,1139903.2826631432,3023121.431571672,2023121.4315716722,202.31214315716724,14069.186200532715,2
2024-08-02T23:45:00.000000,1883218.148908529,1123060.599565968,3006278.748474497,2006278.7484744969,200.6278748474497,14069.186200532715,2
2024-08-03T23:55:00.000000,1883218.148908529,1067472.6400625065,2950690.7889710357,1950690.7889710357,195.06907889710357,14069.186200532715,2
2024-08-04T23:55:00.000000,1883218.148908529,996256.4992527146,2879474.6481612436,1879474.6481612436,187.94746481612435,14069.186200532715,2
2024-08-05T23:55:00.000000,2497826.277311007,149418.399718012,2647244.677029019,1647244.6770290192,164.72446770290193,14253.623970384413,1
2024-08-06T23:55:00.000000,2497826.277311007,167923.8632358125,2665750.1405468197,1665750.1405468197,166.57501405468196,14253.623970384413,1
2024-08-07T23:55:00.000000,2497826.277311007,166231.93514275644,2664058.2124537635,1664058.2124537635,166.40582124537636,14253.623970384413,1
2024-08-08T23:50:00.000000,2497826.277311007,180507.57842791683,2678333.855738924,1678333.855738924,167.83338557389237,14253.623970384413,1
2024-08-09T23:50:00.000000,2497826.277311007,184420.16214310893,2682246.439454116,1682246.439454116,168.2246439454116,14253.623970384413,1
2024-08-10T23:55:00.000000,2497826.277311007,186217.835741981,2684044.113052988,1684044.113052988,168.4044113052988,14253.623970384413,1
2024-08-11T23:55:00.000000,2497826.277311007,184032.4286217836,2681858.7059327904,1681858.7059327904,168.18587059327905,14253.623970384413,1
2024-08-12T23:55:00.000000,1497526.277311007,1181177.2999647516,2678703.5772757586,1678703.5772757586,167.87035772757585,14553.623970384413,2
2024-08-13T23:55:00.000000,1497526.277311007,1220814.4825795074,2718340.7598905144,1718340.7598905144,171.83407598905146,14553.623970384413,2
2024-08-14T23:30:00.000000,1497526.277311007,1254489.085728413,2752015.36303942,1752015.36303942,175.201536303942,14553.623970384413,2
2024-08-15T23:55:00.000000,1497526.277311007,1179917.412946424,2677443.690257431,1677443.690257431,167.7443690257431,14553.623970384413,2
2024-08-16T23:55:00.000000,1497526.277311007,1181522.9121706556,2679049.1894816626,1679049.1894816626,167.90491894816626,14553.623970384413,2
2024-08-17T23:55:00.000000,1497526.277311007,1198371.878549163,2695898.15586017,1695898.1558601698,169.58981558601698,14553.623970384413,2
2024-08-18T23:55:00.000000,1497526.277311007,1225949.3928779194,2723475.670188926,1723475.6701889262,172.34756701889262,14553.623970384413,2
2024-08-19T23:45:00.000000,2507571.562019347,180084.5964046528,2687656.1584240003,1687656.1584240003,168.76561584240002,14856.728487151946,1
2024-08-20T23:55:00.000000,2507571.562019347,185407.12019739163,2692978.682216739,1692978.6822167388,169.29786822167387,14856.728487151946,1
2024-08-21T23:55:00.000000,2507571.562019347,184913.64117025028,2692485.2031895975,1692485.2031895975,169.24852031895975,14856.728487151946,1
2024-08-22T23:45:00.000000,2507571.562019347,187945.0123369757,2695516.574356323,1695516.574356323,169.5516574356323,14856.728487151946,1
2024-08-23T23:55:00.000000,2507571.562019347,201621.43108917875,2709192.993108526,1709192.9931085259,170.91929931085258,14856.728487151946,1
2024-08-24T23:55:00.000000,2507571.562019347,199788.50898836803,2707360.071007715,1707360.071007715,170.7360071007715,14856.728487151946,1
2024-08-25T23:50:00.000000,2507571.562019347,204617.55375396548,2712189.1157733127,1712189.1157733127,171.21891157733126,14856.728487151946,1
2024-08-26T23:55:00.000000,1507271.5620193472,1197215.3683468453,2704486.9303661925,1704486.9303661925,170.44869303661926,15156.728487151946,2
2024-08-27T23:45:00.000000,1507271.5620193472,1168166.531046167,2675438.093065514,1675438.0930655142,167.54380930655142,15156.728487151946,2
2024-08-28T23:55:00.000000,1507271.5620193472,1105622.8748571756,2612894.436876523,1612894.4368765228,161.28944368765227,15156.728487151946,2
2024-08-29T23:55:00.000000,1507271.5620193472,1132329.200008191,2639600.7620275384,1639600.7620275384,163.96007620275384,15156.728487151946,2
2024-08-30T23:45:00.000000,1507271.5620193472,1117347.2801283826,2624618.84214773,1624618.8421477298,162.461884214773,15156.728487151946,2
2024-08-31T23:55:00.000000,1507271.5620193472,1149539.2870186358,2656810.849037983,1656810.849037983,165.68108490379828,15156.728487151946,2
2024-09-01T23:55:00.000000,1507271.5620193472,1113751.0729793175,2621022.6349986647,1621022.6349986647,162.10226349986647,15156.728487151946,2
2024-09-02T23:55:00.000000,2457047.198897633,166901.65667959113,2623948.855577224,1623948.855577224,162.3948855577224,15441.746683674388,1
2024-09-03T23:50:00.000000,2457047.198897633,176207.2611913994,2633254.460089032,1633254.460089032,163.32544600890319,15441.746683674388,1
2024-09-04T23:50:00.000000,2457047.198897633,170250.26436376455,2627297.4632613976,1627297.4632613976,162.72974632613975,15441.746683674388,1
2024-09-05T23:45:00.000000,2457047.198897633,170637.9978850899,2627685.1967827226,1627685.1967827226,162.76851967827227,15441.746683674388,1
2024-09-06T23:50:00.000000,2457047.198897633,157525.55516390555,2614572.7540615383,1614572.7540615383,161.45727540615383,15441.746683674388,1
2024-09-07T23:55:00.000000,2457047.198897633,161931.617906239,2618978.8168038717,1618978.8168038717,161.89788168038717,15441.746683674388,1
2024-09-08T23:55:00.000000,2457047.198897633,159146.98625308427,2616194.185150717,1616194.185150717,161.6194185150717,15441.746683674388,1
2024-09-09T23:50:00.000000,2457047.198897633,165914.69862530846,2622961.897522941,1622961.8975229412,162.2961897522941,15441.746683674388,1
2024-09-10T23:55:00.000000,2457047.198897633,169510.04582305253,2626557.2447206853,1626557.2447206853,162.65572447206853,15441.746683674388,1
2024-09-11T23:55:00.000000,2457047.198897633,166972.15368346847,2624019.3525811015,1624019.3525811015,162.40193525811014,15441.746683674388,1
2024-09-12T23:55:00.000000,2457047.198897633,167606.62671836448,2624653.8256159974,1624653.8256159974,162.46538256159974,15441.746683674388,1
2024-09-13T23:50:00.000000,2457047.198897633,170778.99189284458,2627826.190790477,1627826.1907904772,162.78261907904772,15441.746683674388,1
2024-09-14T23:50:00.000000,2457047.198897633,170215.0158618259,2627262.214759459,1627262.2147594588,162.7262214759459,15441.746683674388,1
2024-09-15T23:55:00.000000,2457047.198897633,169298.55481142053,2626345.753709053,1626345.7537090532,162.6345753709053,15441.746683674388,1
2024-09-16T23:55:00.000000,1456747.1988976328,1162918.5759605216,2619665.7748581544,1619665.7748581544,161.96657748581544,15741.746683674388,2
2024-09-17T23:55:00.000000,1456747.1988976328,1159738.0883408154,2616485.287238448,1616485.287238448,161.64852872384478,15741.746683674388,2
2024-09-18T23:45:00.000000,1456747.1988976328,1196766.1252890585,2653513.324186691,1653513.324186691,165.3513324186691,15741.746683674388,2
2024-09-19T23:55:00.000000,1456747.1988976328,1227710.9721344975,2684458.1710321303,1684458.1710321303,168.44581710321302,15741.746683674388,2
2024-09-20T23:55:00.000000,1456747.1988976328,1262867.4161622527,2719614.615059885,1719614.6150598852,171.96146150598852,15741.746683674388,2
2024-09-21T23:35:00.000000,1456747.1988976328,1268045.3080174348,2724792.5069150673,1724792.5069150673,172.47925069150673,15741.746683674388,2
2024-09-22T23:55:00.000000,1456747.1988976328,1257140.345656534,2713887.5445541665,1713887.5445541665,171.38875445541666,15741.746683674388,2
2024-09-23T23:55:00.000000,2538751.2071576747,190165.66795911174,2728916.8751167865,1728916.8751167865,172.89168751167864,16066.445295736019,1
2024-09-24T23:45:00.000000,2538751.2071576747,199647.51498061334,2738398.722138288,1738398.722138288,173.83987221382878,16066.445295736019,1
2024-09-25T23:55:00.000000,2538751.2071576747,199224.53295734932,2737975.740115024,1737975.7401150241,173.79757401150243,16066.445295736019,1
2024-09-26T23:55:00.000000,2538751.2071576747,202537.8921395841,2741289.099297259,1741289.099297259,174.1289099297259,16066.445295736019,1
2024-09-27T23:55:00.000000,2538751.2071576747,202044.41311244274,2740795.6202701177,1740795.6202701177,174.07956202701175,16066.445295736019,1
2024-09-28T23:55:00.000000,2538751.2071576747,206027.4938315122,2744778.7009891868,1744778.7009891868,174.4778700989187,16066.445295736019,1
2024-09-29T23:55:00.000000,2538751.2071576747,197074.3743390906,2735825.5814967654,1735825.5814967654,173.58255814967654,16066.445295736019,1
2024-09-30T23:55:00.000000,2538751.2071576747,193197.03912583715,2731948.2462835116,1731948.2462835116,173.19482462835117,16066.445295736019,1
2024-10-01T23:55:00.000000,2538751.2071576747,193514.2756432852,2732265.48280096,1732265.48280096,173.226548280096,16066.445295736019,1
2024-10-02T23:50:00.000000,2538751.2071576747,175326.0486429327,2714077.2558006076,1714077.2558006076,171.40772558006077,16066.445295736019,1
2024-10-03T23:55:00.000000,2538751.2071576747,168205.85125132184,2706957.0584089966,1706957.0584089966,170.69570584089965,16066.445295736019,1
2024-10-04T23:55:00.000000,2538751.2071576747,167923.8632358125,2706675.0703934873,1706675.0703934873,170.66750703934875,16066.445295736019,1
2024-10-05T23:45:00.000000,2538751.2071576747,172259.4289742686,2711010.636131943,1711010.6361319432,171.10106361319433,16066.445295736019,1
2024-10-06T23:55:00.000000,2538751.2071576747,178040.1832922101,2716791.390449885,1716791.3904498848,171.6791390449885,16066.445295736019,1
2024-10-07T23:50:00.000000,2538751.2071576747,183045.4705675009,2721796.6777251754,1721796.6777251754,172.17966777251755,16066.445295736019,1
2024-10-08T23:55:00.000000,2538751.2071576747,177229.46774762074,2715980.6749052955,1715980.6749052955,171.59806749052956,16066.445295736019,1
2024-10-09T23:55:00.000000,2538751.2071576747,174938.31512160736,2713689.522279282,1713689.522279282,171.36895222792822,16066.445295736019,1
2024-10-10T23:55:00.000000,2538751.2071576747,170497.00387733523,2709248.21103501,1709248.21103501,170.924821103501,16066.445295736019,1
2024-10-11T23:45:00.000000,2538751.2071576747,173563.62354599932,2712314.830703674,1712314.830703674,171.2314830703674,16066.445295736019,1
2024-10-12T23:40:00.000000,2538751.2071576747,183609.44659851957,2722360.6537561943,1722360.6537561943,172.23606537561943,16066.445295736019,1
2024-10-13T23:55:00.000000,2538751.2071576747,183820.9376101516,2722572.1447678264,1722572.1447678264,172.25721447678265,16066.445295736019,1
2024-10-14T23:50:00.000000,2538751.2071576747,179908.3538949595,2718659.5610526344,1718659.5610526344,171.86595610526342,16066.445295736019,1
2024-10-15T23:55:00.000000,2538751.2071576747,179908.3538949595,2718659.5610526344,1718659.5610526344,171.86595610526342,16066.445295736019,1
2024-10-16T23:40:00.000000,2538751.2071576747,181847.02150158622,2720598.228659261,1720598.228659261,172.0598228659261,16066.445295736019,1
2024-10-17T23:55:00.000000,2538751.2071576747,178075.43179414878,2716826.6389518236,1716826.6389518236,171.68266389518237,16066.445295736019,1
2024-10-18T23:55:00.000000,2538751.2071576747,177123.72224180473,2715874.9293994796,1715874.9293994796,171.58749293994796,16066.445295736019,1
2024-10-19T23:50:00.000000,2538751.2071576747,185125.13218188228,2723876.339339557,1723876.339339557,172.3876339339557,16066.445295736019,1
2024-10-20T23:55:00.000000,2538751.2071576747,182657.73704617555,2721408.9442038503,1721408.9442038503,172.14089442038502,16066.445295736019,1
2024-10-21T23:50:00.000000,2538751.2071576747,182657.73704617555,2721408.9442038503,1721408.9442038503,172.14089442038502,16066.445295736019,1
2024-10-22T23:50:00.000000,2538751.2071576747,179062.38984843149,2717813.5970061063,1717813.5970061063,171.78135970061064,16066.445295736019,1
2024-10-23T23:55:00.000000,2538751.2071576747,169263.30630948185,2708014.5134671563,1708014.5134671563,170.80145134671562,16066.445295736019,1
2024-10-24T23:50:00.000000,2538751.2071576747,171483.96193161793,2710235.1690892926,1710235.1690892926,171.02351690892928,16066.445295736019,1
2024-10-25T23:55:00.000000,2538751.2071576747,168805.07578427918,2707556.2829419537,1707556.2829419537,170.75562829419536,16066.445295736019,1
2024-10-26T23:50:00.000000,2538751.2071576747,159358.47726471626,2698109.684422391,1698109.684422391,169.8109684422391,16066.445295736019,1
2024-10-27T23:55:00.000000,2538751.2071576747,162072.61191399366,2700823.819071668,1700823.8190716682,170.08238190716682,16066.445295736019,1
2024-10-28T23:55:00.000000,2538751.2071576747,163799.7885089884,2702550.995666663,1702550.9956666632,170.2550995666663,16066.445295736019,1
2024-10-29T23:55:00.000000,2538751.2071576747,173775.11455763134,2712526.321715306,1712526.321715306,171.2526321715306,16066.445295736019,1
2024-10-30T23:55:00.000000,2538751.2071576747,174656.327106098,2713407.534263773,1713407.534263773,171.3407534263773,16066.445295736019,1
2024-10-31T23:45:00.000000,2538751.2071576747,163517.80049347904,2702269.007651154,1702269.007651154,170.2269007651154,16066.445295736019,1
2024-11-01T23:50:00.000000,2538751.2071576747,159816.70778991893,2698567.9149475936,1698567.9149475936,169.85679149475936,16066.445295736019,1
2024-11-02T23:55:00.000000,2538751.2071576747,159076.4892492069,2697827.696406882,1697827.6964068818,169.78276964068817,16066.445295736019,1
2024-11-03T23:45:00.000000,2538751.2071576747,154635.1780049348,2693386.3851626096,1693386.3851626096,169.33863851626097,16066.445295736019,1
2024-11-04T23:55:00.000000,2538751.2071576747,152308.77687698274,2691059.9840346575,1691059.9840346575,169.10599840346575,16066.445295736019,1
2024-11-05T23:55:00.000000,2538751.2071576747,155868.87557278815,2694620.082730463,1694620.0827304628,169.46200827304628,16066.445295736019,1
2024-11-06T23:55:00.000000,2538751.2071576747,171025.73140641526,2709776.93856409,1709776.93856409,170.977693856409,16066.445295736019,1
2024-11-07T23:50:00.000000,2538751.2071576747,174021.85407120202,2712773.061228877,1712773.061228877,171.2773061228877,16066.445295736019,1
2024-11-08T23:55:00.000000,2538751.2071576747,170179.76735988722,2708930.974517562,1708930.974517562,170.8930974517562,16066.445295736019,1
2024-11-09T23:50:00.000000,2538751.2071576747,177511.45576313007,2716262.6629208047,1716262.6629208047,171.62626629208046,16066.445295736019,1
2024-11-10T23:55:00.000000,2538751.2071576747,191187.87451533313,2729939.081673008,1729939.081673008,172.99390816730082,16066.445295736019,1
2024-11-11T23:50:00.000000,2538751.2071576747,201092.70356009871,2739843.9107177733,1739843.9107177733,173.9843910717773,16066.445295736019,1
2024-11-12T23:50:00.000000,2538751.2071576747,200352.4850193867,2739103.6921770615,1739103.6921770615,173.91036921770615,16066.445295736019,1
2024-11-13T23:45:00.000000,2538751.2071576747,196580.89531194928,2735332.102469624,1735332.102469624,173.5332102469624,16066.445295736019,1
2024-11-14T23:55:00.000000,2538751.2071576747,185089.8836799436,2723841.0908376183,1723841.0908376183,172.3841090837618,16066.445295736019,1
2024-11-15T23:50:00.000000,2538751.2071576747,191963.3415579838,2730714.5487156585,1730714.5487156585,173.07145487156586,16066.445295736019,1
2024-11-16T23:55:00.000000,2538751.2071576747,215756.08036658444,2754507.287524259,1754507.2875242592,175.4507287524259,16066.445295736019,1
2024-11-17T23:50:00.000000,2538751.2071576747,220021.14910116323,2758772.356258838,1758772.356258838,175.8772356258838,16066.445295736019,1
2024-11-18T23:50:00.000000,2538751.2071576747,211279.52062037366,2750030.7277780483,1750030.7277780483,175.00307277780482,16066.445295736019,1
2024-11-19T23:55:00.000000,2538751.2071576747,227529.08001409943,2766280.287171774,1766280.287171774,176.6280287171774,16066.445295736019,1
2024-11-20T23:30:00.000000,2538751.2071576747,211561.50863588302,2750312.715793558,1750312.715793558,175.03127157935577,16066.445295736019,1
2024-11-21T23:45:00.000000,2538751.2071576747,224109.97532604868,2762861.1824837234,1762861.1824837234,176.28611824837236,16066.445295736019,1
2024-11-22T23:40:00.000000,2538751.2071576747,233027.84631653156,2771779.0534742065,1771779.0534742065,177.17790534742065,16066.445295736019,1
2024-11-23T23:55:00.000000,2538751.2071576747,242262.9538244625,2781014.160982137,1781014.160982137,178.10141609821372,16066.445295736019,1
2024-11-24T23:55:00.000000,2538751.2071576747,249911.87874515334,2788663.0859028283,1788663.0859028283,178.86630859028284,16066.445295736019,1
2024-11-25T23:55:00.000000,2538751.2071576747,261825.872400423,2800577.0795580978,1800577.0795580978,180.05770795580978,16066.445295736019,1
2024-11-26T23:55:00.000000,2538751.2071576747,260063.44730348964,2798814.6544611645,1798814.6544611645,179.88146544611647,16066.445295736019,1
2024-11-27T23:50:00.000000,2538751.2071576747,270849.4888967219,2809600.6960543967,1809600.6960543967,180.96006960543966,16066.445295736019,1
2024-11-28T23:45:00.000000,2538751.2071576747,277581.95276700746,2816333.159924682,1816333.1599246822,181.63331599246823,16066.445295736019,1
2024-11-29T23:55:00.000000,2538751.2071576747,277229.4677476208,2815980.6749052955,1815980.6749052955,181.59806749052956,16066.445295736019,1
2024-11-30T23:55:00.000000,2538751.2071576747,306062.7423334509,2844813.9494911255,1844813.9494911255,184.48139494911254,16066.445295736019,1
2024-12-01T23:55:00.000000,2538751.2071576747,316179.06238984846,2854930.269547523,1854930.269547523,185.49302695475228,16066.445295736019,1
2024-12-02T23:55:00.000000,1538451.2071576747,1319457.1730701446,2857908.380227819,1857908.380227819,185.7908380227819,16366.445295736019,2
2024-12-03T23:55:00.000000,1538451.2071576747,1322055.1737600383,2860506.380917713,1860506.380917713,186.0506380917713,16366.445295736019,2
2024-12-04T23:55:00.000000,1538451.2071576747,1443625.6158378138,2982076.8229954885,1982076.8229954885,198.20768229954885,16366.445295736019,2
2024-12-05T23:50:00.000000,1538451.2071576747,1443390.1913367836,2981841.3984944583,1981841.3984944583,198.18413984944584,16366.445295736019,2
2024-12-06T23:55:00.000000,1538451.2071576747,1435401.800335493,2973853.0074931676,1973853.0074931676,197.38530074931677,16366.445295736019,2
2024-12-07T23:55:00.000000,1538451.2071576747,1551661.112155017,3090112.3193126917,2090112.3193126917,209.01123193126918,16366.445295736019,2
2024-12-08T23:50:00.000000,1538451.2071576747,1502041.1858604276,3040492.3930181023,2040492.3930181023,204.04923930181025,16366.445295736019,2
2024-12-09T23:55:00.000000,1538451.2071576747,1526419.5649051813,3064870.772062856,2064870.7720628558,206.4870772062856,16366.445295736019,2
2024-12-10T23:50:00.000000,1538451.2071576747,1335770.924155416,2874222.1313130907,1874222.1313130907,187.42221313130906,16366.445295736019,2
2024-12-11T23:55:00.000000,1538451.2071576747,1277551.5176604104,2816002.7248180853,1816002.7248180853,181.60027248180853,16366.445295736019,2
2024-12-12T23:55:00.000000,1538451.2071576747,1400541.9820337077,2938993.1891913824,1938993.1891913824,193.89931891913824,16366.445295736019,2
2024-12-13T23:50:00.000000,1538451.2071576747,1365792.015935558,2904243.2230932326,1904243.2230932326,190.42432230932326,16366.445295736019,2
2024-12-14T23:55:00.000000,1538451.2071576747,1375352.6047653558,2913803.8119230308,1913803.8119230308,191.38038119230308,16366.445295736019,2
2024-12-15T23:35:00.000000,1538451.2071576747,1322081.5021688156,2860532.7093264903,1860532.7093264903,186.05327093264904,16366.445295736019,2
2024-12-16T23:50:00.000000,2574763.076170818,289707.4374339091,2864470.513604727,1864470.513604727,186.4470513604727,16677.43215249699,1
2024-12-17T23:55:00.000000,2574763.076170818,284102.9256256609,2858866.001796479,1858866.0017964789,185.8866001796479,16677.43215249699,1
2024-12-18T23:55:00.000000,2574763.076170818,253683.4684525908,2828446.544623409,1828446.544623409,182.84465446234088,16677.43215249699,1
2024-12-19T23:55:00.000000,2574763.076170818,247197.74409587597,2821960.820266694,1821960.8202666938,182.1960820266694,16677.43215249699,1
2024-12-20T23:55:00.000000,2574763.076170818,234155.79837856893,2808918.874549387,1808918.874549387,180.89188745493868,16677.43215249699,1
2024-12-21T23:40:00.000000,2574763.076170818,250088.1212548467,2824851.1974256644,1824851.1974256644,182.48511974256644,16677.43215249699,1
2024-12-22T23:50:00.000000,2574763.076170818,231547.40923510754,2806310.4854059257,1806310.4854059257,180.6310485405926,16677.43215249699,1
2024-12-23T23:55:00.000000,1574463.076170818,1238174.127599577,2812637.203770395,1812637.203770395,181.26372037703948,16977.43215249699,2
2024-12-24T23:55:00.000000,1574463.076170818,1325393.717792549,2899856.793963367,1899856.7939633671,189.9856793963367,16977.43215249699,2
2024-12-25T23:55:00.000000,1574463.076170818,1370695.4409820908,2945158.5171529087,1945158.5171529087,194.51585171529086,16977.43215249699,2
2024-12-26T23:50:00.000000,1574463.076170818,1295943.9414440722,2870407.01761489,1870407.01761489,187.040701761489,16977.43215249699,2
2024-12-27T23:50:00.000000,1574463.076170818,1288043.6845154231,2862506.760686241,1862506.760686241,186.2506760686241,16977.43215249699,2
2024-12-28T23:45:00.000000,1574463.076170818,1288520.1225826829,2862983.198753501,1862983.1987535008,186.29831987535007,16977.43215249699,2
2024-12-29T23:55:00.000000,1574463.076170818,1277218.9685080403,2851682.0446788585,1851682.0446788585,185.16820446788586,16977.43215249699,2
2024-12-30T23:45:00.000000,2624420.302815141,237257.6665491717,2861677.969364313,1861677.969364313,186.16779693643127,17292.513844998037,1
2024-12-31T23:55:00.000000,2624420.302815141,221713.07719421925,2846133.3800093606,1846133.3800093606,184.61333800093607,17292.513844998037,1
2025-01-01T23:55:00.000000,2624420.302815141,228551.28657032078,2852971.589385462,1852971.589385462,185.2971589385462,17292.513844998037,1
2025-01-02T23:45:00.000000,2624420.302815141,237997.8850898837,2862418.1879050247,1862418.1879050247,186.24181879050246,17292.513844998037,1
2025-01-03T23:55:00.000000,2624420.302815141,254917.16602044416,2879337.4688355853,1879337.4688355853,187.93374688355854,17292.513844998037,1
2025-01-04T23:55:00.000000,2624420.302815141,253154.74092351078,2877575.043738652,1877575.043738652,187.7575043738652,17292.513844998037,1
2025-01-05T23:50:00.000000,2624420.302815141,253859.71096228412,2878280.0137774255,1878280.0137774255,187.82800137774257,17292.513844998037,1
2025-01-06T23:50:00.000000,2624420.302815141,270673.2463870286,2895093.5492021698,1895093.5492021698,189.50935492021696,17292.513844998037,1
2025-01-07T23:40:00.000000,2624420.302815141,272153.68346845265,2896573.986283594,1896573.9862835938,189.65739862835937,17292.513844998037,1
2025-01-08T23:50:00.000000,2624420.302815141,242227.7053225238,2866648.0081376648,1866648.0081376648,186.66480081376648,17292.513844998037,1
2025-01-09T23:50:00.000000,2624420.302815141,269756.7853366232,2894177.088151764,1894177.0881517641,189.4177088151764,17292.513844998037,1
2025-01-10T23:50:00.000000,2624420.302815141,274656.327106098,2899076.6299212393,1899076.6299212393,189.90766299212393,17292.513844998037,1
2025-01-11T23:55:00.000000,2624420.302815141,282023.2640112795,2906443.566826421,1906443.5668264208,190.64435668264207,17292.513844998037,1
2025-01-12T23:55:00.000000,2624420.302815141,263306.30948184704,2887726.6122969883,1887726.6122969883,188.77266122969883,17292.513844998037,1
2025-01-13T23:50:00.000000,2624420.302815141,233168.84032428626,2857589.1431394275,1857589.1431394275,185.75891431394277,17292.513844998037,1
2025-01-14T23:45:00.000000,2624420.302815141,240112.79520620377,2864533.0980213447,1864533.0980213447,186.45330980213447,17292.513844998037,1
2025-01-15T23:55:00.000000,2624420.302815141,265844.2016214311,2890264.504436572,1890264.504436572,189.0264504436572,17292.513844998037,1
2025-01-16T23:55:00.000000,2624420.302815141,253894.9594642228,2878315.262279364,1878315.2622793638,187.83152622793637,17292.513844998037,1
2025-01-17T23:45:00.000000,2624420.302815141,257137.82164258024,2881558.1244577216,1881558.1244577216,188.15581244577214,17292.513844998037,1
2025-01-18T23:55:00.000000,2624420.302815141,237997.8850898837,2862418.1879050247,1862418.1879050247,186.24181879050246,17292.513844998037,1
2025-01-19T23:55:00.000000,2624420.302815141,225449.41839971804,2849869.7212148593,1849869.7212148593,184.98697212148593,17292.513844998037,1
2025-01-20T23:55:00.000000,2624420.302815141,237292.91505111035,2861713.2178662517,1861713.2178662517,186.17132178662516,17292.513844998037,1
2025-01-21T23:55:00.000000,2624420.302815141,228480.78956644345,2852901.0923815845,1852901.0923815845,185.29010923815846,17292.513844998037,1
2025-01-22T23:55:00.000000,2624420.302815141,229502.99612266483,2853923.298937806,1853923.298937806,185.39232989378058,17292.513844998037,1
2025-01-23T23:55:00.000000,2624420.302815141,219527.67007402188,2843947.972889163,1843947.972889163,184.3947972889163,17292.513844998037,1
2025-01-24T23:45:00.000000,2624420.302815141,221995.0652097286,2846415.36802487,1846415.3680248698,184.641536802487,17292.513844998037,1
2025-01-25T23:55:00.000000,2624420.302815141,217976.73598872052,2842397.0388038615,1842397.0388038615,184.23970388038614,17292.513844998037,1
2025-01-26T23:50:00.000000,2624420.302815141,225837.1519210434,2850257.4547361843,1850257.4547361843,185.02574547361843,17292.513844998037,1
2025-01-27T23:50:00.000000,2624420.302815141,215826.57737046177,2840246.880185603,1840246.8801856032,184.0246880185603,17292.513844998037,1
2025-01-28T23:55:00.000000,2624420.302815141,214416.63729291508,2838836.940108056,1838836.9401080562,183.8836940108056,17292.513844998037,1
2025-01-29T23:50:00.000000,2624420.302815141,200704.97003877338,2825125.2728539146,1825125.2728539146,182.51252728539146,17292.513844998037,1
2025-01-30T23:50:00.000000,2624420.302815141,209693.33803313362,2834113.640848275,1834113.6408482748,183.41136408482748,17292.513844998037,1
2025-01-31T23:55:00.000000,2624420.302815141,213112.44272118437,2837532.7455363255,1837532.7455363255,183.75327455363254,17292.513844998037,1
2025-02-01T23:50:00.000000,2624420.302815141,210045.82305252028,2834466.1258676616,1834466.1258676616,183.44661258676615,17292.513844998037,1
2025-02-02T23:40:00.000000,2624420.302815141,197497.35636235462,2821917.6591774956,1821917.6591774956,182.19176591774956,17292.513844998037,1
2025-02-03T23:55:00.000000,2624420.302815141,158301.02220655626,2782721.325021697,1782721.3250216972,178.2721325021697,17292.513844998037,1
2025-02-04T23:55:00.000000,2624420.302815141,181459.28798026085,2805879.590795402,1805879.590795402,180.58795907954018,17292.513844998037,1
2025-02-05T23:55:00.000000,2624420.302815141,169862.5308424392,2794282.8336575804,1794282.8336575804,179.42828336575803,17292.513844998037,1
2025-02-06T23:55:00.000000,2624420.302815141,163271.06097990836,2787691.3637950495,1787691.3637950495,178.76913637950494,17292.513844998037,1
2025-02-07T23:55:00.000000,2624420.302815141,164258.01903419106,2788678.321849332,1788678.3218493322,178.86783218493323,17292.513844998037,1
2025-02-08T23:55:00.000000,2624420.302815141,165421.2195981671,2789841.5224133083,1789841.5224133083,178.98415224133083,17292.513844998037,1
2025-02-09T23:50:00.000000,2624420.302815141,178886.1473387381,2803306.4501538794,1803306.4501538794,180.33064501538794,17292.513844998037,1
2025-02-10T23:50:00.000000,1624120.3028151412,1175044.0606274235,2799164.3634425644,1799164.3634425644,179.91643634425645,17592.513844998037,2
2025-02-11T23:45:00.000000,1624120.3028151412,1207693.3218887816,2831813.624703923,1831813.6247039228,183.1813624703923,17592.513844998037,2
2025-02-12T23:55:00.000000,1624120.3028151412,1156527.3788547488,2780647.68166989,1780647.68166989,178.06476816698898,17592.513844998037,2
2025-02-13T23:55:00.000000,1624120.3028151412,1165519.9071244407,2789640.209939582,1789640.2099395818,178.96402099395817,17592.513844998037,2
2025-02-14T23:50:00.000000,1624120.3028151412,1208375.0688980923,2832495.371713233,1832495.3717132332,183.24953717132334,17592.513844998037,2
2025-02-15T23:55:00.000000,1624120.3028151412,1178027.7438619898,2802148.046677131,1802148.0466771312,180.2148046677131,17592.513844998037,2
2025-02-16T23:55:00.000000,1624120.3028151412,1171027.8011951374,2795148.1040102784,1795148.1040102784,179.51481040102783,17592.513844998037,2
2025-02-17T23:55:00.000000,2610905.7989983475,181001.05745505818,2791906.8564534057,1791906.8564534057,179.19068564534058,17888.638331198857,1
2025-02-18T23:45:00.000000,2610905.7989983475,167324.63870285515,2778230.4377012025,1778230.4377012025,177.82304377012025,17888.638331198857,1
2025-02-19T23:55:00.000000,2610905.7989983475,178709.90482904477,2789615.7038273923,1789615.7038273923,178.96157038273924,17888.638331198857,1
2025-02-20T23:55:00.000000,2610905.7989983475,179767.35988720483,2790673.1588855525,1790673.1588855525,179.06731588855524,17888.638331198857,1
2025-02-21T23:55:00.000000,2610905.7989983475,182340.50052872754,2793246.299527075,1793246.2995270751,179.3246299527075,17888.638331198857,1
2025-02-22T23:55:00.000000,2610905.7989983475,176806.48572435672,2787712.2847227044,1787712.2847227044,178.77122847227045,17888.638331198857,1
2025-02-23T23:55:00.000000,2610905.7989983475,181529.78498413818,2792435.583982486,1792435.5839824858,179.24355839824858,17888.638331198857,1
2025-02-24T23:55:00.000000,2610905.7989983475,172893.90200916462,2783799.701007512,1783799.701007512,178.3799701007512,17888.638331198857,1
2025-02-25T23:55:00.000000,2610905.7989983475,163165.31547409238,2774071.11447244,1774071.11447244,177.407111447244,17888.638331198857,1
2025-02-26T23:55:00.000000,2610905.7989983475,161896.36940430032,2772802.1684026476,1772802.1684026476,177.28021684026476,17888.638331198857,1
2025-02-27T23:55:00.000000,2610905.7989983475,163376.80648572437,2774282.6054840717,1774282.6054840717,177.42826054840717,17888.638331198857,1
2025-02-28T23:50:00.000000,2610905.7989983475,153366.23193514277,2764272.03093349,1764272.03093349,176.427203093349,17888.638331198857,1
2025-03-01T23:55:00.000000,2610905.7989983475,158406.76771237224,2769312.56671072,1769312.5667107198,176.931256671072,17888.638331198857,1
2025-03-02T23:50:00.000000,2610905.7989983475,162178.35741980968,2773084.1564181573,1773084.1564181573,177.3084156418157,17888.638331198857,1
2025-03-03T23:40:00.000000,2610905.7989983475,170532.2523792739,2781438.0513776215,1781438.0513776215,178.14380513776214,17888.638331198857,1
2025-03-04T23:40:00.000000,2610905.7989983475,145928.79802608388,2756834.5970244315,1756834.5970244315,175.68345970244314,17888.638331198857,1
2025-03-05T23:50:00.000000,2610905.7989983475,155586.88755727885,2766492.6865556263,1766492.6865556263,176.64926865556262,17888.638331198857,1
2025-03-06T23:45:00.000000,2610905.7989983475,159323.22876277758,2770229.027761125,1770229.027761125,177.0229027761125,17888.638331198857,1
2025-03-07T23:50:00.000000,2610905.7989983475,153330.9834332041,2764236.7824315517,1764236.7824315517,176.42367824315517,17888.638331198857,1
2025-03-08T23:45:00.000000,2610905.7989983475,151498.06133239338,2762403.860330741,1762403.860330741,176.2403860330741,17888.638331198857,1
2025-03-09T23:55:00.000000,2610905.7989983475,139866.0556926331,2750771.8546909806,1750771.8546909806,175.07718546909808,17888.638331198857,1
2025-03-10T23:55:00.000000,2610905.7989983475,180155.09340853017,2791060.8924068776,1791060.8924068776,179.10608924068777,17888.638331198857,1
2025-03-11T23:50:00.000000,2610905.7989983475,180824.81494536484,2791730.6139437123,1791730.6139437123,179.17306139437125,17888.638331198857,1
2025-03-12T23:55:00.000000,2610905.7989983475,170038.77335213256,2780944.57235048,1780944.5723504801,178.09445723504803,17888.638331198857,1
2025-03-13T23:55:00.000000,2610905.7989983475,160944.6598519563,2771850.4588503037,1771850.4588503037,177.18504588503038,17888.638331198857,1
2025-03-14T23:50:00.000000,2610905.7989983475,170814.24039478324,2781720.0393931307,1781720.0393931307,178.17200393931307,17888.638331198857,1
2025-03-15T23:55:00.000000,2610905.7989983475,173669.3690518153,2784575.168050163,1784575.168050163,178.4575168050163,17888.638331198857,1
2025-03-16T23:55:00.000000,2610905.7989983475,161508.63588297498,2772414.4348813226,1772414.4348813226,177.24144348813223,17888.638331198857,1
2025-03-17T23:50:00.000000,2610905.7989983475,160169.19280930562,2771074.991807653,1771074.991807653,177.1074991807653,17888.638331198857,1
2025-03-18T23:55:00.000000,2610905.7989983475,153084.24391963342,2763990.042917981,1763990.0429179808,176.3990042917981,17888.638331198857,1
2025-03-19T23:55:00.000000,2610905.7989983475,151956.29185759605,2762862.0908559435,1762862.0908559435,176.28620908559435,17888.638331198857,1
2025-03-20T23:45:00.000000,2610905.7989983475,152908.0014099401,2763813.8004082874,1763813.8004082874,176.38138004082876,17888.638331198857,1
2025-03-21T23:55:00.000000,2610905.7989983475,146951.00458230526,2757856.803580653,1757856.803580653,175.7856803580653,17888.638331198857,1
2025-03-22T23:55:00.000000,2610905.7989983475,149982.37574903067,2760888.174747378,1760888.174747378,176.08881747473782,17888.638331198857,1
2025-03-23T23:55:00.000000,2610905.7989983475,146880.50757842793,2757786.3065767754,1757786.3065767754,175.77863065767752,17888.638331198857,1
2025-03-24T23:55:00.000000,2610905.7989983475,150405.3577722947,2761311.1567706424,1761311.1567706424,176.13111567706423,17888.638331198857,1
2025-03-25T23:50:00.000000,2610905.7989983475,151850.54635178007,2762756.3453501277,1762756.3453501277,176.27563453501276,17888.638331198857,1
2025-03-26T23:55:00.000000,2610905.7989983475,155128.65703207615,2766034.4560304238,1766034.4560304238,176.6034456030424,17888.638331198857,1
2025-03-27T23:55:00.000000,2610905.7989983475,151216.07331688405,2762121.8723152317,1762121.8723152317,176.21218723152316,17888.638331198857,1
2025-03-28T23:55:00.000000,2610905.7989983475,141205.49876630245,2752111.29776465,1752111.29776465,175.21112977646501,17888.638331198857,1
2025-03-29T23:55:00.000000,2610905.7989983475,143813.88790976387,2754719.6869081114,1754719.6869081114,175.47196869081114,17888.638331198857,1
2025-03-30T23:55:00.000000,2610905.7989983475,137081.42403947833,2747987.223037826,1747987.223037826,174.7987223037826,17888.638331198857,1
2025-03-31T23:55:00.000000,2610905.7989983475,135248.5019386676,2746154.300937015,1746154.300937015,174.61543009370152,17888.638331198857,1
2025-04-01T23:55:00.000000,2610905.7989983475,137786.3940782517,2748692.1930765994,1748692.1930765994,174.86921930765993,17888.638331198857,1
2025-04-02T23:55:00.000000,2610905.7989983475,132358.12477969687,2743263.9237780445,1743263.9237780445,174.32639237780444,17888.638331198857,1
2025-04-03T23:55:00.000000,2610905.7989983475,124004.22982023265,2734910.0288185803,1734910.0288185803,173.49100288185804,17888.638331198857,1
2025-04-04T23:45:00.000000,2610905.7989983475,125061.68487839268,2735967.48387674,1735967.48387674,173.596748387674,17888.638331198857,1
2025-04-05T23:50:00.000000,2610905.7989983475,125484.66690165669,2736390.4659000044,1736390.4659000044,173.63904659000045,17888.638331198857,1
2025-04-06T23:35:00.000000,2610905.7989983475,125766.65491716603,2736672.4539155136,1736672.4539155136,173.66724539155138,17888.638331198857,1
2025-04-07T23:55:00.000000,2610905.7989983475,101304.19457173071,2712209.993570078,1712209.9935700782,171.2209993570078,17888.638331198857,1
2025-04-08T23:55:00.000000,2610905.7989983475,110504.05357772297,2721409.8525760705,1721409.8525760705,172.14098525760704,17888.638331198857,1
2025-04-09T23:55:00.000000,2610905.7989983475,122171.30771942194,2733077.1067177695,1733077.1067177695,173.30771067177696,17888.638331198857,1
2025-04-10T23:55:00.000000,2610905.7989983475,120408.88262248857,2731314.6816208363,1731314.6816208363,173.13146816208362,17888.638331198857,1
2025-04-11T23:50:00.000000,2610905.7989983475,124779.69686288334,2735685.495861231,1735685.495861231,173.56854958612308,17888.638331198857,1
2025-04-12T23:55:00.000000,2610905.7989983475,124568.20585125133,2735474.0048495987,1735474.0048495987,173.54740048495987,17888.638331198857,1
2025-04-13T23:55:00.000000,2610905.7989983475,124532.95734931267,2735438.75634766,1735438.75634766,173.54387563476598,17888.638331198857,1
2025-04-14T23:55:00.000000,2610905.7989983475,123123.01727176596,2734028.8162701135,1734028.8162701135,173.40288162701134,17888.638331198857,1
2025-04-15T23:55:00.000000,2610905.7989983475,122735.28375044062,2733641.082748788,1733641.082748788,173.36410827487882,17888.638331198857,1
2025-04-16T23:55:00.000000,2610905.7989983475,123158.26577370464,2734064.064772052,1734064.0647720522,173.40640647720522,17888.638331198857,1
2025-04-17T23:55:00.000000,2610905.7989983475,133309.83433204092,2744215.6333303885,1744215.6333303885,174.42156333303885,17888.638331198857,1
2025-04-18T23:45:00.000000,2610905.7989983475,134014.80437081424,2744920.6033691615,1744920.6033691615,174.49206033691615,17888.638331198857,1
2025-04-19T23:50:00.000000,2610905.7989983475,132287.62777581954,2743193.426774167,1743193.426774167,174.3193426774167,17888.638331198857,1
2025-04-20T23:55:00.000000,2610905.7989983475,131758.90024673953,2742664.699245087,1742664.6992450869,174.2664699245087,17888.638331198857,1
2025-04-21T23:55:00.000000,1610605.7989983475,1135142.7564328515,2745748.5554311993,1745748.5554311993,174.57485554311992,18188.638331198857,2
2025-04-22T23:55:00.000000,1610605.7989983475,1089883.895710726,2700489.6947090738,1700489.6947090738,170.04896947090737,18188.638331198857,2
2025-04-23T23:50:00.000000,1610605.7989983475,1116191.518037445,2726797.3170357924,1726797.3170357924,172.67973170357925,18188.638331198857,2
2025-04-24T23:55:00.000000,1610605.7989983475,1116745.7845478964,2727351.5835462436,1727351.5835462436,172.73515835462436,18188.638331198857,2
2025-04-25T23:50:00.000000,1610605.7989983475,1210118.6346491792,2820724.4336475264,1820724.4336475264,182.07244336475264,18188.638331198857,2
2025-04-26T23:55:00.000000,1610605.7989983475,1193177.4043175785,2803783.203315926,1803783.2033159258,180.3783203315926,18188.638331198857,2
2025-04-27T23:55:00.000000,1610605.7989983475,1150235.2352028377,2760841.034201185,1760841.0342011852,176.08410342011854,18188.638331198857,2
2025-04-28T23:55:00.000000,1610605.7989983475,1123279.5268972353,2733885.325895583,1733885.3258955828,173.38853258955828,18188.638331198857,2
2025-04-29T23:50:00.000000,1610605.7989983475,1121199.865282854,2731805.6642812015,1731805.6642812015,173.18056642812016,18188.638331198857,2
2025-04-30T23:55:00.000000,1610605.7989983475,1127819.9340968744,2738425.733095222,1738425.7330952222,173.8425733095222,18188.638331198857,2
2025-05-01T23:55:00.000000,1610605.7989983475,1140407.5527123986,2751013.351710746,1751013.351710746,175.1013351710746,18188.638331198857,2
2025-05-02T23:40:00.000000,1610605.7989983475,1151841.6802845143,2762447.4792828616,1762447.4792828616,176.24474792828616,18188.638331198857,2
2025-05-03T23:55:00.000000,1610605.7989983475,1120094.3922320697,2730700.191230417,1730700.1912304172,173.07001912304173,18188.638331198857,2
2025-05-04T23:50:00.000000,1610605.7989983475,1078253.2631344802,2688859.062132828,1688859.062132828,168.8859062132828,18188.638331198857,2
2025-05-05T23:45:00.000000,1610605.7989983475,1081300.4637620097,2691906.262760357,1691906.262760357,169.1906262760357,18188.638331198857,2
2025-05-06T23:50:00.000000,1610605.7989983475,1053368.3503759939,2663974.1493743416,1663974.1493743416,166.39741493743415,18188.638331198857,2
2025-05-07T23:50:00.000000,1610605.7989983475,1042674.4413445902,2653280.2403429374,1653280.2403429374,165.32802403429375,18188.638331198857,2
2025-05-08T23:50:00.000000,1610605.7989983475,1143955.7253708204,2754561.524369168,1754561.524369168,175.45615243691682,18188.638331198857,2
2025-05-09T23:55:00.000000,1610605.7989983475,1165186.7199650693,2775792.518963417,1775792.518963417,177.5792518963417,18188.638331198857,2
2025-05-10T23:55:00.000000,1610605.7989983475,1192861.5408636453,2803467.3398619927,1803467.3398619927,180.34673398619927,18188.638331198857,2
2025-05-11T23:50:00.000000,1610605.7989983475,1205755.8430227481,2816361.6420210954,1816361.6420210954,181.63616420210954,18188.638331198857,2
2025-05-12T23:55:00.000000,1610605.7989983475,1178634.4451813218,2789240.2441796693,1789240.2441796693,178.92402441796693,18188.638331198857,2
2025-05-13T23:55:00.000000,1610605.7989983475,1205452.2194492877,2816058.018447635,1816058.0184476352,181.6058018447635,18188.638331198857,2
2025-05-14T23:50:00.000000,1610605.7989983475,1177940.0281164176,2788545.827114765,1788545.827114765,178.85458271147652,18188.638331198857,2
2025-05-15T23:50:00.000000,1610605.7989983475,1098102.0731493703,2708707.8721477175,1708707.8721477175,170.87078721477175,18188.638331198857,2
2025-05-16T23:45:00.000000,1610605.7989983475,1120517.3742553338,2731123.1732536815,1731123.1732536815,173.11231732536817,18188.638331198857,2
2025-05-17T23:55:00.000000,1610605.7989983475,1091165.6112712037,2701771.410269551,1701771.410269551,170.1771410269551,18188.638331198857,2
2025-05-18T23:50:00.000000,1610605.7989983475,1111228.972267844,2721834.7712661913,1721834.7712661913,172.18347712661912,18188.638331198857,2
2025-05-19T23:55:00.000000,1610605.7989983475,1081642.395807527,2692248.1948058745,1692248.1948058745,169.22481948058746,18188.638331198857,2
2025-05-20T23:55:00.000000,1610605.7989983475,1074866.34697825,2685472.1459765974,1685472.1459765974,168.54721459765975,18188.638331198857,2
2025-05-21T23:50:00.000000,1610605.7989983475,1099934.9952501808,2710540.7942485283,1710540.7942485283,171.05407942485283,18188.638331198857,2
2025-05-22T23:55:00.000000,1610605.7989983475,1127655.6176245648,2738261.4166229125,1738261.4166229125,173.82614166229123,18188.638331198857,2
2025-05-23T23:55:00.000000,1610605.7989983475,1159871.6891760814,2770477.488174429,1770477.4881744292,177.0477488174429,18188.638331198857,2
2025-05-24T23:55:00.000000,1610605.7989983475,1099968.0272353033,2710573.8262336506,1710573.8262336506,171.05738262336504,18188.638331198857,2
2025-05-25T23:55:00.000000,1610605.7989983475,1090785.3707536294,2701391.1697519766,1701391.1697519766,170.13911697519765,18188.638331198857,2
2025-05-26T23:45:00.000000,1610605.7989983475,1093944.966437424,2704550.7654357716,1704550.7654357716,170.45507654357715,18188.638331198857,2
2025-05-27T23:50:00.000000,1610605.7989983475,1110737.709757519,2721343.5087558664,1721343.5087558664,172.13435087558665,18188.638331198857,2
2025-05-28T23:55:00.000000,1610605.7989983475,1095508.670013411,2706114.4690117585,1706114.4690117585,170.61144690117584,18188.638331198857,2
2025-05-29T23:55:00.000000,1610605.7989983475,1076898.834053309,2687504.633051656,1687504.6330516562,168.75046330516562,18188.638331198857,2
2025-05-30T23:55:00.000000,1610605.7989983475,1051195.712746482,2661801.51174483,1661801.5117448298,166.180151174483,18188.638331198857,2
2025-05-31T23:55:00.000000,1610605.7989983475,956646.8925905373,2567252.6915888847,1567252.6915888847,156.72526915888847,18188.638331198857,2
2025-06-01T23:55:00.000000,1610605.7989983475,943560.5184609371,2554166.3174592843,1554166.3174592843,155.41663174592844,18188.638331198857,2
2025-06-02T23:40:00.000000,1610605.7989983475,948294.3706945877,2558900.1696929354,1558900.1696929354,155.89001696929355,18188.638331198857,2
2025-06-03T23:55:00.000000,1610605.7989983475,968684.6777292432,2579290.476727591,1579290.476727591,157.92904767275908,18188.638331198857,2
2025-06-04T23:55:00.000000,1610605.7989983475,1015442.021510413,2626047.8205087604,1626047.8205087604,162.60478205087605,18188.638331198857,2
2025-06-05T23:50:00.000000,1610605.7989983475,907272.8232088534,2517878.622207201,1517878.622207201,151.78786222072011,18188.638331198857,2
2025-06-06T23:55:00.000000,1610605.7989983475,931702.5654122555,2542308.364410603,1542308.364410603,154.2308364410603,18188.638331198857,2
2025-06-07T23:55:00.000000,1610605.7989983475,945093.4065686181,2555699.2055669655,1555699.2055669655,155.56992055669656,18188.638331198857,2
2025-06-08T23:55:00.000000,1610605.7989983475,949264.6558347647,2559870.454833112,1559870.4548331122,155.98704548331122,18188.638331198857,2
2025-06-09T23:55:00.000000,610305.7989983475,1953523.0750188944,2563828.874017242,1563828.8740172419,156.3828874017242,18488.638331198857,3
2025-06-10T23:50:00.000000,610305.7989983475,2124677.253148077,2734983.0521464245,1734983.0521464245,173.49830521464244,18488.638331198857,3
2025-06-11T23:55:00.000000,610305.7989983475,2141142.0322069824,2751447.83120533,1751447.8312053299,175.144783120533,18488.638331198857,3
2025-06-12T23:55:00.000000,610305.7989983475,1982451.4739476717,2592757.272946019,1592757.2729460192,159.27572729460192,18488.638331198857,3
2025-06-13T23:50:00.000000,610305.7989983475,1776056.867103978,2386362.6661023255,1386362.6661023255,138.63626661023255,18488.638331198857,3
2025-06-14T23:40:00.000000,610305.7989983475,1824448.000114948,2434753.7991132955,1434753.7991132955,143.47537991132955,18488.638331198857,3
2025-06-15T23:55:00.000000,610305.7989983475,1969225.653703598,2579531.452701946,1579531.4527019458,157.95314527019457,18488.638331198857,3
2025-06-16T23:55:00.000000,1549565.921135752,1015716.5165221714,2565282.4376579234,1565282.4376579234,156.52824376579235,18770.500926618704,2
2025-06-17T23:50:00.000000,1549565.921135752,957399.880621935,2506965.801757687,1506965.8017576868,150.69658017576867,18770.500926618704,2
2025-06-18T23:50:00.000000,1549565.921135752,951064.8597935423,2500630.7809292944,1500630.7809292944,150.06307809292946,18770.500926618704,2
2025-06-19T23:55:00.000000,1549565.921135752,948400.9596537055,2497966.8807894574,1497966.8807894574,149.79668807894572,18770.500926618704,2
2025-06-20T23:50:00.000000,1549565.921135752,1059319.5411064813,2608885.4622422336,1608885.4622422336,160.88854622422335,18770.500926618704,2
2025-06-21T23:45:00.000000,1549565.921135752,1064026.481295246,2613592.402430998,1613592.4024309982,161.35924024309983,18770.500926618704,2
2025-06-22T23:55:00.000000,1549565.921135752,1067640.7179239122,2617206.639059664,1617206.6390596642,161.72066390596643,18770.500926618704,2
2025-06-23T23:55:00.000000,1549565.921135752,1041614.240159401,2591180.161295153,1591180.1612951532,159.11801612951533,18770.500926618704,2
2025-06-24T23:55:00.000000,1549565.921135752,1101003.3171252995,2650569.2382610515,1650569.2382610515,165.05692382610516,18770.500926618704,2
2025-06-25T23:55:00.000000,1549565.921135752,1134246.02826667,2683811.9494024217,1683811.9494024217,168.38119494024218,18770.500926618704,2
2025-06-26T23:55:00.000000,1549565.921135752,1106406.8908957848,2655972.812031537,1655972.8120315368,165.5972812031537,18770.500926618704,2
2025-06-27T23:55:00.000000,1549565.921135752,1082503.659704646,2632069.580840398,1632069.580840398,163.2069580840398,18770.500926618704,2
2025-06-28T23:50:00.000000,1549565.921135752,1092034.368172074,2641600.289307826,1641600.2893078262,164.1600289307826,18770.500926618704,2
2025-06-29T23:55:00.000000,1549565.921135752,1091474.8251746881,2641040.74631044,1641040.74631044,164.104074631044,18770.500926618704,2
2025-06-30T23:55:00.000000,1549565.921135752,1061163.0161811612,2610728.937316913,1610728.9373169132,161.07289373169132,18770.500926618704,2
2025-07-01T23:35:00.000000,1549565.921135752,1011996.0047774764,2561561.9259132287,1561561.9259132287,156.15619259132288,18770.500926618704,2
2025-07-02T23:55:00.000000,1549565.921135752,1023941.6573543537,2573507.5784901055,1573507.5784901055,157.35075784901053,18770.500926618704,2
2025-07-03T23:55:00.000000,1549565.921135752,1011907.4617959787,2561473.3829317307,1561473.3829317307,156.14733829317308,18770.500926618704,2
2025-07-04T23:55:00.000000,1549565.921135752,969126.5491834293,2518692.470319181,1518692.4703191812,151.86924703191812,18770.500926618704,2
2025-07-05T23:55:00.000000,1549565.921135752,978846.269651236,2528412.190786988,1528412.190786988,152.8412190786988,18770.500926618704,2
2025-07-06T23:50:00.000000,1549565.921135752,979395.2596747526,2528961.1808105046,1528961.1808105046,152.89611808105045,18770.500926618704,2
2025-07-07T23:55:00.000000,1549565.921135752,986193.7875152827,2535759.7086510346,1535759.7086510346,153.57597086510347,18770.500926618704,2
2025-07-08T23:50:00.000000,1549565.921135752,976867.077055736,2526432.998191488,1526432.998191488,152.64329981914878,18770.500926618704,2
2025-07-09T23:55:00.000000,1549565.921135752,982436.3403620454,2532002.2614977974,1532002.2614977974,153.20022614977975,18770.500926618704,2
2025-07-10T23:55:00.000000,1549565.921135752,1020533.6352503849,2570099.556386137,1570099.556386137,157.0099556386137,18770.500926618704,2
2025-07-11T23:50:00.000000,1549565.921135752,1064283.459939597,2613849.3810753487,1613849.3810753487,161.38493810753488,18770.500926618704,2
2025-07-12T23:55:00.000000,1549565.921135752,1055351.9760051267,2604917.8971408787,1604917.8971408787,160.49178971408787,18770.500926618704,2
2025-07-13T23:55:00.000000,1549565.921135752,1095272.4834737093,2644838.4046094613,1644838.4046094613,164.48384046094614,18770.500926618704,2
2025-07-14T23:55:00.000000,1549565.921135752,1117720.816564795,2667286.737700547,1667286.737700547,166.7286737700547,18770.500926618704,2
2025-07-15T23:55:00.000000,1549565.921135752,1061627.052803511,2611192.9739392633,1611192.9739392633,161.11929739392633,18770.500926618704,2
2025-07-16T23:55:00.000000,1549565.921135752,1091649.3807777776,2641215.3019135296,1641215.3019135296,164.12153019135297,18770.500926618704,2
2025-07-17T23:55:00.000000,1549565.921135752,1102250.313794051,2651816.234929803,1651816.2349298028,165.1816234929803,18770.500926618704,2
2025-07-18T23:55:00.000000,1549565.921135752,1142573.5407914612,2692139.4619272132,1692139.4619272132,169.21394619272132,18770.500926618704,2
2025-07-19T23:55:00.000000,1549565.921135752,1145555.5209020479,2695121.4420378,1695121.4420377999,169.51214420377997,18770.500926618704,2
2025-07-20T23:55:00.000000,1549565.921135752,1177354.9461376606,2726920.8672734126,1726920.8672734126,172.69208672734126,18770.500926618704,2
2025-07-21T23:55:00.000000,1549565.921135752,1254021.3793835298,2803587.300519282,1803587.300519282,180.3587300519282,18770.500926618704,2
2025-07-22T23:50:00.000000,1549565.921135752,1227661.3060305538,2777227.2271663058,1777227.2271663058,177.72272271663056,18770.500926618704,2
2025-07-23T23:50:00.000000,1549565.921135752,1231967.7432073075,2781533.6643430595,1781533.6643430595,178.15336643430595,18770.500926618704,2
2025-07-24T23:55:00.000000,1549565.921135752,1113742.1688793586,2663308.0900151106,1663308.0900151106,166.33080900151106,18770.500926618704,2
2025-07-25T23:55:00.000000,1549565.921135752,1081997.09734373,2631563.0184794823,1631563.0184794823,163.1563018479482,18770.500926618704,2
2025-07-26T23:35:00.000000,1549565.921135752,1109873.6997333707,2659439.6208691224,1659439.6208691224,165.94396208691225,18770.500926618704,2
2025-07-27T23:50:00.000000,1549565.921135752,1140753.9177915489,2690319.8389273006,1690319.8389273006,169.03198389273007,18770.500926618704,2
2025-07-28T23:50:00.000000,1549565.921135752,1118860.6946642164,2668426.615799968,1668426.6157999681,166.84266157999681,18770.500926618704,2
2025-07-29T23:55:00.000000,1549565.921135752,1102340.2298390632,2651906.1509748152,1651906.1509748152,165.19061509748153,18770.500926618704,2
2025-07-30T23:55:00.000000,1549565.921135752,1112644.1888323252,2662210.1099680774,1662210.1099680774,166.22101099680776,18770.500926618704,2
2025-07-31T23:55:00.000000,1549565.921135752,1125285.1019274085,2674851.0230631605,1674851.0230631605,167.48510230631607,18770.500926618704,2
2025-08-01T23:55:00.000000,1549565.921135752,1058096.9261227099,2607662.8472584616,1607662.8472584616,160.76628472584616,18770.500926618704,2
2025-08-02T23:55:00.000000,1549565.921135752,1028480.3776473892,2578046.298783141,1578046.2987831412,157.80462987831413,18770.500926618704,2
2025-08-03T23:55:00.000000,1549565.921135752,1043752.1588971869,2593318.080032939,1593318.080032939,159.33180800329393,18770.500926618704,2
2025-08-04T23:50:00.000000,1549565.921135752,1065824.684504331,2615390.605640083,1615390.605640083,161.5390605640083,18770.500926618704,2
2025-08-05T23:55:00.000000,1549565.921135752,1054980.071944605,2604545.993080357,1604545.993080357,160.4545993080357,18770.500926618704,2
2025-08-06T23:55:00.000000,1549565.921135752,1026795.9425580839,2576361.863693836,1576361.8636938361,157.6361863693836,18770.500926618704,2
2025-08-07T23:55:00.000000,1549565.921135752,1065056.7104654312,2614622.631601183,1614622.6316011832,161.4622631601183,18770.500926618704,2
2025-08-08T23:55:00.000000,1549565.921135752,1085444.8009832704,2635010.722119022,1635010.7221190222,163.50107221190223,18770.500926618704,2
2025-08-09T23:55:00.000000,1549565.921135752,1129867.4071794352,2679433.3283151872,1679433.3283151872,167.94333283151872,18770.500926618704,2
2025-08-10T23:45:00.000000,1549565.921135752,1113797.6798757338,2663363.601011486,1663363.6010114858,166.33636010114859,18770.500926618704,2
2025-08-11T23:50:00.000000,1549565.921135752,1116874.8525182672,2666440.7736540195,1666440.7736540195,166.64407736540196,18770.500926618704,2
2025-08-12T23:55:00.000000,1549565.921135752,1114025.0003481696,2663590.921483922,1663590.9214839218,166.35909214839216,18770.500926618704,2
2025-08-13T23:55:00.000000,1549565.921135752,1136343.4220155827,2685909.3431513347,1685909.3431513347,168.59093431513347,18770.500926618704,2
2025-08-14T23:50:00.000000,1549565.921135752,1075588.519541342,2625154.4406770943,1625154.4406770943,162.51544406770944,18770.500926618704,2
2025-08-15T23:50:00.000000,1549565.921135752,1017721.2480990426,2567287.1692347946,1567287.1692347946,156.72871692347945,18770.500926618704,2
2025-08-16T23:50:00.000000,1549565.921135752,1074013.7333812728,2623579.6545170248,1623579.6545170248,162.35796545170246,18770.500926618704,2
2025-08-17T23:55:00.000000,1549565.921135752,1077558.8460695762,2627124.767205328,1627124.7672053282,162.7124767205328,18770.500926618704,2
2025-08-18T23:50:00.000000,549265.921135752,2016369.0355346878,2565634.95667044,1565634.9566704398,156.56349566704398,19070.500926618704,3
2025-08-19T23:45:00.000000,549265.921135752,2009372.769598085,2558638.690733837,1558638.690733837,155.8638690733837,19070.500926618704,3
2025-08-20T23:55:00.000000,549265.921135752,1955330.5631269447,2504596.4842626965,1504596.4842626965,150.45964842626964,19070.500926618704,3
2025-08-21T23:55:00.000000,549265.921135752,1975160.9656960722,2524426.886831824,1524426.8868318242,152.44268868318244,19070.500926618704,3
2025-08-22T23:50:00.000000,549265.921135752,1986550.9633553978,2535816.88449115,1535816.8844911498,153.58168844911498,19070.500926618704,3
2025-08-23T23:50:00.000000,549265.921135752,2111102.8922980037,2660368.8134337557,1660368.8134337557,166.03688134337557,19070.500926618704,3
2025-08-24T23:55:00.000000,549265.921135752,2053825.7074568241,2603091.628592576,1603091.628592576,160.30916285925758,19070.500926618704,3
2025-08-25T23:55:00.000000,1490248.0715408241,1031110.4023488017,2521358.4738896256,1521358.4738896256,152.13584738896256,19352.880285547904,2
2025-08-26T23:55:00.000000,1490248.0715408241,1028727.1171609599,2518975.1887017842,1518975.1887017842,151.89751887017843,19352.880285547904,2
2025-08-27T23:55:00.000000,1490248.0715408241,1032371.32580463,2522619.397345454,1522619.397345454,152.2619397345454,19352.880285547904,2
2025-08-28T23:50:00.000000,1490248.0715408241,1037971.4045792454,2528219.4761200696,1528219.4761200696,152.82194761200697,19352.880285547904,2
2025-08-29T23:50:00.000000,1490248.0715408241,1010376.7902051142,2500624.861745938,1500624.8617459382,150.0624861745938,19352.880285547904,2
2025-08-30T23:55:00.000000,1490248.0715408241,1019345.7391583394,2509593.8106991635,1509593.8106991635,150.95938106991636,19352.880285547904,2
2025-08-31T23:55:00.000000,1490248.0715408241,1021478.6952522798,2511726.766793104,1511726.766793104,151.17267667931037,19352.880285547904,2
2025-09-01T23:55:00.000000,1490248.0715408241,993609.5858663904,2483857.6574072144,1483857.6574072144,148.38576574072144,19352.880285547904,2
2025-09-02T23:55:00.000000,1490248.0715408241,1006061.4869610947,2496309.558501919,1496309.5585019188,149.6309558501919,19352.880285547904,2
2025-09-03T23:55:00.000000,1490248.0715408241,1006929.9300188759,2497178.0015597,1497178.0015597,149.71780015597,19352.880285547904,2
2025-09-04T23:55:00.000000,1490248.0715408241,993158.8483449387,2483406.919885763,1483406.919885763,148.34069198857628,19352.880285547904,2
2025-09-05T23:45:00.000000,1490248.0715408241,997504.9670572641,2487753.038598088,1487753.038598088,148.77530385980882,19352.880285547904,2
2025-09-06T23:55:00.000000,1490248.0715408241,1004366.4988979205,2494614.5704387445,1494614.5704387445,149.46145704387445,19352.880285547904,2
2025-09-07T23:55:00.000000,1490248.0715408241,1000027.873189346,2490275.94473017,1490275.94473017,149.02759447301702,19352.880285547904,2
2025-09-08T23:50:00.000000,1490248.0715408241,1014989.9109254468,2505237.982466271,1505237.9824662711,150.5237982466271,19352.880285547904,2
2025-09-09T23:50:00.000000,1490248.0715408241,1030490.385711195,2520738.457252019,1520738.457252019,152.07384572520192,19352.880285547904,2
2025-09-10T23:55:00.000000,1490248.0715408241,1041542.0562489199,2531790.127789744,1531790.1277897442,153.17901277897442,19352.880285547904,2
2025-09-11T23:55:00.000000,1490248.0715408241,1027383.2410536576,2517631.3125944817,1517631.3125944817,151.7631312594482,19352.880285547904,2
2025-09-12T23:55:00.000000,1490248.0715408241,1041929.7897702453,2532177.8613110697,1532177.8613110697,153.21778613110698,19352.880285547904,2
2025-09-13T23:55:00.000000,1490248.0715408241,1053907.630878943,2544155.702419767,1544155.7024197672,154.41557024197672,19352.880285547904,2
2025-09-14T23:45:00.000000,1490248.0715408241,1067246.0210090487,2557494.0925498726,1557494.0925498726,155.74940925498726,19352.880285547904,2
2025-09-15T23:55:00.000000,1490248.0715408241,1051095.2437276007,2541343.315268425,1541343.3152684248,154.1343315268425,19352.880285547904,2
2025-09-16T23:55:00.000000,1490248.0715408241,1057650.0920246784,2547898.1635655025,1547898.1635655025,154.78981635655026,19352.880285547904,2
2025-09-17T23:50:00.000000,1490248.0715408241,1045505.7179268545,2535753.7894676784,1535753.7894676784,153.57537894676784,19352.880285547904,2
2025-09-18T23:55:00.000000,1490248.0715408241,1091119.280185183,2581367.351726007,1581367.3517260072,158.1367351726007,19352.880285547904,2
2025-09-19T23:50:00.000000,1490248.0715408241,1068388.959078588,2558637.030619412,1558637.0306194122,155.8637030619412,19352.880285547904,2
2025-09-20T23:50:00.000000,1490248.0715408241,1047303.3915257265,2537551.463066551,1537551.463066551,153.7551463066551,19352.880285547904,2
2025-09-21T23:50:00.000000,1490248.0715408241,1041899.8177552412,2532147.889296065,1532147.889296065,153.21478892960653,19352.880285547904,2
2025-09-22T23:55:00.000000,1490248.0715408241,999086.7166108713,2489334.7881516954,1489334.7881516954,148.93347881516954,19352.880285547904,2
2025-09-23T23:55:00.000000,1490248.0715408241,965682.748967309,2455930.820508133,1455930.8205081332,145.5930820508133,19352.880285547904,2
2025-09-24T23:55:00.000000,1490248.0715408241,974875.9584228521,2465124.0299636764,1465124.0299636764,146.51240299636763,19352.880285547904,2
2025-09-25T23:55:00.000000,1490248.0715408241,963462.0933451729,2453710.164885997,1453710.1648859968,145.37101648859968,19352.880285547904,2
2025-09-26T23:50:00.000000,1490248.0715408241,962709.1053137754,2452957.1768545993,1452957.1768545993,145.29571768545992,19352.880285547904,2
2025-09-27T23:55:00.000000,1490248.0715408241,951599.7072628586,2441847.778803683,1441847.778803683,144.1847778803683,19352.880285547904,2
2025-09-28T23:50:00.000000,1490248.0715408241,923211.5798684566,2413459.6514092805,1413459.6514092805,141.34596514092806,19352.880285547904,2
2025-09-29T23:50:00.000000,489948.071540824,1944020.4358927435,2433968.5074335677,1433968.5074335677,143.39685074335677,19652.880285547904,3
2025-09-30T00:00:00.000000,489948.071540824,0.0,489948.071540824,-510051.928459176,-51.005192845917605,19652.880285547904,3
