date,total_value,pnl,pnl_pct,position_count,cumulative_costs
2022-01-01T00:00:00.000000,1000000.0,0.0,0.0,0,0.0
2022-01-02T00:00:00.000000,1000000.0,0.0,0.0,0,0.0
2022-01-03T00:00:00.000000,1000000.0,0.0,0.0,0,0.0
2022-01-04T00:00:00.000000,1000000.0,0.0,0.0,0,0.0
2022-01-05T00:00:00.000000,1000000.0,0.0,0.0,0,0.0
2022-01-06T00:00:00.000000,1000000.0,0.0,0.0,0,0.0
2022-01-07T00:00:00.000000,1000000.0,0.0,0.0,0,0.0
2022-01-08T00:00:00.000000,1000000.0,0.0,0.0,0,0.0
2022-01-09T00:00:00.000000,1000000.0,0.0,0.0,0,0.0
2022-01-10T00:00:00.000000,1000000.0,0.0,0.0,0,0.0
2022-01-11T00:00:00.000000,1000000.0,0.0,0.0,0,0.0
2022-01-12T00:00:00.000000,1000000.0,0.0,0.0,0,0.0
2022-01-13T00:00:00.000000,1000000.0,0.0,0.0,0,0.0
2022-01-14T00:00:00.000000,1000000.0,0.0,0.0,0,0.0
2022-01-15T00:00:00.000000,1000000.0,0.0,0.0,0,0.0
2022-01-16T00:00:00.000000,1000000.0,0.0,0.0,0,0.0
2022-01-17T00:00:00.000000,1000000.0,0.0,0.0,0,0.0
2022-01-18T00:00:00.000000,1000000.0,0.0,0.0,0,0.0
2022-01-19T00:00:00.000000,1000000.0,0.0,0.0,0,0.0
2022-01-20T00:00:00.000000,1000000.0,0.0,0.0,0,0.0
2022-01-21T00:00:00.000000,1000000.0,0.0,0.0,0,0.0
2022-01-22T00:00:00.000000,1000000.0,0.0,0.0,0,0.0
2022-01-23T00:00:00.000000,1000000.0,0.0,0.0,0,0.0
2022-01-24T00:00:00.000000,1000000.0,0.0,0.0,0,0.0
2022-01-25T00:00:00.000000,1000000.0,0.0,0.0,0,0.0
2022-01-26T00:00:00.000000,1000000.0,0.0,0.0,0,0.0
2022-01-27T00:00:00.000000,1000000.0,0.0,0.0,0,0.0
2022-01-28T00:00:00.000000,1000000.0,0.0,0.0,0,0.0
2022-01-29T00:00:00.000000,1000000.0,0.0,0.0,0,0.0
2022-01-30T00:00:00.000000,1000000.0,0.0,0.0,0,0.0
2022-01-31T00:00:00.000000,1000000.0,0.0,0.0,0,0.0
2022-02-01T00:00:00.000000,1000000.0,0.0,0.0,0,0.0
2022-02-02T00:00:00.000000,1000000.0,0.0,0.0,0,0.0
2022-02-03T00:00:00.000000,1000000.0,0.0,0.0,0,0.0
2022-02-04T00:00:00.000000,1000000.0,0.0,0.0,0,0.0
2022-02-05T00:00:00.000000,1000000.0,0.0,0.0,0,0.0
2022-02-06T00:00:00.000000,1000000.0,0.0,0.0,0,0.0
2022-02-07T00:00:00.000000,1000000.0,0.0,0.0,0,0.0
2022-02-08T00:00:00.000000,1000000.0,0.0,0.0,0,0.0
2022-02-09T00:00:00.000000,1000000.0,0.0,0.0,0,0.0
2022-02-10T00:00:00.000000,1000000.0,0.0,0.0,0,0.0
2022-02-11T00:00:00.000000,1000000.0,0.0,0.0,0,0.0
2022-02-12T00:00:00.000000,1000000.0,0.0,0.0,0,0.0
2022-02-13T00:00:00.000000,1000000.0,0.0,0.0,0,0.0
2022-02-14T00:00:00.000000,999700.0,-300.0,-0.03,2,300.0
2022-02-15T00:00:00.000000,1062687.4025531546,62687.40255315462,6.268740255315462,2,300.0
2022-02-16T00:00:00.000000,1095803.9302960322,95803.93029603222,9.580393029603222,2,300.0
2022-02-17T00:00:00.000000,1091276.1237133727,91276.12371337274,9.127612371337273,2,300.0
2022-02-18T00:00:00.000000,1032697.4606912993,32697.46069129929,3.2697460691299285,2,300.0
2022-02-19T00:00:00.000000,983320.0259498584,-16679.974050141638,-1.6679974050141637,2,300.0
2022-02-20T00:00:00.000000,946259.3195788669,-53740.68042113306,-5.374068042113306,2,300.0
2022-02-21T00:00:00.000000,943659.1337592532,-56340.86624074681,-5.634086624074681,0,583.2727219443593
2022-02-22T00:00:00.000000,943659.1337592532,-56340.86624074681,-5.634086624074681,0,583.2727219443593
2022-02-23T00:00:00.000000,943659.1337592532,-56340.86624074681,-5.634086624074681,0,583.2727219443593
2022-02-24T00:00:00.000000,943659.1337592532,-56340.86624074681,-5.634086624074681,0,583.2727219443593
2022-02-25T00:00:00.000000,943659.1337592532,-56340.86624074681,-5.634086624074681,0,583.2727219443593
2022-02-26T00:00:00.000000,943659.1337592532,-56340.86624074681,-5.634086624074681,0,583.2727219443593
2022-02-27T00:00:00.000000,943659.1337592532,-56340.86624074681,-5.634086624074681,0,583.2727219443593
2022-02-28T00:00:00.000000,943659.1337592532,-56340.86624074681,-5.634086624074681,0,583.2727219443593
2022-03-01T00:00:00.000000,943659.1337592532,-56340.86624074681,-5.634086624074681,0,583.2727219443593
2022-03-02T00:00:00.000000,943659.1337592532,-56340.86624074681,-5.634086624074681,0,583.2727219443593
2022-03-03T00:00:00.000000,943659.1337592532,-56340.86624074681,-5.634086624074681,0,583.2727219443593
2022-03-04T00:00:00.000000,943659.1337592532,-56340.86624074681,-5.634086624074681,0,583.2727219443593
2022-03-05T00:00:00.000000,943659.1337592532,-56340.86624074681,-5.634086624074681,0,583.2727219443593
2022-03-06T00:00:00.000000,943659.1337592532,-56340.86624074681,-5.634086624074681,0,583.2727219443593
2022-03-07T00:00:00.000000,943659.1337592532,-56340.86624074681,-5.634086624074681,0,583.2727219443593
2022-03-08T00:00:00.000000,943659.1337592532,-56340.86624074681,-5.634086624074681,0,583.2727219443593
2022-03-09T00:00:00.000000,943659.1337592532,-56340.86624074681,-5.634086624074681,0,583.2727219443593
2022-03-10T00:00:00.000000,943659.1337592532,-56340.86624074681,-5.634086624074681,0,583.2727219443593
2022-03-11T00:00:00.000000,943659.1337592532,-56340.86624074681,-5.634086624074681,0,583.2727219443593
2022-03-12T00:00:00.000000,943659.1337592532,-56340.86624074681,-5.634086624074681,0,583.2727219443593
2022-03-13T00:00:00.000000,943659.1337592532,-56340.86624074681,-5.634086624074681,0,583.2727219443593
2022-03-14T00:00:00.000000,943659.1337592532,-56340.86624074681,-5.634086624074681,0,583.2727219443593
2022-03-15T00:00:00.000000,943659.1337592532,-56340.86624074681,-5.634086624074681,0,583.2727219443593
2022-03-16T00:00:00.000000,943659.1337592532,-56340.86624074681,-5.634086624074681,0,583.2727219443593
2022-03-17T00:00:00.000000,943659.1337592532,-56340.86624074681,-5.634086624074681,0,583.2727219443593
2022-03-18T00:00:00.000000,943659.1337592532,-56340.86624074681,-5.634086624074681,0,583.2727219443593
2022-03-19T00:00:00.000000,943659.1337592532,-56340.86624074681,-5.634086624074681,0,583.2727219443593
2022-03-20T00:00:00.000000,943659.1337592532,-56340.86624074681,-5.634086624074681,0,583.2727219443593
2022-03-21T00:00:00.000000,943359.1337592532,-56640.86624074681,-5.664086624074681,1,883.2727219443593
2022-03-22T00:00:00.000000,940095.2057907671,-59904.7942092329,-5.9904794209232906,1,883.2727219443593
2022-03-23T00:00:00.000000,956302.2963929055,-43697.703607094474,-4.369770360709448,1,883.2727219443593
2022-03-24T00:00:00.000000,1014940.4505853646,14940.450585364597,1.4940450585364595,1,883.2727219443593
2022-03-25T00:00:00.000000,1100702.9716883472,100702.97168834717,10.070297168834717,1,883.2727219443593
2022-03-26T00:00:00.000000,1097439.0437198612,97439.04371986119,9.743904371986119,1,883.2727219443593
2022-03-27T00:00:00.000000,1078080.574389529,78080.57438952895,7.808057438952895,1,883.2727219443593
2022-03-28T00:00:00.000000,1169327.7550310595,169327.7550310595,16.932775503105947,0,1251.1736786129018
2022-03-29T00:00:00.000000,1169327.7550310595,169327.7550310595,16.932775503105947,0,1251.1736786129018
2022-03-30T00:00:00.000000,1169327.7550310595,169327.7550310595,16.932775503105947,0,1251.1736786129018
2022-03-31T00:00:00.000000,1169327.7550310595,169327.7550310595,16.932775503105947,0,1251.1736786129018
2022-04-01T00:00:00.000000,1169327.7550310595,169327.7550310595,16.932775503105947,0,1251.1736786129018
2022-04-02T00:00:00.000000,1169327.7550310595,169327.7550310595,16.932775503105947,0,1251.1736786129018
2022-04-03T00:00:00.000000,1169327.7550310595,169327.7550310595,16.932775503105947,0,1251.1736786129018
2022-04-04T00:00:00.000000,1169327.7550310595,169327.7550310595,16.932775503105947,0,1251.1736786129018
2022-04-05T00:00:00.000000,1169327.7550310595,169327.7550310595,16.932775503105947,0,1251.1736786129018
2022-04-06T00:00:00.000000,1169327.7550310595,169327.7550310595,16.932775503105947,0,1251.1736786129018
2022-04-07T00:00:00.000000,1169327.7550310595,169327.7550310595,16.932775503105947,0,1251.1736786129018
2022-04-08T00:00:00.000000,1169327.7550310595,169327.7550310595,16.932775503105947,0,1251.1736786129018
2022-04-09T00:00:00.000000,1169327.7550310595,169327.7550310595,16.932775503105947,0,1251.1736786129018
2022-04-10T00:00:00.000000,1169327.7550310595,169327.7550310595,16.932775503105947,0,1251.1736786129018
2022-04-11T00:00:00.000000,1169027.7550310595,169027.7550310595,16.90277550310595,1,1551.1736786129018
2022-04-12T00:00:00.000000,1126835.2982104742,126835.2982104742,12.68352982104742,1,1551.1736786129018
2022-04-13T00:00:00.000000,1228386.2322957758,228386.2322957758,22.83862322957758,1,1551.1736786129018
2022-04-14T00:00:00.000000,1197790.5326130122,197790.53261301224,19.779053261301225,1,1551.1736786129018
2022-04-15T00:00:00.000000,1204840.2330007458,204840.23300074576,20.48402330007458,1,1551.1736786129018
2022-04-16T00:00:00.000000,1190282.601700076,190282.6017000759,19.02826017000759,1,1551.1736786129018
2022-04-17T00:00:00.000000,1205932.9365608445,205932.93656084454,20.593293656084455,1,1551.1736786129018
2022-04-18T00:00:00.000000,1162119.0486510806,162119.04865108058,16.211904865108057,1,1551.1736786129018
2022-04-19T00:00:00.000000,1179813.7966242917,179813.7966242917,17.98137966242917,1,1551.1736786129018
2022-04-20T00:00:00.000000,1255034.0997614083,255034.0997614083,25.50340997614083,1,1551.1736786129018
2022-04-21T00:00:00.000000,1178474.3535506222,178474.35355062224,17.847435355062224,1,1551.1736786129018
2022-04-22T00:00:00.000000,1173680.5572869636,173680.55728696357,17.36805572869636,1,1551.1736786129018
2022-04-23T00:00:00.000000,1211466.9513652152,211466.95136521524,21.146695136521522,1,1551.1736786129018
2022-04-24T00:00:00.000000,1215238.5410726527,215238.54107265268,21.523854107265265,1,1551.1736786129018
2022-04-25T00:00:00.000000,1226905.7952143517,226905.79521435173,22.690579521435172,1,1551.1736786129018
2022-04-26T00:00:00.000000,1194018.9429055748,194018.9429055748,19.401894290557482,1,1551.1736786129018
2022-04-27T00:00:00.000000,1125636.8491445598,125636.84914455982,12.563684914455983,1,1551.1736786129018
2022-04-28T00:00:00.000000,1105368.9605298257,105368.96052982565,10.536896052982565,1,1551.1736786129018
2022-04-29T00:00:00.000000,1092468.0088202734,92468.00882027345,9.246800882027346,1,1551.1736786129018
2022-04-30T00:00:00.000000,978051.3715273584,-21948.628472641576,-2.1948628472641576,1,1551.1736786129018
2022-05-01T00:00:00.000000,968675.2700116729,-31324.729988327133,-3.132472998832713,1,1551.1736786129018
2022-05-02T00:00:00.000000,924967.127607725,-75032.87239227502,-7.503287239227502,1,1551.1736786129018
2022-05-03T00:00:00.000000,953659.4081858003,-46340.591814199695,-4.634059181419969,1,1551.1736786129018
2022-05-04T00:00:00.000000,973539.563279209,-26460.43672079104,-2.6460436720791036,1,1551.1736786129018
2022-05-05T00:00:00.000000,1035365.4356796319,35365.43567963189,3.5365435679631894,1,1551.1736786129018
2022-05-06T00:00:00.000000,946503.9622922508,-53496.03770774917,-5.349603770774918,1,1551.1736786129018
2022-05-07T00:00:00.000000,959651.6535153738,-40348.34648462618,-4.034834648462618,1,1551.1736786129018
2022-05-08T00:00:00.000000,917459.1966947886,-82540.80330521136,-8.254080330521136,1,1551.1736786129018
2022-05-09T00:00:00.000000,875530.7159052225,-124469.28409477754,-12.446928409477755,2,1851.1736786129018
2022-05-10T00:00:00.000000,736021.5744169134,-263978.42558308656,-26.397842558308653,2,1851.1736786129018
2022-05-11T00:00:00.000000,612752.2193411804,-387247.7806588196,-38.72477806588196,2,1851.1736786129018
2022-05-12T00:00:00.000000,540486.3161522701,-459513.68384772993,-45.951368384773,2,1851.1736786129018
2022-05-13T00:00:00.000000,695475.2431899264,-304524.7568100736,-30.452475681007364,2,1851.1736786129018
2022-05-14T00:00:00.000000,635688.1318097984,-364311.8681902016,-36.431186819020155,2,1851.1736786129018
2022-05-15T00:00:00.000000,656518.9071432463,-343481.09285675373,-34.34810928567537,2,1851.1736786129018
2022-05-16T00:00:00.000000,645886.1981951622,-354113.80180483777,-35.411380180483775,1,2107.905457038558
2022-05-17T00:00:00.000000,655438.5422205412,-344561.45777945884,-34.456145777945885,1,2107.905457038558
2022-05-18T00:00:00.000000,640845.6624179329,-359154.3375820671,-35.91543375820671,1,2107.905457038558
2022-05-19T00:00:00.000000,592590.4632638969,-407409.5367361031,-40.74095367361031,1,2107.905457038558
2022-05-20T00:00:00.000000,629953.8753188846,-370046.1246811154,-37.00461246811154,1,2107.905457038558
2022-05-21T00:00:00.000000,620225.2887838122,-379774.7112161878,-37.97747112161878,1,2107.905457038558
2022-05-22T00:00:00.000000,648847.0723580103,-351152.92764198966,-35.11529276419897,1,2107.905457038558
2022-05-23T00:00:00.000000,624243.6180048203,-375756.3819951797,-37.57563819951797,1,2107.905457038558
2022-05-24T00:00:00.000000,629918.6268169458,-370081.37318305415,-37.008137318305415,1,2107.905457038558
2022-05-25T00:00:00.000000,640140.6923791594,-359859.3076208406,-35.98593076208406,1,2107.905457038558
2022-05-26T00:00:00.000000,593612.6698201182,-406387.33017988177,-40.63873301798818,1,2107.905457038558
2022-05-27T00:00:00.000000,595692.3314344996,-404307.6685655004,-40.43076685655004,1,2107.905457038558
2022-05-28T00:00:00.000000,594070.9003453209,-405929.09965467907,-40.5929099654679,1,2107.905457038558
2022-05-29T00:00:00.000000,587056.448459526,-412943.55154047406,-41.29435515404741,1,2107.905457038558
2022-05-30T00:00:00.000000,645092.7191680209,-354907.2808319791,-35.490728083197915,2,2407.905457038558
2022-05-31T00:00:00.000000,857316.5195094477,-142683.48049055226,-14.268348049055227,2,2407.905457038558
2022-06-01T00:00:00.000000,676801.5112502398,-323198.4887497602,-32.31984887497602,2,2407.905457038558
2022-06-02T00:00:00.000000,610989.4479688117,-389010.5520311883,-38.90105520311883,2,2407.905457038558
2022-06-03T00:00:00.000000,642643.9850039289,-357356.0149960711,-35.735601499607114,2,2407.905457038558
2022-06-04T00:00:00.000000,609290.0900444647,-390709.9099555353,-39.07099099555354,2,2407.905457038558
2022-06-05T00:00:00.000000,612586.3433360527,-387413.6566639473,-38.74136566639473,2,2407.905457038558
2022-06-06T00:00:00.000000,633243.9821356685,-366756.0178643315,-36.67560178643315,1,2705.846633509146
2022-06-07T00:00:00.000000,612235.8749802226,-387764.12501977745,-38.776412501977745,1,2705.846633509146
2022-06-08T00:00:00.000000,624220.3656393696,-375779.6343606304,-37.57796343606304,1,2705.846633509146
2022-06-09T00:00:00.000000,614174.5425868494,-385825.4574131506,-38.58254574131506,1,2705.846633509146
2022-06-10T00:00:00.000000,613328.5785403213,-386671.4214596787,-38.66714214596787,1,2705.846633509146
2022-06-11T00:00:00.000000,571523.8552410614,-428476.1447589386,-42.847614475893856,1,2705.846633509146
2022-06-12T00:00:00.000000,543466.0476978822,-456533.95230211783,-45.653395230211785,1,2705.846633509146
2022-06-13T00:00:00.000000,480124.4897140964,-519875.5102859036,-51.98755102859036,1,2705.846633509146
2022-06-14T00:00:00.000000,476740.6335279843,-523259.3664720157,-52.325936647201566,1,2705.846633509146
2022-06-15T00:00:00.000000,483931.32792347245,-516068.67207652755,-51.606867207652755,1,2705.846633509146
2022-06-16T00:00:00.000000,487033.1960940753,-512966.8039059247,-51.29668039059248,1,2705.846633509146
2022-06-17T00:00:00.000000,483755.08541377913,-516244.91458622087,-51.62449145862209,1,2705.846633509146
2022-06-18T00:00:00.000000,486504.4685649952,-513495.5314350048,-51.34955314350048,1,2705.846633509146
2022-06-19T00:00:00.000000,497466.75266792084,-502533.24733207916,-50.25332473320792,1,2705.846633509146
2022-06-20T00:00:00.000000,505397.66560412105,-494602.33439587895,-49.460233439587896,1,2705.846633509146
2022-06-21T00:00:00.000000,582450.8908420485,-417549.10915795155,-41.75491091579516,1,2705.846633509146
2022-06-22T00:00:00.000000,577234.1125551257,-422765.8874448743,-42.27658874448743,1,2705.846633509146
2022-06-23T00:00:00.000000,537086.0688469833,-462913.93115301675,-46.29139311530167,1,2705.846633509146
2022-06-24T00:00:00.000000,539659.209488506,-460340.79051149404,-46.034079051149405,1,2705.846633509146
2022-06-25T00:00:00.000000,539200.9789633034,-460799.0210366966,-46.07990210366966,1,2705.846633509146
2022-06-26T00:00:00.000000,539588.7124846287,-460411.28751537134,-46.04112875153714,1,2705.846633509146
2022-06-27T00:00:00.000000,517769.8897845934,-482230.1102154066,-48.22301102154066,1,2705.846633509146
2022-06-28T00:00:00.000000,520554.5214377481,-479445.4785622519,-47.94454785622519,1,2705.846633509146
2022-06-29T00:00:00.000000,494858.3635244595,-505141.6364755405,-50.51416364755406,1,2705.846633509146
2022-06-30T00:00:00.000000,469373.6966228028,-530626.3033771971,-53.06263033771971,1,2705.846633509146
2022-07-01T00:00:00.000000,497220.01315435016,-502779.98684564984,-50.277998684564984,1,2705.846633509146
2022-07-02T00:00:00.000000,483860.8309195952,-516139.1690804048,-51.61391690804048,1,2705.846633509146
2022-07-03T00:00:00.000000,504304.9620440224,-495695.0379559776,-49.56950379559776,1,2705.846633509146
2022-07-04T00:00:00.000000,496550.2916175155,-503449.7083824845,-50.34497083824845,1,2705.846633509146
2022-07-05T00:00:00.000000,485059.2799855099,-514940.7200144901,-51.49407200144901,1,2705.846633509146
2022-07-06T00:00:00.000000,494118.14498374745,-505881.85501625255,-50.58818550162526,1,2705.846633509146
2022-07-07T00:00:00.000000,497748.74068343017,-502251.25931656983,-50.22512593165699,1,2705.846633509146
2022-07-08T00:00:00.000000,509662.7343386999,-490337.2656613001,-49.03372656613001,1,2705.846633509146
2022-07-09T00:00:00.000000,525031.0811839589,-474968.9188160411,-47.49689188160411,1,2705.846633509146
2022-07-10T00:00:00.000000,520202.0364183615,-479797.9635816385,-47.97979635816385,1,2705.846633509146
2022-07-11T00:00:00.000000,472828.0498127922,-527171.9501872078,-52.71719501872077,1,2705.846633509146
2022-07-12T00:00:00.000000,464791.391370776,-535208.608629224,-53.520860862922405,1,2705.846633509146
2022-07-13T00:00:00.000000,477234.11255512567,-522765.88744487433,-52.27658874448743,1,2705.846633509146
2022-07-14T00:00:00.000000,487350.4326115233,-512649.5673884767,-51.264956738847665,1,2705.846633509146
2022-07-15T00:00:00.000000,491263.0163267154,-508736.9836732846,-50.87369836732846,1,2705.846633509146
2022-07-16T00:00:00.000000,490064.5672608007,-509935.4327391993,-50.993543273919926,1,2705.846633509146
2022-07-17T00:00:00.000000,491051.5253150834,-508948.4746849166,-50.89484746849167,1,2705.846633509146
2022-07-18T00:00:00.000000,517029.6712438814,-482970.3287561186,-48.29703287561186,1,2705.846633509146
2022-07-19T00:00:00.000000,533279.2306376072,-466720.76936239284,-46.67207693623928,1,2705.846633509146
2022-07-20T00:00:00.000000,546603.1643704235,-453396.83562957647,-45.339683562957646,1,2705.846633509146
2022-07-21T00:00:00.000000,495563.3335632328,-504436.6664367672,-50.44366664367672,1,2705.846633509146
2022-07-22T00:00:00.000000,499299.6747687316,-500700.3252312684,-50.07003252312684,1,2705.846633509146
2022-07-23T00:00:00.000000,495492.83655935543,-504507.16344064457,-50.45071634406446,1,2705.846633509146
2022-07-24T00:00:00.000000,502049.05791994766,-497950.94208005234,-49.79509420800524,1,2705.846633509146
2022-07-25T00:00:00.000000,473991.25037676824,-526008.7496232318,-52.60087496232318,1,2705.846633509146
2022-07-26T00:00:00.000000,473356.7773418722,-526643.2226581278,-52.66432226581278,1,2705.846633509146
2022-07-27T00:00:00.000000,471911.5887623868,-528088.4112376132,-52.80884112376132,1,2705.846633509146
2022-07-28T00:00:00.000000,506948.59968942247,-493051.40031057753,-49.30514003105775,1,2705.846633509146
2022-07-29T00:00:00.000000,536768.8323295352,-463231.16767046484,-46.323116767046486,1,2705.846633509146
2022-07-30T00:00:00.000000,537544.299372186,-462455.70062781405,-46.245570062781404,1,2705.846633509146
2022-07-31T00:00:00.000000,561689.5232001733,-438310.4767998267,-43.831047679982674,1,2705.846633509146
2022-08-01T00:00:00.000000,546250.6793510368,-453749.3206489632,-45.37493206489632,1,2705.846633509146
2022-08-02T00:00:00.000000,541104.3980679914,-458895.60193200863,-45.889560193200865,1,2705.846633509146
2022-08-03T00:00:00.000000,546426.9218607302,-453573.07813926984,-45.35730781392699,1,2705.846633509146
2022-08-04T00:00:00.000000,541315.8890796234,-458684.1109203766,-45.86841109203766,1,2705.846633509146
2022-08-05T00:00:00.000000,540152.6885156473,-459847.3114843527,-45.98473114843527,1,2705.846633509146
2022-08-06T00:00:00.000000,567681.7685297468,-432318.2314702532,-43.231823147025324,1,2705.846633509146
2022-08-07T00:00:00.000000,562077.2567214986,-437922.74327850144,-43.792274327850144,1,2705.846633509146
2022-08-08T00:00:00.000000,570607.3941906561,-429392.60580934386,-42.93926058093439,1,2705.846633509146
2022-08-09T00:00:00.000000,560984.5531613999,-439015.4468386001,-43.90154468386001,1,2705.846633509146
2022-08-10T00:00:00.000000,521823.4675075402,-478176.5324924598,-47.81765324924598,1,2705.846633509146
2022-08-11T00:00:00.000000,579948.2472044032,-420051.75279559684,-42.00517527955969,1,2705.846633509146
2022-08-12T00:00:00.000000,577516.1005706349,-422483.89942936506,-42.248389942936505,1,2705.846633509146
2022-08-13T00:00:00.000000,584953.534479694,-415046.465520306,-41.50464655203061,1,2705.846633509146
2022-08-14T00:00:00.000000,586151.9835456086,-413848.0164543914,-41.38480164543914,1,2705.846633509146
2022-08-15T00:00:00.000000,578520.2951423659,-421479.70485763415,-42.147970485763416,2,3005.846633509146
2022-08-16T00:00:00.000000,543325.8503548619,-456674.14964513807,-45.66741496451381,2,3005.846633509146
2022-08-17T00:00:00.000000,535445.0263295155,-464554.9736704845,-46.45549736704845,2,3005.846633509146
2022-08-18T00:00:00.000000,459882.9281265007,-540117.0718734993,-54.011707187349934,2,3005.846633509146
2022-08-19T00:00:00.000000,308768.67256737035,-691231.3274326297,-69.12313274326296,2,3005.846633509146
2022-08-20T00:00:00.000000,275506.5178574235,-724493.4821425765,-72.44934821425765,2,3005.846633509146
2022-08-21T00:00:00.000000,288815.61118132505,-711184.388818675,-71.11843888186749,2,3005.846633509146
2022-08-22T00:00:00.000000,273334.133023957,-726665.866976043,-72.6665866976043,1,3245.5364669382097
2022-08-23T00:00:00.000000,280348.5849097519,-719651.4150902481,-71.9651415090248,1,3245.5364669382097
2022-08-24T00:00:00.000000,285424.36918892,-714575.63081108,-71.457563081108,1,3245.5364669382097
2022-08-25T00:00:00.000000,301744.42558652314,-698255.5744134769,-69.82555744134768,1,3245.5364669382097
2022-08-26T00:00:00.000000,278691.90531863447,-721308.0946813655,-72.13080946813656,1,3245.5364669382097
2022-08-27T00:00:00.000000,265790.95360908215,-734209.0463909179,-73.42090463909179,1,3245.5364669382097
2022-08-28T00:00:00.000000,271289.7199115144,-728710.2800884857,-72.87102800884857,1,3245.5364669382097
2022-08-29T00:00:00.000000,285353.87218504265,-714646.1278149574,-71.46461278149575,1,3245.5364669382097
2022-08-30T00:00:00.000000,292579.81508246955,-707420.1849175305,-70.74201849175306,1,3245.5364669382097
2022-08-31T00:00:00.000000,282921.7255512746,-717078.2744487254,-71.70782744487254,1,3245.5364669382097
2022-09-01T00:00:00.000000,268540.33676029823,-731459.6632397018,-73.14596632397019,1,3245.5364669382097
2022-09-02T00:00:00.000000,274109.6000666077,-725890.3999333923,-72.58903999333923,1,3245.5364669382097
2022-09-03T00:00:00.000000,266636.91765561025,-733363.0823443898,-73.33630823443897,1,3245.5364669382097
2022-09-04T00:00:00.000000,270479.004366925,-729520.995633075,-72.9520995633075,1,3245.5364669382097
2022-09-05T00:00:00.000000,266989.4026749969,-733010.5973250031,-73.30105973250032,1,3245.5364669382097
2022-09-06T00:00:00.000000,276118.7646771118,-723881.2353228882,-72.38812353228883,1,3245.5364669382097
2022-09-07T00:00:00.000000,253876.95995381247,-746123.0400461876,-74.61230400461875,1,3245.5364669382097
2022-09-08T00:00:00.000000,259728.2112756314,-740271.7887243687,-74.02717887243688,1,3245.5364669382097
2022-09-09T00:00:00.000000,282111.01000668533,-717888.9899933147,-71.78889899933148,1,3245.5364669382097
2022-09-10T00:00:00.000000,286728.56376065075,-713271.4362393492,-71.32714362393492,1,3245.5364669382097
2022-09-11T00:00:00.000000,283732.441095864,-716267.5589041361,-71.6267558904136,1,3245.5364669382097
2022-09-12T00:00:00.000000,283027.4710570907,-716972.5289429093,-71.69725289429093,1,3245.5364669382097
2022-09-13T00:00:00.000000,263746.54049663944,-736253.4595033606,-73.62534595033605,1,3245.5364669382097
2022-09-14T00:00:00.000000,256802.58561472193,-743197.414385278,-74.3197414385278,1,3245.5364669382097
2022-09-15T00:00:00.000000,255427.8940391139,-744572.1059608861,-74.4572105960886,1,3245.5364669382097
2022-09-16T00:00:00.000000,248131.4541378097,-751868.5458621903,-75.18685458621903,1,3245.5364669382097
2022-09-17T00:00:00.000000,256591.0946030899,-743408.9053969102,-74.34089053969102,1,3245.5364669382097
2022-09-18T00:00:00.000000,262442.34592490876,-737557.6540750912,-73.75576540750912,1,3245.5364669382097
2022-09-19T00:00:00.000000,237556.9035562094,-762443.0964437906,-76.24430964437906,1,3245.5364669382097
2022-09-20T00:00:00.000000,239213.58314732678,-760786.4168526733,-76.07864168526733,1,3245.5364669382097
2022-09-21T00:00:00.000000,239953.8016880388,-760046.1983119613,-76.00461983119612,1,3245.5364669382097
2022-09-22T00:00:00.000000,232022.88875183865,-767977.1112481614,-76.79771112481613,1,3245.5364669382097
2022-09-23T00:00:00.000000,247532.22960485233,-752467.7703951476,-75.24677703951475,1,3245.5364669382097
2022-09-24T00:00:00.000000,246792.0110641403,-753207.9889358596,-75.32079889358596,1,3245.5364669382097
2022-09-25T00:00:00.000000,240130.04419773212,-759869.9558022679,-75.98699558022679,1,3245.5364669382097
2022-09-26T00:00:00.000000,235705.96947090793,-764294.0305290921,-76.42940305290921,2,3545.5364669382097
2022-09-27T00:00:00.000000,243061.40750017343,-756938.5924998266,-75.69385924998265,2,3545.5364669382097
2022-09-28T00:00:00.000000,223188.95991708268,-776811.0400829173,-77.68110400829174,2,3545.5364669382097
2022-09-29T00:00:00.000000,242388.67846657708,-757611.3215334229,-75.76113215334229,2,3545.5364669382097
2022-09-30T00:00:00.000000,252026.05786315748,-747973.9421368425,-74.79739421368426,2,3545.5364669382097
2022-10-01T00:00:00.000000,235577.69653456192,-764422.3034654381,-76.44223034654381,2,3545.5364669382097
2022-10-02T00:00:00.000000,219990.11917270673,-780009.8808272933,-78.00098808272932,2,3545.5364669382097
2022-10-03T00:00:00.000000,234779.898418925,-765220.101581075,-76.5220101581075,1,3849.1036812433745
2022-10-04T00:00:00.000000,245706.93401991203,-754293.065980088,-75.4293065980088,1,3849.1036812433745
2022-10-05T00:00:00.000000,246799.6375800107,-753200.3624199893,-75.32003624199893,1,3849.1036812433745
2022-10-06T00:00:00.000000,244296.99394236528,-755703.0060576347,-75.57030060576348,1,3849.1036812433745
2022-10-07T00:00:00.000000,236859.56003330642,-763140.4399666935,-76.31404399666935,1,3849.1036812433745
2022-10-08T00:00:00.000000,244649.47896175197,-755350.521038248,-75.5350521038248,1,3849.1036812433745
2022-10-09T00:00:00.000000,242534.5688454319,-757465.4311545681,-75.74654311545682,1,3849.1036812433745
2022-10-10T00:00:00.000000,242887.0538648186,-757112.9461351815,-75.71129461351815,1,3849.1036812433745
2022-10-11T00:00:00.000000,236789.06302942906,-763210.9369705709,-76.3210936970571,1,3849.1036812433745
2022-10-12T00:00:00.000000,235766.8564732077,-764233.1435267923,-76.42331435267923,1,3849.1036812433745
2022-10-13T00:00:00.000000,224029.1053276314,-775970.8946723687,-77.59708946723687,1,3849.1036812433745
2022-10-14T00:00:00.000000,234251.170889845,-765748.829110155,-76.5748829110155,1,3849.1036812433745
2022-10-15T00:00:00.000000,223465.1292966127,-776534.8707033873,-77.65348707033873,1,3849.1036812433745
2022-10-16T00:00:00.000000,223888.11131987674,-776111.8886801233,-77.61118886801232,1,3849.1036812433745
2022-10-17T00:00:00.000000,230127.09616302088,-769872.9038369791,-76.98729038369791,1,3849.1036812433745
2022-10-18T00:00:00.000000,226285.00945170614,-773714.9905482938,-77.37149905482939,1,3849.1036812433745
2022-10-19T00:00:00.000000,225756.28192262613,-774243.7180773739,-77.42437180773739,1,3849.1036812433745
2022-10-20T00:00:00.000000,213384.05774215376,-786615.9422578462,-78.66159422578463,1,3849.1036812433745
2022-10-21T00:00:00.000000,209259.9830153297,-790740.0169846703,-79.07400169846703,1,3849.1036812433745
2022-10-22T00:00:00.000000,217966.36299418058,-782033.6370058195,-78.20336370058195,1,3849.1036812433745
2022-10-23T00:00:00.000000,218812.32704070857,-781187.6729592914,-78.11876729592913,1,3849.1036812433745
2022-10-24T00:00:00.000000,212643.83920144173,-787356.1607985583,-78.73561607985583,1,3849.1036812433745
2022-10-25T00:00:00.000000,216415.42890887923,-783584.5710911208,-78.35845710911208,1,3849.1036812433745
2022-10-26T00:00:00.000000,226390.7549575221,-773609.245042478,-77.36092450424779,1,3849.1036812433745
2022-10-27T00:00:00.000000,233299.46133750095,-766700.538662499,-76.67005386624992,1,3849.1036812433745
2022-10-28T00:00:00.000000,219940.279102746,-780059.7208972541,-78.0059720897254,1,3849.1036812433745
2022-10-29T00:00:00.000000,235555.36546157574,-764444.6345384242,-76.44446345384242,1,3849.1036812433745
2022-10-30T00:00:00.000000,231537.03624056757,-768462.9637594324,-76.84629637594324,1,3849.1036812433745
2022-10-31T00:00:00.000000,224205.34783732472,-775794.6521626753,-77.57946521626752,1,3849.1036812433745
2022-11-01T00:00:00.000000,223147.89277916477,-776852.1072208353,-77.68521072208353,1,3849.1036812433745
2022-11-02T00:00:00.000000,217190.8959515299,-782809.10404847,-78.280910404847,1,3849.1036812433745
2022-11-03T00:00:00.000000,224839.8208722208,-775160.1791277792,-77.51601791277793,1,3849.1036812433745
2022-11-04T00:00:00.000000,236260.33550034906,-763739.664499651,-76.3739664499651,1,3849.1036812433745
2022-11-05T00:00:00.000000,249795.76024479745,-750204.2397552026,-75.02042397552026,1,3849.1036812433745
2022-11-06T00:00:00.000000,241195.1257717625,-758804.8742282374,-75.88048742282373,1,3849.1036812433745
2022-11-07T00:00:00.000000,228663.89559904486,-771336.1044009551,-77.13361044009551,2,4149.103681243374
2022-11-08T00:00:00.000000,47651.99086475908,-952348.0091352409,-95.23480091352408,2,4149.103681243374
2022-11-09T00:00:00.000000,-104110.61209868267,-1104110.6120986827,-110.41106120986828,2,4149.103681243374
2022-11-10T00:00:00.000000,-65113.184254613705,-1065113.1842546137,-106.51131842546138,2,4149.103681243374
2022-11-11T00:00:00.000000,-107875.93265614798,-1107875.932656148,-110.7875932656148,2,4149.103681243374
2022-11-12T00:00:00.000000,-208659.05569197983,-1208659.0556919798,-120.86590556919799,2,4149.103681243374
2022-11-13T00:00:00.000000,-214212.87812315312,-1214212.878123153,-121.4212878123153,2,4149.103681243374
2022-11-14T00:00:00.000000,-225496.5306907798,-1225496.53069078,-122.54965306907799,1,4346.383189799759
2022-11-15T00:00:00.000000,-219010.80633406492,-1219010.8063340648,-121.90108063340648,1,4346.383189799759
2022-11-16T00:00:00.000000,-221513.44997171033,-1221513.4499717103,-122.15134499717104,1,4346.383189799759
2022-11-17T00:00:00.000000,-230219.82995056128,-1230219.8299505613,-123.02198299505613,1,4346.383189799759
2022-11-18T00:00:00.000000,-229197.62339433987,-1229197.6233943398,-122.91976233943399,1,4346.383189799759
2022-11-19T00:00:00.000000,-224298.08162486512,-1224298.081624865,-122.4298081624865,1,4346.383189799759
2022-11-20T00:00:00.000000,-219363.2913534516,-1219363.2913534516,-121.93632913534516,1,4346.383189799759
2022-11-21T00:00:00.000000,-234784.89868513984,-1234784.8986851398,-123.47848986851398,2,4646.383189799759
2022-11-22T00:00:00.000000,-210035.06373364106,-1210035.063733641,-121.0035063733641,2,4646.383189799759
2022-11-23T00:00:00.000000,-166754.71761826496,-1166754.717618265,-116.67547176182649,2,4646.383189799759
2022-11-24T00:00:00.000000,-153958.43409641786,-1153958.4340964179,-115.3958434096418,2,4646.383189799759
2022-11-25T00:00:00.000000,-191399.88438205863,-1191399.8843820586,-119.13998843820586,2,4646.383189799759
2022-11-26T00:00:00.000000,-178074.95749660884,-1178074.9574966088,-117.80749574966087,2,4646.383189799759
2022-11-27T00:00:00.000000,-151845.8469472744,-1151845.8469472744,-115.18458469472743,2,4646.383189799759
2022-11-28T00:00:00.000000,-223974.2239271407,-1223974.2239271407,-122.39742239271408,2,5247.099522177982
2022-11-29T00:00:00.000000,-207611.8965862256,-1207611.8965862256,-120.76118965862257,2,5247.099522177982
2022-11-30T00:00:00.000000,-134490.78420035914,-1134490.7842003591,-113.4490784200359,2,5247.099522177982
2022-12-01T00:00:00.000000,-137703.525167614,-1137703.525167614,-113.77035251676139,2,5247.099522177982
2022-12-02T00:00:00.000000,-106354.42526352033,-1106354.4252635203,-110.63544252635202,2,5247.099522177982
2022-12-03T00:00:00.000000,-119977.15024725744,-1119977.1502472574,-111.99771502472575,2,5247.099522177982
2022-12-04T00:00:00.000000,-137837.1073195017,-1137837.1073195017,-113.78371073195017,2,5247.099522177982
2022-12-05T00:00:00.000000,-75108.4293499064,-1075108.4293499063,-107.51084293499062,1,5588.58359509273
2022-12-06T00:00:00.000000,-75496.16287123179,-1075496.1628712318,-107.54961628712319,1,5588.58359509273
2022-12-07T00:00:00.000000,-86211.70746058674,-1086211.7074605867,-108.62117074605865,1,5588.58359509273
2022-12-08T00:00:00.000000,-76694.61193714646,-1076694.6119371464,-107.66946119371464,1,5588.58359509273
2022-12-09T00:00:00.000000,-76201.13291000511,-1076201.132910005,-107.6201132910005,1,5588.58359509273
2022-12-10T00:00:00.000000,-77011.8484545945,-1077011.8484545946,-107.70118484545945,1,5588.58359509273
2022-12-11T00:00:00.000000,-73240.25874715706,-1073240.2587471572,-107.32402587471572,1,5588.58359509273
2022-12-12T00:00:00.000000,-89066.83611761883,-1089066.8361176187,-108.90668361176188,1,5588.58359509273
2022-12-13T00:00:00.000000,-92098.20728434419,-1092098.2072843441,-109.20982072843441,1,5588.58359509273
2022-12-14T00:00:00.000000,-80712.94115815463,-1080712.9411581545,-108.07129411581545,1,5588.58359509273
2022-12-15T00:00:00.000000,-89419.32113700546,-1089419.3211370055,-108.94193211370056,1,5588.58359509273
2022-12-16T00:00:00.000000,-91181.74623393884,-1091181.7462339387,-109.11817462339388,1,5588.58359509273
2022-12-17T00:00:00.000000,-121424.96089731564,-1121424.9608973158,-112.14249608973157,1,5588.58359509273
2022-12-18T00:00:00.000000,-119592.03879650493,-1119592.038796505,-111.9592038796505,1,5588.58359509273
2022-12-19T00:00:00.000000,-122764.40397098506,-1122764.403970985,-112.2764403970985,1,5588.58359509273
2022-12-20T00:00:00.000000,-127769.69124627585,-1127769.6912462758,-112.77696912462758,1,5588.58359509273
2022-12-21T00:00:00.000000,-125725.27813383311,-1125725.278133833,-112.57252781338332,1,5588.58359509273
2022-12-22T00:00:00.000000,-126430.24817260649,-1126430.2481726066,-112.64302481726065,1,5588.58359509273
2022-12-23T00:00:00.000000,-124667.82307567308,-1124667.823075673,-112.4667823075673,1,5588.58359509273
2022-12-24T00:00:00.000000,-124139.09554659307,-1124139.095546593,-112.41390955465928,1,5588.58359509273
2022-12-25T00:00:00.000000,-126289.2541648518,-1126289.2541648517,-112.62892541648517,1,5588.58359509273
2022-12-26T00:00:00.000000,-126571.24218036115,-1126571.2421803612,-112.6571242180361,1,5588.58359509273
2022-12-27T00:00:00.000000,-131611.77795759062,-1131611.7779575905,-113.16117779575904,1,5588.58359509273
2022-12-28T00:00:00.000000,-119380.54778487294,-1119380.5477848728,-111.93805477848728,1,5588.58359509273
2022-12-29T00:00:00.000000,-142327.32254694556,-1142327.3225469457,-114.23273225469457,1,5588.58359509273
2022-12-30T00:00:00.000000,-148002.33135907105,-1148002.331359071,-114.8002331359071,1,5588.58359509273
2022-12-31T00:00:00.000000,-138731.97534920147,-1138731.9753492014,-113.87319753492014,1,5588.58359509273
2023-01-01T00:00:00.000000,-139472.1938899135,-1139472.1938899136,-113.94721938899137,1,5588.58359509273
2023-01-02T00:00:00.000000,-130678.08038973715,-1130678.0803897372,-113.06780803897371,2,5888.58359509273
2023-01-03T00:00:00.000000,-140838.1376028785,-1140838.1376028785,-114.08381376028784,2,5888.58359509273
2023-01-04T00:00:00.000000,-113286.09117052495,-1113286.091170525,-111.3286091170525,2,5888.58359509273
2023-01-05T00:00:00.000000,-117130.40296802972,-1117130.4029680297,-111.71304029680297,2,5888.58359509273
2023-01-06T00:00:00.000000,-132419.0485982548,-1132419.0485982548,-113.24190485982548,2,5888.58359509273
2023-01-07T00:00:00.000000,-118276.18512601452,-1118276.1851260145,-111.82761851260146,2,5888.58359509273
2023-01-08T00:00:00.000000,-124119.90840292536,-1124119.9084029254,-112.41199084029255,2,5888.58359509273
2023-01-09T00:00:00.000000,-60083.780276385136,-1060083.7802763851,-106.00837802763851,3,6502.766020009304
2023-01-10T00:00:00.000000,-48565.019786754856,-1048565.0197867549,-104.85650197867548,3,6502.766020009304
2023-01-11T00:00:00.000000,-73584.2544532842,-1073584.2544532842,-107.35842544532841,3,6502.766020009304
2023-01-12T00:00:00.000000,-46255.39026075974,-1046255.3902607597,-104.62553902607597,3,6502.766020009304
2023-01-13T00:00:00.000000,16953.10904173483,-983046.8909582652,-98.30468909582652,3,6502.766020009304
2023-01-14T00:00:00.000000,135497.06531391595,-864502.934686084,-86.45029346860841,3,6502.766020009304
2023-01-15T00:00:00.000000,234112.09228233108,-765887.9077176689,-76.5887907717669,3,6502.766020009304
2023-01-16T00:00:00.000000,227502.25636009022,-772497.7436399098,-77.24977436399098,1,6872.339167519755
2023-01-17T00:00:00.000000,226268.55879223684,-773731.4412077632,-77.37314412077632,1,6872.339167519755
2023-01-18T00:00:00.000000,240156.46855607186,-759843.5314439281,-75.98435314439281,1,6872.339167519755
2023-01-19T00:00:00.000000,215975.9962261459,-784024.0037738541,-78.4024003773854,1,6872.339167519755
2023-01-20T00:00:00.000000,240438.4565715812,-759561.5434284188,-75.95615434284188,1,6872.339167519755
2023-01-21T00:00:00.000000,247770.14497482404,-752229.855025176,-75.22298550251759,1,6872.339167519755
2023-01-22T00:00:00.000000,240262.21406188788,-759737.7859381121,-75.9737785938112,1,6872.339167519755
2023-01-23T00:00:00.000000,252881.17775593093,-747118.8222440691,-74.7118822244069,1,6872.339167519755
2023-01-24T00:00:00.000000,256582.270459491,-743417.7295405089,-74.3417729540509,1,6872.339167519755
2023-01-25T00:00:00.000000,267544.5545624166,-732455.4454375834,-73.24554454375833,1,6872.339167519755
2023-01-26T00:00:00.000000,266874.83302558196,-733125.1669744181,-73.31251669744181,1,6872.339167519755
2023-01-27T00:00:00.000000,264936.1654189552,-735063.8345810447,-73.50638345810448,1,6872.339167519755
2023-01-28T00:00:00.000000,257604.4770157123,-742395.5229842877,-74.23955229842876,1,6872.339167519755
2023-01-29T00:00:00.000000,257815.96802734438,-742184.0319726556,-74.21840319726556,1,6872.339167519755
2023-01-30T00:00:00.000000,238323.54645526118,-761676.4535447388,-76.16764535447388,1,6872.339167519755
2023-01-31T00:00:00.000000,234446.21124200773,-765553.7887579922,-76.55537887579922,1,6872.339167519755
2023-02-01T00:00:00.000000,225704.58276121813,-774295.4172387819,-77.42954172387819,1,6872.339167519755
2023-02-02T00:00:00.000000,258133.20454479236,-741866.7954552076,-74.18667954552076,1,6872.339167519755
2023-02-03T00:00:00.000000,263208.98882396054,-736791.0111760395,-73.67910111760395,1,6872.339167519755
2023-02-04T00:00:00.000000,279282.3057079929,-720717.694292007,-72.0717694292007,1,6872.339167519755
2023-02-05T00:00:00.000000,286050.0180802171,-713949.9819197829,-71.3949981919783,1,6872.339167519755
2023-02-06T00:00:00.000000,277132.1470897342,-722867.8529102658,-72.28678529102658,1,6872.339167519755
2023-02-07T00:00:00.000000,289257.6317566359,-710742.3682433642,-71.07423682433641,1,6872.339167519755
2023-02-08T00:00:00.000000,307234.36774535634,-692765.6322546436,-69.27656322546436,1,6872.339167519755
2023-02-09T00:00:00.000000,294051.42802029464,-705948.5719797054,-70.59485719797054,1,6872.339167519755
2023-02-10T00:00:00.000000,267262.56654690724,-732737.4334530928,-73.27374334530928,1,6872.339167519755
2023-02-11T00:00:00.000000,265500.14144997386,-734499.8585500261,-73.44998585500261,1,6872.339167519755
2023-02-12T00:00:00.000000,266099.3659829312,-733900.6340170688,-73.39006340170687,1,6872.339167519755
2023-02-13T00:00:00.000000,245161.75583136268,-754838.2441686373,-75.48382441686373,1,6872.339167519755
2023-02-14T00:00:00.000000,251330.2436706295,-748669.7563293704,-74.86697563293704,1,6872.339167519755
2023-02-15T00:00:00.000000,258556.1865680564,-741443.8134319435,-74.14438134319435,1,6872.339167519755
2023-02-16T00:00:00.000000,290914.3113477532,-709085.6886522467,-70.90856886522468,1,6872.339167519755
2023-02-17T00:00:00.000000,279000.31769248354,-720999.6823075165,-72.09996823075164,1,6872.339167519755
2023-02-18T00:00:00.000000,292253.7544214226,-707746.2455785774,-70.77462455785773,1,6872.339167519755
2023-02-19T00:00:00.000000,295919.59862304403,-704080.4013769559,-70.4080401376956,1,6872.339167519755
2023-02-20T00:00:00.000000,420487.80447429535,-579512.1955257047,-57.951219552570464,1,6872.339167519755
2023-02-21T00:00:00.000000,352740.1837481762,-647259.8162518238,-64.72598162518238,1,6872.339167519755
2023-02-22T00:00:00.000000,337830.06742811983,-662169.9325718802,-66.21699325718802,1,6872.339167519755
2023-02-23T00:00:00.000000,328594.9599201889,-671405.0400798111,-67.14050400798112,1,6872.339167519755
2023-02-24T00:00:00.000000,295496.61659978004,-704503.38340022,-70.450338340022,1,6872.339167519755
2023-02-25T00:00:00.000000,300713.3948867028,-699286.6051132972,-69.92866051132972,1,6872.339167519755
2023-02-26T00:00:00.000000,306740.888718215,-693259.111281785,-69.32591112817849,1,6872.339167519755
2023-02-27T00:00:00.000000,304590.7300999563,-695409.2699000437,-69.54092699000437,1,6872.339167519755
2023-02-28T00:00:00.000000,302229.0804700655,-697770.9195299344,-69.77709195299344,1,6872.339167519755
2023-03-01T00:00:00.000000,314284.06813308987,-685715.9318669101,-68.571593186691,1,6872.339167519755
2023-03-02T00:00:00.000000,322320.7265751061,-677679.2734248939,-67.76792734248939,1,6872.339167519755
2023-03-03T00:00:00.000000,290279.8383128572,-709720.1616871428,-70.97201616871428,1,6872.339167519755
2023-03-04T00:00:00.000000,281925.94335339294,-718074.0566466071,-71.80740566466072,1,6872.339167519755
2023-03-05T00:00:00.000000,272761.3328493394,-727238.6671506607,-72.72386671506607,1,6872.339167519755
2023-03-06T00:00:00.000000,268284.77310312865,-731715.2268968713,-73.17152268968712,1,6872.339167519755
2023-03-07T00:00:00.000000,269835.70718843,-730164.29281157,-73.016429281157,1,6872.339167519755
2023-03-08T00:00:00.000000,255419.06989551493,-744580.930104485,-74.4580930104485,1,6872.339167519755
2023-03-09T00:00:00.000000,236772.61236995977,-763227.3876300403,-76.32273876300403,1,6872.339167519755
2023-03-10T00:00:00.000000,207692.59827055904,-792307.401729441,-79.23074017294411,1,6872.339167519755
2023-03-11T00:00:00.000000,210441.98142177507,-789558.0185782249,-78.9558018578225,1,6872.339167519755
2023-03-12T00:00:00.000000,219782.83443552197,-780217.165564478,-78.02171655644781,1,6872.339167519755
2023-03-13T00:00:00.000000,250202.29160859215,-749797.7083914079,-74.97977083914078,1,6872.339167519755
2023-03-14T00:00:00.000000,261799.04874641378,-738200.9512535862,-73.82009512535862,1,6872.339167519755
2023-03-15T00:00:00.000000,246783.18692054134,-753216.8130794587,-75.32168130794587,1,6872.339167519755
2023-03-16T00:00:00.000000,247946.3874845174,-752053.6125154826,-75.20536125154827,1,6872.339167519755
2023-03-17T00:00:00.000000,262292.52777355514,-737707.4722264449,-73.77074722264449,1,6872.339167519755
2023-03-18T00:00:00.000000,286543.4971073585,-713456.5028926416,-71.34565028926416,1,6872.339167519755
2023-03-19T00:00:00.000000,292359.4999272386,-707640.5000727614,-70.76405000727615,1,6872.339167519755
2023-03-20T00:00:00.000000,288781.3892469425,-711218.6107530575,-71.12186107530574,2,7172.339167519755
2023-03-21T00:00:00.000000,265105.6685128894,-734894.3314871106,-73.48943314871106,2,7172.339167519755
2023-03-22T00:00:00.000000,291964.99869758287,-708035.0013024171,-70.80350013024172,2,7172.339167519755
2023-03-23T00:00:00.000000,252652.40632486413,-747347.5936751359,-74.73475936751358,2,7172.339167519755
2023-03-24T00:00:00.000000,266408.13319598,-733591.86680402,-73.359186680402,2,7172.339167519755
2023-03-25T00:00:00.000000,229913.66279714345,-770086.3372028565,-77.00863372028566,2,7172.339167519755
2023-03-26T00:00:00.000000,245500.93351667235,-754499.0664833277,-75.44990664833277,2,7172.339167519755
2023-03-27T00:00:00.000000,188563.456924228,-811436.543075772,-81.1436543075772,1,7455.122105256253
2023-03-28T00:00:00.000000,192687.53165105218,-807312.4683489478,-80.73124683489478,1,7455.122105256253
2023-03-29T00:00:00.000000,202275.12417836976,-797724.8758216302,-79.77248758216302,1,7455.122105256253
2023-03-30T00:00:00.000000,209747.80658936728,-790252.1934106327,-79.02521934106326,1,7455.122105256253
2023-03-31T00:00:00.000000,210629.01913783397,-789370.980862166,-78.93709808621661,1,7455.122105256253
2023-04-01T00:00:00.000000,235020.9824793919,-764979.0175206081,-76.49790175206081,1,7455.122105256253
2023-04-02T00:00:00.000000,220392.85417484492,-779607.1458251551,-77.96071458251551,1,7455.122105256253
2023-04-03T00:00:00.000000,216445.0219577141,-783554.9780422859,-78.35549780422859,1,7455.122105256253
2023-04-04T00:00:00.000000,235902.19502785866,-764097.8049721413,-76.40978049721413,1,7455.122105256253
2023-04-05T00:00:00.000000,239391.7967197867,-760608.2032802133,-76.06082032802132,1,7455.122105256253
2023-04-06T00:00:00.000000,247463.70366374165,-752536.2963362583,-75.25362963362583,1,7455.122105256253
2023-04-07T00:00:00.000000,229381.22216920514,-770618.7778307949,-77.0618777830795,1,7455.122105256253
2023-04-08T00:00:00.000000,230861.65925062913,-769138.3407493709,-76.91383407493709,1,7455.122105256253
2023-04-09T00:00:00.000000,231601.87779134116,-768398.1222086588,-76.8398122208659,1,7455.122105256253
2023-04-10T00:00:00.000000,226420.34800635703,-773579.651993643,-77.3579651993643,1,7455.122105256253
2023-04-11T00:00:00.000000,239744.2817391734,-760255.7182608265,-76.02557182608265,1,7455.122105256253
2023-04-12T00:00:00.000000,226420.34800635703,-773579.651993643,-77.3579651993643,1,7455.122105256253
2023-04-13T00:00:00.000000,231002.65325838386,-768997.3467416161,-76.8997346741616,1,7455.122105256253
2023-04-14T00:00:00.000000,246371.00010364293,-753628.9998963571,-75.36289998963571,1,7455.122105256253
2023-04-15T00:00:00.000000,257615.27222207788,-742384.7277779221,-74.23847277779221,1,7455.122105256253
2023-04-16T00:00:00.000000,260505.6493810487,-739494.3506189513,-73.94943506189513,1,7455.122105256253
2023-04-17T00:00:00.000000,253032.96697005111,-746967.0330299488,-74.69670330299488,1,7455.122105256253
2023-04-18T00:00:00.000000,258884.2182918699,-741115.7817081301,-74.11157817081302,1,7455.122105256253
2023-04-19T00:00:00.000000,271185.9454684649,-728814.0545315351,-72.88140545315352,1,7455.122105256253
2023-04-20T00:00:00.000000,230896.90775256784,-769103.0922474321,-76.91030922474322,1,7455.122105256253
2023-04-21T00:00:00.000000,221450.30923300493,-778549.6907669951,-77.8549690766995,1,7455.122105256253
2023-04-22T00:00:00.000000,207985.3814924339,-792014.6185075662,-79.20146185075662,1,7455.122105256253
2023-04-23T00:00:00.000000,204319.53729081247,-795680.4627091875,-79.56804627091876,1,7455.122105256253
2023-04-24T00:00:00.000000,207562.3994691699,-792437.6005308301,-79.24376005308301,1,7455.122105256253
2023-04-25T00:00:00.000000,206399.1989051939,-793600.801094806,-79.3600801094806,1,7455.122105256253
2023-04-26T00:00:00.000000,212109.45621925802,-787890.543780742,-78.7890543780742,1,7455.122105256253
2023-04-27T00:00:00.000000,215951.54293057276,-784048.4570694272,-78.40484570694272,1,7455.122105256253
2023-04-28T00:00:00.000000,210029.7946048766,-789970.2053951235,-78.99702053951233,1,7455.122105256253
2023-04-29T00:00:00.000000,219300.1506147462,-780699.8493852539,-78.06998493852538,1,7455.122105256253
2023-04-30T00:00:00.000000,219864.12664576486,-780135.8733542352,-78.01358733542352,1,7455.122105256253
2023-05-01T00:00:00.000000,213219.39629680454,-786780.6037031955,-78.67806037031954,3,7755.122105256253
2023-05-02T00:00:00.000000,205647.56626747316,-794352.4337325268,-79.43524337325269,3,7755.122105256253
2023-05-03T00:00:00.000000,184650.20628081565,-815349.7937191844,-81.53497937191844,3,7755.122105256253
2023-05-04T00:00:00.000000,216026.63182045054,-783973.3681795495,-78.39733681795494,3,7755.122105256253
2023-05-05T00:00:00.000000,203411.9227454476,-796588.0772545524,-79.65880772545523,3,7755.122105256253
2023-05-06T00:00:00.000000,166364.67544065136,-833635.3245593486,-83.36353245593486,3,7755.122105256253
2023-05-07T00:00:00.000000,152943.14925791277,-847056.8507420872,-84.70568507420873,3,7755.122105256253
2023-05-08T00:00:00.000000,77071.57839890826,-922928.4216010917,-92.29284216010917,2,8323.426044512438
2023-05-09T00:00:00.000000,51070.430256639374,-948929.5697433606,-94.89295697433606,2,8323.426044512438
2023-05-10T00:00:00.000000,99823.0171269027,-900176.9828730973,-90.01769828730973,2,8323.426044512438
2023-05-11T00:00:00.000000,95500.40067854873,-904499.5993214513,-90.44995993214513,2,8323.426044512438
2023-05-12T00:00:00.000000,27184.192230690503,-972815.8077693095,-97.28158077693095,2,8323.426044512438
2023-05-13T00:00:00.000000,50228.4170792955,-949771.5829207045,-94.97715829207046,2,8323.426044512438
2023-05-14T00:00:00.000000,75263.10669493512,-924736.8933050649,-92.47368933050649,2,8323.426044512438
2023-05-15T00:00:00.000000,197125.72487829736,-802874.2751217026,-80.28742751217027,1,8661.838489666008
2023-05-16T00:00:00.000000,196596.9973492173,-803403.0026507827,-80.34030026507827,1,8661.838489666008
2023-05-17T00:00:00.000000,199170.13799074007,-800829.8620092599,-80.08298620092599,1,8661.838489666008
2023-05-18T00:00:00.000000,206642.82040173758,-793357.1795982624,-79.33571795982624,1,8661.838489666008
2023-05-19T00:00:00.000000,202307.2546632815,-797692.7453367185,-79.76927453367185,1,8661.838489666008
2023-05-20T00:00:00.000000,203752.44324276684,-796247.5567572331,-79.6247556757233,1,8661.838489666008
2023-05-21T00:00:00.000000,202025.26664777217,-797974.7333522278,-79.79747333522278,1,8661.838489666008
2023-05-22T00:00:00.000000,197301.96738799068,-802698.0326120093,-80.26980326120093,1,8661.838489666008
2023-05-23T00:00:00.000000,202095.76365164947,-797904.2363483505,-79.79042363483505,1,8661.838489666008
2023-05-24T00:00:00.000000,184260.02167068364,-815739.9783293164,-81.57399783293164,1,8661.838489666008
2023-05-25T00:00:00.000000,189194.8119420971,-810805.188057903,-81.08051880579029,1,8661.838489666008
2023-05-26T00:00:00.000000,187714.3748606731,-812285.6251393269,-81.22856251393269,1,8661.838489666008
2023-05-27T00:00:00.000000,188207.85388781445,-811792.1461121856,-81.17921461121855,1,8661.838489666008
2023-05-28T00:00:00.000000,194552.5842367746,-805447.4157632254,-80.54474157632254,1,8661.838489666008
2023-05-29T00:00:00.000000,195610.0392949346,-804389.9607050654,-80.43899607050655,1,8661.838489666008
2023-05-30T00:00:00.000000,193600.87468443054,-806399.1253155695,-80.63991253155694,1,8661.838489666008
2023-05-31T00:00:00.000000,192472.92262239323,-807527.0773776068,-80.75270773776067,1,8661.838489666008
2023-06-01T00:00:00.000000,185352.72523078235,-814647.2747692177,-81.46472747692177,1,8661.838489666008
2023-06-02T00:00:00.000000,191979.44359525188,-808020.5564047481,-80.80205564047482,1,8661.838489666008
2023-06-03T00:00:00.000000,192684.4136340252,-807315.5863659747,-80.73155863659748,1,8661.838489666008
2023-06-04T00:00:00.000000,192261.4316107612,-807738.5683892388,-80.77385683892388,1,8661.838489666008
2023-06-05T00:00:00.000000,177544.7943178462,-822455.2056821538,-82.24552056821538,3,8961.838489666008
2023-06-06T00:00:00.000000,224395.62760122772,-775604.3723987723,-77.56043723987722,3,8961.838489666008
2023-06-07T00:00:00.000000,181524.19580999925,-818475.8041900008,-81.84758041900008,3,8961.838489666008
2023-06-08T00:00:00.000000,176445.04359090608,-823554.9564090939,-82.3554956409094,3,8961.838489666008
2023-06-09T00:00:00.000000,168847.40851554717,-831152.5914844528,-83.11525914844529,3,8961.838489666008
2023-06-10T00:00:00.000000,-83078.46643553744,-1083078.4664355374,-108.30784664355375,3,8961.838489666008
2023-06-11T00:00:00.000000,-56655.573493462056,-1056655.573493462,-105.6655573493462,3,8961.838489666008
2023-06-12T00:00:00.000000,-48432.21206938219,-1048432.2120693822,-104.84322120693821,2,9088.621730663239
2023-06-13T00:00:00.000000,-49665.979215802276,-1049665.9792158022,-104.9665979215802,2,9088.621730663239
2023-06-14T00:00:00.000000,-32520.87408884999,-1032520.87408885,-103.252087408885,2,9088.621730663239
2023-06-15T00:00:00.000000,-71217.14708508819,-1071217.1470850883,-107.12171470850882,2,9088.621730663239
2023-06-16T00:00:00.000000,-36038.669016043656,-1036038.6690160437,-103.60386690160436,2,9088.621730663239
2023-06-17T00:00:00.000000,-38915.0330516618,-1038915.0330516618,-103.89150330516618,2,9088.621730663239
2023-06-18T00:00:00.000000,-4378.027621332905,-1004378.0276213329,-100.4378027621333,2,9088.621730663239
2023-06-19T00:00:00.000000,-23165.77138462325,-1023165.7713846233,-102.31657713846232,2,9088.621730663239
2023-06-20T00:00:00.000000,-23567.545860728016,-1023567.545860728,-102.35675458607281,2,9088.621730663239
2023-06-21T00:00:00.000000,25921.851826842176,-974078.1481731578,-97.40781481731578,2,9088.621730663239
2023-06-22T00:00:00.000000,51040.13191146648,-948959.8680885335,-94.89598680885335,2,9088.621730663239
2023-06-23T00:00:00.000000,79951.15358783398,-920048.846412166,-92.0048846412166,2,9088.621730663239
2023-06-24T00:00:00.000000,87586.03755374555,-912413.9624462544,-91.24139624462545,2,9088.621730663239
2023-06-25T00:00:00.000000,75897.36712918675,-924102.6328708132,-92.41026328708134,2,9088.621730663239
2023-06-26T00:00:00.000000,60282.14161322347,-939717.8583867765,-93.97178583867766,2,9088.621730663239
2023-06-27T00:00:00.000000,55008.935108629405,-944991.0648913706,-94.49910648913706,2,9088.621730663239
2023-06-28T00:00:00.000000,23503.537412153208,-976496.4625878468,-97.64964625878468,2,9088.621730663239
2023-06-29T00:00:00.000000,12971.221020597848,-987028.7789794022,-98.70287789794021,2,9088.621730663239
2023-06-30T00:00:00.000000,48248.291918791714,-951751.7080812083,-95.17517080812082,2,9088.621730663239
2023-07-01T00:00:00.000000,56277.950756988255,-943722.0492430117,-94.37220492430117,2,9088.621730663239
2023-07-02T00:00:00.000000,81248.34855574497,-918751.651444255,-91.87516514442551,2,9088.621730663239
2023-07-03T00:00:00.000000,85424.89438624261,-914575.1056137574,-91.45751056137574,3,9388.621730663239
2023-07-04T00:00:00.000000,190823.41971760662,-809176.5802823934,-80.91765802823933,3,9388.621730663239
2023-07-05T00:00:00.000000,146674.7082262216,-853325.2917737784,-85.33252917737784,3,9388.621730663239
2023-07-06T00:00:00.000000,150716.18095059926,-849283.8190494007,-84.92838190494008,3,9388.621730663239
2023-07-07T00:00:00.000000,4294.715482125059,-995705.2845178749,-99.5705284517875,3,9388.621730663239
2023-07-08T00:00:00.000000,5486.0131291276775,-994513.9868708723,-99.45139868708723,3,9388.621730663239
2023-07-09T00:00:00.000000,14623.783131816424,-985376.2168681836,-98.53762168681835,3,9388.621730663239
2023-07-10T00:00:00.000000,-31039.803909764392,-1031039.8039097644,-103.10398039097643,2,9671.587624765369
2023-07-11T00:00:00.000000,-19739.131405084976,-1019739.131405085,-101.9739131405085,2,9671.587624765369
2023-07-12T00:00:00.000000,-13676.416903060861,-1013676.4169030609,-101.36764169030607,2,9671.587624765369
2023-07-13T00:00:00.000000,48016.33778336865,-951983.6622166313,-95.19836622166314,2,9671.587624765369
2023-07-14T00:00:00.000000,58471.18539865385,-941528.8146013462,-94.15288146013462,2,9671.587624765369
2023-07-15T00:00:00.000000,53049.6791367915,-946950.3208632085,-94.69503208632085,2,9671.587624765369
2023-07-16T00:00:00.000000,40761.92333640903,-959238.076663591,-95.9238076663591,2,9671.587624765369
2023-07-17T00:00:00.000000,34727.33249108377,-965272.6675089162,-96.52726675089163,2,9671.587624765369
2023-07-18T00:00:00.000000,8135.614928855095,-991864.3850711449,-99.18643850711449,2,9671.587624765369
2023-07-19T00:00:00.000000,8410.575509118149,-991589.4244908819,-99.15894244908819,2,9671.587624765369
2023-07-20T00:00:00.000000,23941.165656431345,-976058.8343435687,-97.60588343435687,2,9671.587624765369
2023-07-21T00:00:00.000000,7832.475029039895,-992167.5249709601,-99.21675249709601,2,9671.587624765369
2023-07-22T00:00:00.000000,7317.760623312555,-992682.2393766874,-99.26822393766874,2,9671.587624765369
2023-07-23T00:00:00.000000,9658.216621757252,-990341.7833782427,-99.03417833782427,2,9671.587624765369
2023-07-24T00:00:00.000000,-30934.30888678902,-1030934.308886789,-103.09343088867891,2,9671.587624765369
2023-07-25T00:00:00.000000,-35467.26901924424,-1035467.2690192442,-103.54672690192442,2,9671.587624765369
2023-07-26T00:00:00.000000,-38357.771419635275,-1038357.7714196353,-103.83577714196352,2,9671.587624765369
2023-07-27T00:00:00.000000,-18449.24218668742,-1018449.2421866874,-101.84492421866875,2,9671.587624765369
2023-07-28T00:00:00.000000,-11096.304489145172,-1011096.3044891452,-101.10963044891452,2,9671.587624765369
2023-07-29T00:00:00.000000,-9679.378723492264,-1009679.3787234923,-100.96793787234924,2,9671.587624765369
2023-07-30T00:00:00.000000,-16574.030232978286,-1016574.0302329783,-101.65740302329782,2,9671.587624765369
2023-07-31T00:00:00.000000,-12132.663325852714,-1012132.6633258527,-101.21326633258528,2,9671.587624765369
2023-08-01T00:00:00.000000,-13281.781187909422,-1013281.7811879094,-101.32817811879093,2,9671.587624765369
2023-08-02T00:00:00.000000,-23017.492568221525,-1023017.4925682215,-102.30174925682216,2,9671.587624765369
2023-08-03T00:00:00.000000,-40930.98163972469,-1040930.9816397247,-104.09309816397247,2,9671.587624765369
2023-08-04T00:00:00.000000,-45167.954549031565,-1045167.9545490316,-104.51679545490316,2,9671.587624765369
2023-08-05T00:00:00.000000,-60896.0365003373,-1060896.0365003373,-106.08960365003372,2,9671.587624765369
2023-08-06T00:00:00.000000,-51681.87214101199,-1051681.872141012,-105.1681872141012,2,9671.587624765369
2023-08-07T00:00:00.000000,-44737.861596240895,-1044737.8615962409,-104.47378615962408,2,9671.587624765369
2023-08-08T00:00:00.000000,-61276.60342928278,-1061276.6034292828,-106.1276603429283,2,9671.587624765369
2023-08-09T00:00:00.000000,-58012.54761947936,-1058012.5476194792,-105.80125476194793,2,9671.587624765369
2023-08-10T00:00:00.000000,-58308.61833690817,-1058308.618336908,-105.83086183369082,2,9671.587624765369
2023-08-11T00:00:00.000000,-51308.16565875267,-1051308.1656587527,-105.13081656587526,2,9671.587624765369
2023-08-12T00:00:00.000000,-63031.93151240295,-1063031.9315124028,-106.30319315124028,2,9671.587624765369
2023-08-13T00:00:00.000000,-63342.14059460466,-1063342.1405946047,-106.33421405946046,2,9671.587624765369
2023-08-14T00:00:00.000000,-39654.799398985924,-1039654.7993989859,-103.9654799398986,2,9671.587624765369
2023-08-15T00:00:00.000000,-55418.08810509043,-1055418.0881050904,-105.54180881050905,2,9671.587624765369
2023-08-16T00:00:00.000000,-102503.44889987807,-1102503.4488998782,-110.25034488998782,2,9671.587624765369
2023-08-17T00:00:00.000000,-135566.61329691508,-1135566.613296915,-113.55666132969151,2,9671.587624765369
2023-08-18T00:00:00.000000,-172634.53909443505,-1172634.539094435,-117.2634539094435,2,9671.587624765369
2023-08-19T00:00:00.000000,-167572.7818543329,-1167572.781854333,-116.7572781854333,2,9671.587624765369
2023-08-20T00:00:00.000000,-156307.2465258852,-1156307.246525885,-115.6307246525885,2,9671.587624765369
2023-08-21T00:00:00.000000,-164284.42034469498,-1164284.420344695,-116.4284420344695,3,9971.587624765369
2023-08-22T00:00:00.000000,-204797.89314171625,-1204797.8931417163,-120.47978931417163,3,9971.587624765369
2023-08-23T00:00:00.000000,-183781.2274471405,-1183781.2274471405,-118.37812274471405,3,9971.587624765369
2023-08-24T00:00:00.000000,-152349.9332249225,-1152349.9332249225,-115.23499332249226,3,9971.587624765369
2023-08-25T00:00:00.000000,-166702.7473218697,-1166702.7473218697,-116.67027473218697,3,9971.587624765369
2023-08-26T00:00:00.000000,-167734.7459619539,-1167734.745961954,-116.77347459619538,3,9971.587624765369
2023-08-27T00:00:00.000000,-167514.31041620765,-1167514.3104162076,-116.75143104162076,3,9971.587624765369
2023-08-28T00:00:00.000000,-178918.57093947276,-1178918.5709394729,-117.8918570939473,2,10267.461696882023
2023-08-29T00:00:00.000000,-174286.94839930127,-1174286.9483993012,-117.42869483993013,2,10267.461696882023
2023-08-30T00:00:00.000000,-160998.0683484365,-1160998.0683484366,-116.09980683484366,2,10267.461696882023
2023-08-31T00:00:00.000000,-151276.34226005024,-1151276.3422600501,-115.127634226005,2,10267.461696882023
2023-09-01T00:00:00.000000,-187624.9926654637,-1187624.9926654636,-118.76249926654636,2,10267.461696882023
2023-09-02T00:00:00.000000,-194561.9479435616,-1194561.9479435617,-119.45619479435616,2,10267.461696882023
2023-09-03T00:00:00.000000,-179151.06076256372,-1179151.0607625637,-117.91510607625636,2,10267.461696882023
2023-09-04T00:00:00.000000,-179355.49650752265,-1179355.4965075227,-117.93554965075226,2,10267.461696882023
2023-09-05T00:00:00.000000,-166405.04660555185,-1166405.0466055518,-116.64050466055518,2,10267.461696882023
2023-09-06T00:00:00.000000,-159038.04012180364,-1159038.0401218035,-115.90380401218034,2,10267.461696882023
2023-09-07T00:00:00.000000,-154857.4954301681,-1154857.4954301682,-115.48574954301682,2,10267.461696882023
2023-09-08T00:00:00.000000,-161216.46155389468,-1161216.4615538947,-116.12164615538947,2,10267.461696882023
2023-09-09T00:00:00.000000,-161815.7278339921,-1161815.727833992,-116.1815727833992,2,10267.461696882023
2023-09-10T00:00:00.000000,-185580.4821430276,-1185580.4821430277,-118.55804821430279,2,10267.461696882023
2023-09-11T00:00:00.000000,-204604.6032648401,-1204604.60326484,-120.46046032648401,3,10567.461696882023
2023-09-12T00:00:00.000000,-219614.88937415206,-1219614.889374152,-121.96148893741521,3,10567.461696882023
2023-09-13T00:00:00.000000,-192977.03543968196,-1192977.035439682,-119.2977035439682,3,10567.461696882023
2023-09-14T00:00:00.000000,-187673.70018773945,-1187673.7001877395,-118.76737001877396,3,10567.461696882023
2023-09-15T00:00:00.000000,-163275.80174190854,-1163275.8017419085,-116.32758017419084,3,10567.461696882023
2023-09-16T00:00:00.000000,-143344.38620058307,-1143344.386200583,-114.3344386200583,3,10567.461696882023
2023-09-17T00:00:00.000000,-197758.67007720587,-1197758.6700772059,-119.77586700772058,3,10567.461696882023
2023-09-18T00:00:00.000000,-190480.13591016713,-1190480.1359101671,-119.04801359101671,3,10567.461696882023
2023-09-19T00:00:00.000000,-181974.4622534227,-1181974.4622534227,-118.19744622534228,3,10567.461696882023
2023-09-20T00:00:00.000000,-184660.2664105508,-1184660.2664105508,-118.46602664105508,3,10567.461696882023
2023-09-21T00:00:00.000000,-240914.7263218339,-1240914.726321834,-124.09147263218338,3,10567.461696882023
2023-09-22T00:00:00.000000,-226479.37803683965,-1226479.3780368397,-122.64793780368397,3,10567.461696882023
2023-09-23T00:00:00.000000,-238665.89138014545,-1238665.8913801454,-123.86658913801453,3,10567.461696882023
2023-09-24T00:00:00.000000,-248697.78672718792,-1248697.786727188,-124.8697786727188,3,10567.461696882023
2023-09-25T00:00:00.000000,-252817.5431567356,-1252817.5431567356,-125.28175431567357,3,10567.461696882023
2023-09-26T00:00:00.000000,-275639.6420260703,-1275639.6420260703,-127.56396420260702,3,10567.461696882023
2023-09-27T00:00:00.000000,-273894.17385733617,-1273894.1738573362,-127.38941738573362,3,10567.461696882023
2023-09-28T00:00:00.000000,-264332.3519565449,-1264332.351956545,-126.43323519565448,3,10567.461696882023
2023-09-29T00:00:00.000000,-221216.8803751804,-1221216.8803751804,-122.12168803751804,3,10567.461696882023
2023-09-30T00:00:00.000000,-237183.77938469243,-1237183.7793846924,-123.71837793846925,3,10567.461696882023
2023-10-01T00:00:00.000000,-186813.07413615217,-1186813.0741361522,-118.68130741361523,3,10567.461696882023
2023-10-02T00:00:00.000000,-27747.147721107816,-1027747.1477211078,-102.77471477211077,3,10567.461696882023
2023-10-03T00:00:00.000000,-108618.17185050761,-1108618.1718505076,-110.86181718505077,3,10567.461696882023
2023-10-04T00:00:00.000000,-182090.8892913314,-1182090.8892913314,-118.20908892913313,3,10567.461696882023
2023-10-05T00:00:00.000000,-207112.42614377406,-1207112.426143774,-120.7112426143774,3,10567.461696882023
2023-10-06T00:00:00.000000,-210233.7175220505,-1210233.7175220505,-121.02337175220505,3,10567.461696882023
2023-10-07T00:00:00.000000,-162734.44949761895,-1162734.449497619,-116.27344494976188,3,10567.461696882023
2023-10-08T00:00:00.000000,-170387.3505235028,-1170387.3505235028,-117.03873505235028,3,10567.461696882023
2023-10-09T00:00:00.000000,-187075.27134131198,-1187075.271341312,-118.7075271341312,3,10567.461696882023
2023-10-10T00:00:00.000000,-217604.16934360005,-1217604.1693436,-121.76041693436,3,10567.461696882023
2023-10-11T00:00:00.000000,-268148.600883601,-1268148.600883601,-126.81486008836009,3,10567.461696882023
2023-10-12T00:00:00.000000,-268000.71669748356,-1268000.7166974836,-126.80007166974836,3,10567.461696882023
2023-10-13T00:00:00.000000,-253685.21435978287,-1253685.2143597829,-125.3685214359783,3,10567.461696882023
2023-10-14T00:00:00.000000,-253889.62227331498,-1253889.622273315,-125.38896222733149,3,10567.461696882023
2023-10-15T00:00:00.000000,-239228.48142385576,-1239228.4814238558,-123.92284814238556,3,10567.461696882023
2023-10-16T00:00:00.000000,-209903.90620480687,-1209903.9062048069,-120.9903906204807,3,10567.461696882023
2023-10-17T00:00:00.000000,-262346.7661835153,-1262346.7661835153,-126.23467661835153,3,10567.461696882023
2023-10-18T00:00:00.000000,-256702.30171323335,-1256702.3017132333,-125.67023017132333,3,10567.461696882023
2023-10-19T00:00:00.000000,-318053.48902894533,-1318053.4890289453,-131.80534890289454,3,10567.461696882023
2023-10-20T00:00:00.000000,-294317.06521205907,-1294317.065212059,-129.4317065212059,3,10567.461696882023
2023-10-21T00:00:00.000000,-223634.55844421056,-1223634.5584442106,-122.36345584442105,3,10567.461696882023
2023-10-22T00:00:00.000000,-207340.2688492888,-1207340.2688492888,-120.7340268849289,3,10567.461696882023
2023-10-23T00:00:00.000000,-153016.72107782844,-1153016.7210778284,-115.30167210778284,3,10567.461696882023
2023-10-24T00:00:00.000000,-60794.495851234766,-1060794.4958512348,-106.07944958512347,3,10567.461696882023
2023-10-25T00:00:00.000000,-38910.662124922965,-1038910.662124923,-103.89106621249229,3,10567.461696882023
2023-10-26T00:00:00.000000,-10705.342863315484,-1010705.3428633155,-101.07053428633155,3,10567.461696882023
2023-10-27T00:00:00.000000,-52227.44315772806,-1052227.443157728,-105.22274431577281,3,10567.461696882023
2023-10-28T00:00:00.000000,-2612.65982934949,-1002612.6598293495,-100.26126598293494,3,10567.461696882023
2023-10-29T00:00:00.000000,45104.06073940336,-954895.9392605966,-95.48959392605967,3,10567.461696882023
2023-10-30T00:00:00.000000,47304.210938105825,-952695.7890618942,-95.26957890618942,3,10567.461696882023
2023-10-31T00:00:00.000000,5471.790235784836,-994528.2097642152,-99.45282097642152,3,10567.461696882023
2023-11-01T00:00:00.000000,16438.00435233419,-983561.9956476658,-98.35619956476658,3,10567.461696882023
2023-11-02T00:00:00.000000,75731.76849816018,-924268.2315018398,-92.42682315018398,3,10567.461696882023
2023-11-03T00:00:00.000000,74828.38325991994,-925171.6167400801,-92.51716167400801,3,10567.461696882023
2023-11-04T00:00:00.000000,102159.43823511153,-897840.5617648885,-89.78405617648885,3,10567.461696882023
2023-11-05T00:00:00.000000,142339.47990403348,-857660.5200959665,-85.76605200959665,3,10567.461696882023
2023-11-06T00:00:00.000000,122052.43687129836,-877947.5631287016,-87.79475631287016,3,10567.461696882023
2023-11-07T00:00:00.000000,152092.1798911614,-847907.8201088386,-84.79078201088386,3,10567.461696882023
2023-11-08T00:00:00.000000,158478.4739617121,-841521.5260382879,-84.1521526038288,3,10567.461696882023
2023-11-09T00:00:00.000000,211850.21911526402,-788149.780884736,-78.8149780884736,3,10567.461696882023
2023-11-10T00:00:00.000000,104540.93730296893,-895459.0626970311,-89.5459062697031,3,10567.461696882023
2023-11-11T00:00:00.000000,181091.84524057247,-818908.1547594275,-81.89081547594276,3,10567.461696882023
2023-11-12T00:00:00.000000,235129.1822089902,-764870.8177910098,-76.48708177910098,3,10567.461696882023
2023-11-13T00:00:00.000000,231569.51494698809,-768430.4850530119,-76.8430485053012,3,10567.461696882023
2023-11-14T00:00:00.000000,191706.1986912752,-808293.8013087248,-80.82938013087248,3,10567.461696882023
2023-11-15T00:00:00.000000,276413.885011371,-723586.114988629,-72.3586114988629,3,10567.461696882023
2023-11-16T00:00:00.000000,255659.3802370166,-744340.6197629834,-74.43406197629834,3,10567.461696882023
2023-11-17T00:00:00.000000,237050.96194539987,-762949.0380546001,-76.29490380546001,3,10567.461696882023
2023-11-18T00:00:00.000000,170451.59488075413,-829548.4051192459,-82.95484051192459,3,10567.461696882023
2023-11-19T00:00:00.000000,158830.81790037034,-841169.1820996297,-84.11691820996296,3,10567.461696882023
2023-11-20T00:00:00.000000,344680.11695849174,-655319.8830415083,-65.53198830415083,3,10567.461696882023
2023-11-21T00:00:00.000000,272689.71545384196,-727310.284546158,-72.73102845461581,3,10567.461696882023
2023-11-22T00:00:00.000000,149259.07894929545,-850740.9210507045,-85.07409210507045,3,10567.461696882023
2023-11-23T00:00:00.000000,162600.6098031595,-837399.3901968405,-83.73993901968404,3,10567.461696882023
2023-11-24T00:00:00.000000,215870.623456039,-784129.376543961,-78.4129376543961,3,10567.461696882023
2023-11-25T00:00:00.000000,284407.11087553715,-715592.8891244628,-71.55928891244628,3,10567.461696882023
2023-11-26T00:00:00.000000,242545.58030774049,-757454.4196922595,-75.74544196922595,3,10567.461696882023
2023-11-27T00:00:00.000000,156243.1837340684,-843756.8162659316,-84.37568162659316,3,10567.461696882023
2023-11-28T00:00:00.000000,177689.39746298362,-822310.6025370164,-82.23106025370164,3,10567.461696882023
2023-11-29T00:00:00.000000,167912.87822406483,-832087.1217759352,-83.20871217759351,3,10567.461696882023
2023-11-30T00:00:00.000000,199163.20600480027,-800836.7939951997,-80.08367939951997,3,10567.461696882023
2023-12-01T00:00:00.000000,220221.17128430656,-779778.8287156934,-77.97788287156935,3,10567.461696882023
2023-12-02T00:00:00.000000,275933.74818390864,-724066.2518160914,-72.40662518160914,3,10567.461696882023
2023-12-03T00:00:00.000000,282999.1999195665,-717000.8000804335,-71.70008000804336,3,10567.461696882023
2023-12-04T00:00:00.000000,294749.1577650225,-705250.8422349775,-70.52508422349774,3,10567.461696882023
2023-12-05T00:00:00.000000,281497.83609611867,-718502.1639038813,-71.85021639038813,3,10567.461696882023
2023-12-06T00:00:00.000000,261740.0671758186,-738259.9328241814,-73.82599328241814,3,10567.461696882023
2023-12-07T00:00:00.000000,318047.8939061954,-681952.1060938046,-68.19521060938047,3,10567.461696882023
2023-12-08T00:00:00.000000,367931.2985876028,-632068.7014123972,-63.206870141239726,3,10567.461696882023
2023-12-09T00:00:00.000000,393991.68508439395,-606008.314915606,-60.600831491560605,3,10567.461696882023
2023-12-10T00:00:00.000000,352141.05822620844,-647858.9417737916,-64.78589417737915,3,10567.461696882023
2023-12-11T00:00:00.000000,221829.09845412127,-778170.9015458787,-77.81709015458787,3,10567.461696882023
2023-12-12T00:00:00.000000,232265.7303656023,-767734.2696343977,-76.77342696343977,3,10567.461696882023
2023-12-13T00:00:00.000000,234016.13405804825,-765983.8659419517,-76.59838659419518,3,10567.461696882023
2023-12-14T00:00:00.000000,406044.9546832389,-593955.0453167611,-59.39550453167611,3,10567.461696882023
2023-12-15T00:00:00.000000,421254.3854032408,-578745.6145967592,-57.874561459675924,3,10567.461696882023
2023-12-16T00:00:00.000000,484461.6071295042,-515538.3928704958,-51.55383928704958,3,10567.461696882023
2023-12-17T00:00:00.000000,576295.4475555758,-423704.55244442425,-42.370455244442425,3,10567.461696882023
2023-12-18T00:00:00.000000,358748.6767943611,-641251.3232056389,-64.12513232056389,3,10567.461696882023
2023-12-19T00:00:00.000000,509559.1801820996,-490440.8198179004,-49.04408198179004,3,10567.461696882023
2023-12-20T00:00:00.000000,521803.7290021342,-478196.2709978658,-47.81962709978658,3,10567.461696882023
2023-12-21T00:00:00.000000,760805.8707856846,-239194.12921431544,-23.919412921431544,3,10567.461696882023
2023-12-22T00:00:00.000000,722017.3072587156,-277982.6927412844,-27.79826927412844,3,10567.461696882023
2023-12-23T00:00:00.000000,773649.8735553536,-226350.1264446464,-22.635012644464638,3,10567.461696882023
2023-12-24T00:00:00.000000,800470.6931659754,-199529.3068340246,-19.95293068340246,3,10567.461696882023
2023-12-25T00:00:00.000000,817692.0437493653,-182307.95625063474,-18.230795625063475,3,10567.461696882023
2023-12-26T00:00:00.000000,797688.5695394345,-202311.4304605655,-20.23114304605655,3,10567.461696882023
2023-12-27T00:00:00.000000,679339.9313232151,-320660.06867678487,-32.06600686767849,3,10567.461696882023
2023-12-28T00:00:00.000000,688722.5193915425,-311277.48060845747,-31.127748060845743,3,10567.461696882023
2023-12-29T00:00:00.000000,642570.8928596114,-357429.1071403886,-35.74291071403886,3,10567.461696882023
2023-12-30T00:00:00.000000,622495.6849308417,-377504.3150691583,-37.75043150691583,3,10567.461696882023
2023-12-31T00:00:00.000000,612460.5592497226,-387539.44075027737,-38.75394407502773,3,10567.461696882023
2024-01-01T00:00:00.000000,556318.353006989,-443681.646993011,-44.3681646993011,3,10567.461696882023
2024-01-02T00:00:00.000000,660758.0755441545,-339241.9244558455,-33.92419244558455,3,10567.461696882023
2024-01-03T00:00:00.000000,330422.2239139157,-669577.7760860843,-66.95777760860842,3,10567.461696882023
2024-01-04T00:00:00.000000,350798.56665185024,-649201.4333481498,-64.92014333481497,3,10567.461696882023
2024-01-05T00:00:00.000000,271350.401468782,-728649.598531218,-72.8649598531218,3,10567.461696882023
2024-01-06T00:00:00.000000,222738.55315878778,-777261.4468412122,-77.72614468412122,3,10567.461696882023
2024-01-07T00:00:00.000000,237144.04530995083,-762855.9546900492,-76.28559546900492,3,10567.461696882023
2024-01-08T00:00:00.000000,81657.91476822365,-918342.0852317763,-91.83420852317764,3,10567.461696882023
2024-01-09T00:00:00.000000,236758.2391090896,-763241.7608909104,-76.32417608909104,3,10567.461696882023
2024-01-10T00:00:00.000000,204523.04242627486,-795476.9575737251,-79.54769575737252,3,10567.461696882023
2024-01-11T00:00:00.000000,383439.37527941377,-616560.6247205862,-61.65606247205863,3,10567.461696882023
2024-01-12T00:00:00.000000,448674.5110287962,-551325.4889712038,-55.13254889712038,3,10567.461696882023
2024-01-13T00:00:00.000000,387832.31559742824,-612167.6844025718,-61.21676844025718,3,10567.461696882023
2024-01-14T00:00:00.000000,423558.5662347863,-576441.4337652137,-57.64414337652137,3,10567.461696882023
2024-01-15T00:00:00.000000,427632.42553720996,-572367.57446279,-57.23675744627901,4,10867.461696882023
2024-01-16T00:00:00.000000,368520.2228282341,-631479.7771717659,-63.147977717176595,4,10867.461696882023
2024-01-17T00:00:00.000000,404913.5655723866,-595086.4344276134,-59.50864344276135,4,10867.461696882023
2024-01-18T00:00:00.000000,262576.1825762596,-737423.8174237404,-73.74238174237404,4,10867.461696882023
2024-01-19T00:00:00.000000,61577.096916536335,-938422.9030834637,-93.84229030834636,4,10867.461696882023
2024-01-20T00:00:00.000000,85952.79269623244,-914047.2073037676,-91.40472073037675,4,10867.461696882023
2024-01-21T00:00:00.000000,179532.6080031232,-820467.3919968768,-82.04673919968768,4,10867.461696882023
2024-01-22T00:00:00.000000,41569.87685810402,-958430.123141896,-95.84301231418961,4,11389.853908286752
2024-01-23T00:00:00.000000,-148130.081360484,-1148130.081360484,-114.8130081360484,4,11389.853908286752
2024-01-24T00:00:00.000000,-75465.98124005273,-1075465.9812400527,-107.54659812400527,4,11389.853908286752
2024-01-25T00:00:00.000000,-102345.5667901556,-1102345.5667901556,-110.23455667901555,4,11389.853908286752
2024-01-26T00:00:00.000000,-82161.6055161939,-1082161.605516194,-108.2161605516194,4,11389.853908286752
2024-01-27T00:00:00.000000,39722.59079620382,-960277.4092037962,-96.02774092037963,4,11389.853908286752
2024-01-28T00:00:00.000000,12926.104355709162,-987073.8956442908,-98.70738956442908,4,11389.853908286752
2024-01-29T00:00:00.000000,95448.95858902065,-904551.0414109793,-90.45510414109793,3,11719.684304030017
2024-01-30T00:00:00.000000,132953.5291961443,-867046.4708038557,-86.70464708038557,3,11719.684304030017
2024-01-31T00:00:00.000000,66703.45856394805,-933296.541436052,-93.32965414360518,3,11719.684304030017
2024-02-01T00:00:00.000000,23925.066669974243,-976074.9333300258,-97.60749333300257,3,11719.684304030017
2024-02-02T00:00:00.000000,54894.71514956374,-945105.2848504363,-94.51052848504362,3,11719.684304030017
2024-02-03T00:00:00.000000,90185.56206005416,-909814.4379399458,-90.98144379399459,3,11719.684304030017
2024-02-04T00:00:00.000000,89921.14957884513,-910078.8504211549,-91.00788504211549,3,11719.684304030017
2024-02-05T00:00:00.000000,66606.85883332929,-933393.1411666707,-93.33931411666707,3,11719.684304030017
2024-02-06T00:00:00.000000,98286.30290601822,-901713.6970939818,-90.17136970939818,3,11719.684304030017
2024-02-07T00:00:00.000000,97539.2479495469,-902460.7520504531,-90.2460752050453,3,11719.684304030017
2024-02-08T00:00:00.000000,164256.02443703287,-835743.9755629671,-83.5743975562967,3,11719.684304030017
2024-02-09T00:00:00.000000,181642.1623954808,-818357.8376045192,-81.83578376045192,3,11719.684304030017
2024-02-10T00:00:00.000000,224536.80997102917,-775463.1900289708,-77.54631900289708,3,11719.684304030017
2024-02-11T00:00:00.000000,192067.35686519532,-807932.6431348047,-80.79326431348048,3,11719.684304030017
2024-02-12T00:00:00.000000,199708.34297062992,-800291.6570293701,-80.02916570293701,3,11719.684304030017
2024-02-13T00:00:00.000000,258142.34252946475,-741857.6574705353,-74.18576574705352,3,11719.684304030017
2024-02-14T00:00:00.000000,255080.12082851282,-744919.8791714872,-74.49198791714872,3,11719.684304030017
2024-02-15T00:00:00.000000,351995.12063619704,-648004.879363803,-64.80048793638029,3,11719.684304030017
2024-02-16T00:00:00.000000,1241837.5821271103,241837.58212711033,24.183758212711034,3,11719.684304030017
2024-02-17T00:00:00.000000,1563728.792080269,563728.792080269,56.372879208026895,3,11719.684304030017
2024-02-18T00:00:00.000000,2192185.1257831343,1192185.1257831343,119.21851257831342,3,11719.684304030017
2024-02-19T00:00:00.000000,2306498.5150636286,1306498.5150636286,130.64985150636286,2,12584.958586868466
2024-02-20T00:00:00.000000,2273230.7061859323,1273230.7061859323,127.32307061859322,2,12584.958586868466
2024-02-21T00:00:00.000000,2246871.561941075,1246871.5619410751,124.6871561941075,2,12584.958586868466
2024-02-22T00:00:00.000000,2673426.514188608,1673426.5141886082,167.3426514188608,2,12584.958586868466
2024-02-23T00:00:00.000000,2684445.379582052,1684445.3795820521,168.44453795820522,2,12584.958586868466
2024-02-24T00:00:00.000000,2742119.58239606,1742119.5823960602,174.21195823960602,2,12584.958586868466
2024-02-25T00:00:00.000000,2764425.1767493975,1764425.1767493975,176.44251767493975,2,12584.958586868466
2024-02-26T00:00:00.000000,2689692.4374593133,1689692.4374593133,168.96924374593135,1,13005.645519359583
2024-02-27T00:00:00.000000,2691525.359560124,1691525.359560124,169.1525359560124,1,13005.645519359583
2024-02-28T00:00:00.000000,2699350.526990508,1699350.5269905082,169.93505269905083,1,13005.645519359583
2024-02-29T00:00:00.000000,2729699.487159701,1729699.487159701,172.9699487159701,1,13005.645519359583
2024-03-01T00:00:00.000000,2731179.924241125,1731179.9242411251,173.11799242411251,1,13005.645519359583
2024-03-02T00:00:00.000000,2763397.055013067,1763397.055013067,176.3397055013067,1,13005.645519359583
2024-03-03T00:00:00.000000,2757440.058185432,1757440.058185432,175.7440058185432,1,13005.645519359583
2024-03-04T00:00:00.000000,2766957.1537088724,1766957.1537088724,176.69571537088723,1,13005.645519359583
2024-03-05T00:00:00.000000,2775804.527695478,1775804.527695478,177.5804527695478,1,13005.645519359583
2024-03-06T00:00:00.000000,2740732.2682665037,1740732.2682665037,174.07322682665037,1,13005.645519359583
2024-03-07T00:00:00.000000,2787119.2968177907,1787119.2968177907,178.71192968177908,1,13005.645519359583
2024-03-08T00:00:00.000000,2782572.2400677023,1782572.2400677023,178.25722400677023,1,13005.645519359583
2024-03-09T00:00:00.000000,2784299.416662697,1784299.4166626972,178.42994166626974,1,13005.645519359583
2024-03-10T00:00:00.000000,2801077.7035855027,1801077.7035855027,180.10777035855028,1,13005.645519359583
2024-03-11T00:00:00.000000,2815282.849866786,1815282.849866786,181.5282849866786,1,13005.645519359583
2024-03-12T00:00:00.000000,2813167.939750466,1813167.939750466,181.3167939750466,1,13005.645519359583
2024-03-13T00:00:00.000000,2830933.184727554,1830933.1847275542,183.09331847275544,1,13005.645519359583
2024-03-14T00:00:00.000000,2819865.155118813,1819865.1551188128,181.98651551188127,1,13005.645519359583
2024-03-15T00:00:00.000000,2768719.578805806,1768719.578805806,176.87195788058062,1,13005.645519359583
2024-03-16T00:00:00.000000,2757122.821667984,1757122.8216679841,175.71228216679842,1,13005.645519359583
2024-03-17T00:00:00.000000,2735973.720504784,1735973.720504784,173.5973720504784,1,13005.645519359583
2024-03-18T00:00:00.000000,2729628.9901558235,1729628.9901558235,172.96289901558234,1,13005.645519359583
2024-03-19T00:00:00.000000,2707281.439926708,1707281.4399267081,170.72814399267082,1,13005.645519359583
2024-03-20T00:00:00.000000,2685215.8777131024,1685215.8777131024,168.52158777131024,1,13005.645519359583
2024-03-21T00:00:00.000000,2717996.9845160632,1717996.9845160632,171.79969845160633,1,13005.645519359583
2024-03-22T00:00:00.000000,2718596.209049021,1718596.209049021,171.8596209049021,1,13005.645519359583
2024-03-23T00:00:00.000000,2718737.2030567755,1718737.2030567755,171.87372030567755,1,13005.645519359583
2024-03-24T00:00:00.000000,2727161.595020117,1727161.5950201168,172.71615950201166,1,13005.645519359583
2024-03-25T00:00:00.000000,2735480.241477642,1735480.2414776422,173.54802414776424,1,13005.645519359583
2024-03-26T00:00:00.000000,2772068.1864899793,1772068.1864899793,177.2068186489979,1,13005.645519359583
2024-03-27T00:00:00.000000,2781550.033511481,1781550.0335114808,178.15500335114808,1,13005.645519359583
2024-03-28T00:00:00.000000,2781338.542499849,1781338.542499849,178.13385424998492,1,13005.645519359583
2024-03-29T00:00:00.000000,2787577.5273429933,1787577.5273429933,178.75775273429932,1,13005.645519359583
2024-03-30T00:00:00.000000,2780422.0814494435,1780422.0814494435,178.04220814494437,1,13005.645519359583
2024-03-31T00:00:00.000000,2781056.5544843394,1781056.5544843394,178.10565544843396,1,13005.645519359583
2024-04-01T00:00:00.000000,2743093.9178963946,1743093.9178963946,174.30939178963948,1,13005.645519359583
2024-04-02T00:00:00.000000,2725363.9214212447,1725363.9214212447,172.5363921421245,1,13005.645519359583
2024-04-03T00:00:00.000000,2726315.6309735887,1726315.6309735887,172.63156309735888,1,13005.645519359583
2024-04-04T00:00:00.000000,2722720.2837758446,1722720.2837758446,172.27202837758446,1,13005.645519359583
2024-04-05T00:00:00.000000,2726209.885467773,1726209.8854677728,172.62098854677728,1,13005.645519359583
2024-04-06T00:00:00.000000,2724870.4423941034,1724870.4423941034,172.48704423941035,1,13005.645519359583
2024-04-07T00:00:00.000000,2733788.3133845865,1733788.3133845865,173.37883133845864,1,13005.645519359583
2024-04-08T00:00:00.000000,2737454.1575862076,1737454.1575862076,173.74541575862077,1,13005.645519359583
2024-04-09T00:00:00.000000,2761352.6419006246,1761352.6419006246,176.13526419006246,1,13005.645519359583
2024-04-10T00:00:00.000000,2752364.2739062645,1752364.2739062645,175.23642739062643,1,13005.645519359583
2024-04-11T00:00:00.000000,2780774.56646883,1780774.5664688302,178.077456646883,1,13005.645519359583
2024-04-12T00:00:00.000000,2785674.108238305,1785674.108238305,178.5674108238305,1,13005.645519359583
2024-04-13T00:00:00.000000,2693816.5121861375,1693816.5121861375,169.38165121861374,1,13005.645519359583
2024-04-14T00:00:00.000000,2660295.1868424644,1660295.1868424644,166.02951868424645,1,13005.645519359583
2024-04-15T00:00:00.000000,2710594.799108943,1710594.799108943,171.0594799108943,1,13005.645519359583
2024-04-16T00:00:00.000000,2672632.162520998,1672632.1625209982,167.26321625209982,1,13005.645519359583
2024-04-17T00:00:00.000000,2666216.9351681606,1666216.9351681606,166.62169351681607,1,13005.645519359583
2024-04-18T00:00:00.000000,2665970.1956545897,1665970.1956545897,166.59701956545896,1,13005.645519359583
2024-04-19T00:00:00.000000,2676298.0067226198,1676298.0067226198,167.62980067226198,1,13005.645519359583
2024-04-20T00:00:00.000000,2675945.521703233,1675945.521703233,167.5945521703233,1,13005.645519359583
2024-04-21T00:00:00.000000,2691278.620046553,1691278.6200465532,169.12786200465533,1,13005.645519359583
2024-04-22T00:00:00.000000,2693005.796641548,1693005.7966415482,169.3005796641548,1,13005.645519359583
2024-04-23T00:00:00.000000,2688247.2488798276,1688247.2488798276,168.82472488798274,1,13005.645519359583
2024-04-24T00:00:00.000000,2681514.7850095425,1681514.7850095425,168.15147850095425,1,13005.645519359583
2024-04-25T00:00:00.000000,2687683.272848809,1687683.2728488091,168.7683272848809,1,13005.645519359583
2024-04-26T00:00:00.000000,2676121.7642129264,1676121.7642129264,167.61217642129265,1,13005.645519359583
2024-04-27T00:00:00.000000,2673971.6055946676,1673971.6055946676,167.39716055946676,1,13005.645519359583
2024-04-28T00:00:00.000000,2679928.602422302,1679928.6024223021,167.99286024223022,1,13005.645519359583
2024-04-29T00:00:00.000000,2669001.5668213153,1669001.5668213153,166.90015668213155,1,13005.645519359583
2024-04-30T00:00:00.000000,2647323.7381290346,1647323.7381290346,164.73237381290346,1,13005.645519359583
2024-05-01T00:00:00.000000,2639815.8072160985,1639815.8072160985,163.98158072160984,1,13005.645519359583
2024-05-02T00:00:00.000000,2647076.998615464,1647076.9986154642,164.70769986154642,1,13005.645519359583
2024-05-03T00:00:00.000000,2660295.1868424644,1660295.1868424644,166.02951868424645,1,13005.645519359583
2024-05-04T00:00:00.000000,2668649.0818019286,1668649.0818019286,166.86490818019286,1,13005.645519359583
2024-05-05T00:00:00.000000,2672420.671509366,1672420.671509366,167.24206715093658,1,13005.645519359583
2024-05-06T00:00:00.000000,2665547.213631326,1665547.2136313259,166.5547213631326,1,13005.645519359583
2024-05-07T00:00:00.000000,2664031.528047963,1664031.528047963,166.4031528047963,1,13005.645519359583
2024-05-08T00:00:00.000000,2655395.6450729896,1655395.6450729896,165.53956450729896,1,13005.645519359583
2024-05-09T00:00:00.000000,2657263.815675739,1657263.8156757392,165.72638156757392,1,13005.645519359583
2024-05-10T00:00:00.000000,2649262.4057356613,1649262.4057356613,164.92624057356613,1,13005.645519359583
2024-05-11T00:00:00.000000,2648804.1752104587,1648804.1752104587,164.88041752104587,1,13005.645519359583
2024-05-12T00:00:00.000000,2641507.7353091547,1641507.7353091547,164.15077353091547,1,13005.645519359583
2024-05-13T00:00:00.000000,2644010.3789468,1644010.3789467998,164.40103789467997,1,13005.645519359583
2024-05-14T00:00:00.000000,2640591.274258749,1640591.274258749,164.05912742587492,1,13005.645519359583
2024-05-15T00:00:00.000000,2647676.2231484214,1647676.2231484214,164.76762231484216,1,13005.645519359583
2024-05-16T00:00:00.000000,2653033.9954430987,1653033.9954430987,165.30339954430988,1,13005.645519359583
2024-05-17T00:00:00.000000,2659625.4653056297,1659625.4653056297,165.96254653056297,1,13005.645519359583
2024-05-18T00:00:00.000000,2662586.3394684778,1662586.3394684778,166.25863394684777,1,13005.645519359583
2024-05-19T00:00:00.000000,2663185.564001435,1663185.564001435,166.3185564001435,1,13005.645519359583
2024-05-20T00:00:00.000000,2655166.1420768667,1655166.1420768667,165.51661420768667,2,13305.645519359583
2024-05-21T00:00:00.000000,2887740.001360979,1887740.001360979,188.7740001360979,2,13305.645519359583
2024-05-22T00:00:00.000000,2916326.000091321,1916326.0000913208,191.6326000091321,2,13305.645519359583
2024-05-23T00:00:00.000000,3040996.188718049,2040996.1887180489,204.0996188718049,2,13305.645519359583
2024-05-24T00:00:00.000000,3006639.0814873483,2006639.0814873483,200.66390814873483,2,13305.645519359583
2024-05-25T00:00:00.000000,3080421.374133951,2080421.374133951,208.04213741339512,2,13305.645519359583
2024-05-26T00:00:00.000000,3026160.5794608654,2026160.5794608654,202.61605794608656,2,13305.645519359583
2024-05-27T00:00:00.000000,3211293.9684361992,2211293.9684361992,221.12939684361993,1,13769.186200532715
2024-05-28T00:00:00.000000,3197018.325151039,2197018.325151039,219.7018325151039,1,13769.186200532715
2024-05-29T00:00:00.000000,3204209.019546527,2204209.019546527,220.42090195465272,1,13769.186200532715
2024-05-30T00:00:00.000000,3194374.6875056387,2194374.6875056387,219.43746875056388,1,13769.186200532715
2024-05-31T00:00:00.000000,3189862.879257489,2189862.879257489,218.98628792574888,1,13769.186200532715
2024-06-01T00:00:00.000000,3188347.1936741266,2188347.1936741266,218.83471936741267,1,13769.186200532715
2024-06-02T00:00:00.000000,3186091.2895500516,2186091.2895500516,218.60912895500516,1,13769.186200532715
2024-06-03T00:00:00.000000,3188981.6667090226,2188981.6667090226,218.89816667090227,1,13769.186200532715
2024-06-04T00:00:00.000000,3182954.1728775105,2182954.1728775105,218.29541728775106,1,13769.186200532715
2024-06-05T00:00:00.000000,3191308.0678369747,2191308.0678369747,219.1308067836975,1,13769.186200532715
2024-06-06T00:00:00.000000,3188452.9391799425,2188452.9391799425,218.84529391799424,1,13769.186200532715
2024-06-07T00:00:00.000000,3189475.145736164,2189475.145736164,218.9475145736164,1,13769.186200532715
2024-06-08T00:00:00.000000,3150490.302591997,2150490.302591997,215.04903025919972,1,13769.186200532715
2024-06-09T00:00:00.000000,3159372.9250805415,2159372.9250805415,215.93729250805413,1,13769.186200532715
2024-06-10T00:00:00.000000,3154085.6497897417,2154085.6497897417,215.40856497897417,1,13769.186200532715
2024-06-11T00:00:00.000000,3144780.045277933,2144780.045277933,214.47800452779333,1,13769.186200532715
2024-06-12T00:00:00.000000,3147212.191911701,2147212.191911701,214.72121919117012,1,13769.186200532715
2024-06-13T00:00:00.000000,3153415.928252907,2153415.928252907,215.3415928252907,1,13769.186200532715
2024-06-14T00:00:00.000000,3141713.425609269,2141713.425609269,214.17134256092694,1,13769.186200532715
2024-06-15T00:00:00.000000,3147635.1739349654,2147635.1739349654,214.76351739349653,1,13769.186200532715
2024-06-16T00:00:00.000000,3147317.9374175174,2147317.9374175174,214.73179374175174,1,13769.186200532715
2024-06-17T00:00:00.000000,3131174.1235296074,2131174.1235296074,213.11741235296074,1,13769.186200532715
2024-06-18T00:00:00.000000,3100684.16935266,2100684.16935266,210.06841693526601,1,13769.186200532715
2024-06-19T00:00:00.000000,3109038.064312124,2109038.064312124,210.90380643121242,1,13769.186200532715
2024-06-20T00:00:00.000000,3114959.8126378204,2114959.8126378204,211.49598126378203,1,13769.186200532715
2024-06-21T00:00:00.000000,3114184.34559517,2114184.34559517,211.41843455951695,1,13769.186200532715
2024-06-22T00:00:00.000000,3114572.0791164953,2114572.0791164953,211.45720791164956,1,13769.186200532715
2024-06-23T00:00:00.000000,3116863.2317425087,2116863.2317425087,211.68632317425087,1,13769.186200532715
2024-06-24T00:00:00.000000,3109320.052327634,2109320.052327634,210.93200523276337,1,13769.186200532715
2024-06-25T00:00:00.000000,3121480.7854964742,2121480.7854964742,212.1480785496474,1,13769.186200532715
2024-06-26T00:00:00.000000,3109778.2828528364,2109778.2828528364,210.97782828528366,1,13769.186200532715
2024-06-27T00:00:00.000000,3117532.9532793434,2117532.9532793434,211.75329532793435,1,13769.186200532715
2024-06-28T00:00:00.000000,3119542.117889847,2119542.117889847,211.95421178898474,1,13769.186200532715
2024-06-29T00:00:00.000000,3114642.5761203724,2114642.5761203724,211.46425761203722,1,13769.186200532715
2024-06-30T00:00:00.000000,3115664.782676594,2115664.782676594,211.5664782676594,1,13769.186200532715
2024-07-01T00:00:00.000000,3118801.8993491353,2118801.8993491353,211.88018993491355,1,13769.186200532715
2024-07-02T00:00:00.000000,3095220.651552167,2095220.6515521668,209.52206515521667,1,13769.186200532715
2024-07-03T00:00:00.000000,3099309.477777052,2099309.477777052,209.9309477777052,1,13769.186200532715
2024-07-04T00:00:00.000000,3089122.660716777,2089122.6607167772,208.9122660716777,1,13769.186200532715
2024-07-05T00:00:00.000000,3069453.9966350007,2069453.9966350007,206.94539966350004,1,13769.186200532715
2024-07-06T00:00:00.000000,3081121.2507766997,2081121.2507766997,208.11212507767,1,13769.186200532715
2024-07-07T00:00:00.000000,3083729.639920161,2083729.639920161,208.37296399201614,1,13769.186200532715
2024-07-08T00:00:00.000000,3073225.586342438,2073225.5863424381,207.3225586342438,1,13769.186200532715
2024-07-09T00:00:00.000000,3082108.2088309824,2082108.2088309824,208.21082088309825,1,13769.186200532715
2024-07-10T00:00:00.000000,3085915.047040358,2085915.0470403582,208.59150470403583,1,13769.186200532715
2024-07-11T00:00:00.000000,3085879.79853842,2085879.79853842,208.587979853842,1,13769.186200532715
2024-07-12T00:00:00.000000,3084434.6099589346,2084434.6099589346,208.44346099589347,1,13769.186200532715
2024-07-13T00:00:00.000000,3086302.7805616837,2086302.7805616837,208.63027805616835,1,13769.186200532715
2024-07-14T00:00:00.000000,3090744.091805956,2090744.0918059559,209.07440918059558,1,13769.186200532715
2024-07-15T00:00:00.000000,3098075.7802091986,2098075.7802091986,209.80757802091986,1,13769.186200532715
2024-07-16T00:00:00.000000,3104068.0255387723,2104068.0255387723,210.4068025538772,1,13769.186200532715
2024-07-17T00:00:00.000000,3107381.384721007,2107381.384721007,210.73813847210073,1,13769.186200532715
2024-07-18T00:00:00.000000,3097441.3071743026,2097441.3071743026,209.74413071743027,1,13769.186200532715
2024-07-19T00:00:00.000000,3103821.2860252014,2103821.2860252014,210.3821286025201,1,13769.186200532715
2024-07-20T00:00:00.000000,3107733.8697403935,2107733.8697403935,210.77338697403937,1,13769.186200532715
2024-07-21T00:00:00.000000,3106852.657191927,2106852.657191927,210.6852657191927,1,13769.186200532715
2024-07-22T00:00:00.000000,3100860.4118623533,2100860.4118623533,210.08604118623535,1,13769.186200532715
2024-07-23T00:00:00.000000,3096701.088633591,2096701.0886335908,209.6701088633591,1,13769.186200532715
2024-07-24T00:00:00.000000,3097053.573652977,2097053.5736529771,209.7053573652977,1,13769.186200532715
2024-07-25T00:00:00.000000,3086549.5200752546,2086549.5200752546,208.65495200752545,1,13769.186200532715
2024-07-26T00:00:00.000000,3091625.3043544227,2091625.3043544227,209.16253043544225,1,13769.186200532715
2024-07-27T00:00:00.000000,3105830.4506357056,2105830.4506357056,210.58304506357058,1,13769.186200532715
2024-07-28T00:00:00.000000,3105019.7350911163,2105019.7350911163,210.50197350911165,1,13769.186200532715
2024-07-29T00:00:00.000000,3104226.256063975,2104226.256063975,210.4226256063975,2,14069.186200532715
2024-07-30T00:00:00.000000,3107678.9947177386,2107678.9947177386,210.7678994717739,2,14069.186200532715
2024-07-31T00:00:00.000000,3063498.812210299,2063498.812210299,206.3498812210299,2,14069.186200532715
2024-08-01T00:00:00.000000,3023121.431571672,2023121.4315716722,202.31214315716724,2,14069.186200532715
2024-08-02T00:00:00.000000,3006278.748474497,2006278.7484744969,200.6278748474497,2,14069.186200532715
2024-08-03T00:00:00.000000,2950690.7889710357,1950690.7889710357,195.06907889710357,2,14069.186200532715
2024-08-04T00:00:00.000000,2879474.6481612436,1879474.6481612436,187.94746481612435,2,14069.186200532715
2024-08-05T00:00:00.000000,2647244.677029019,1647244.6770290192,164.72446770290193,1,14253.623970384413
2024-08-06T00:00:00.000000,2665750.1405468197,1665750.1405468197,166.57501405468196,1,14253.623970384413
2024-08-07T00:00:00.000000,2664058.2124537635,1664058.2124537635,166.40582124537636,1,14253.623970384413
2024-08-08T00:00:00.000000,2678333.855738924,1678333.855738924,167.83338557389237,1,14253.623970384413
2024-08-09T00:00:00.000000,2682246.439454116,1682246.439454116,168.2246439454116,1,14253.623970384413
2024-08-10T00:00:00.000000,2684044.113052988,1684044.113052988,168.4044113052988,1,14253.623970384413
2024-08-11T00:00:00.000000,2681858.7059327904,1681858.7059327904,168.18587059327905,1,14253.623970384413
2024-08-12T00:00:00.000000,2678703.5772757586,1678703.5772757586,167.87035772757585,2,14553.623970384413
2024-08-13T00:00:00.000000,2718340.7598905144,1718340.7598905144,171.83407598905146,2,14553.623970384413
2024-08-14T00:00:00.000000,2752015.36303942,1752015.36303942,175.201536303942,2,14553.623970384413
2024-08-15T00:00:00.000000,2677443.690257431,1677443.690257431,167.7443690257431,2,14553.623970384413
2024-08-16T00:00:00.000000,2679049.1894816626,1679049.1894816626,167.90491894816626,2,14553.623970384413
2024-08-17T00:00:00.000000,2695898.15586017,1695898.1558601698,169.58981558601698,2,14553.623970384413
2024-08-18T00:00:00.000000,2723475.670188926,1723475.6701889262,172.34756701889262,2,14553.623970384413
2024-08-19T00:00:00.000000,2687656.1584240003,1687656.1584240003,168.76561584240002,1,14856.728487151946
2024-08-20T00:00:00.000000,2692978.682216739,1692978.6822167388,169.29786822167387,1,14856.728487151946
2024-08-21T00:00:00.000000,2692485.2031895975,1692485.2031895975,169.24852031895975,1,14856.728487151946
2024-08-22T00:00:00.000000,2695516.574356323,1695516.574356323,169.5516574356323,1,14856.728487151946
2024-08-23T00:00:00.000000,2709192.993108526,1709192.9931085259,170.91929931085258,1,14856.728487151946
2024-08-24T00:00:00.000000,2707360.071007715,1707360.071007715,170.7360071007715,1,14856.728487151946
2024-08-25T00:00:00.000000,2712189.1157733127,1712189.1157733127,171.21891157733126,1,14856.728487151946
2024-08-26T00:00:00.000000,2704486.9303661925,1704486.9303661925,170.44869303661926,2,15156.728487151946
2024-08-27T00:00:00.000000,2675438.093065514,1675438.0930655142,167.54380930655142,2,15156.728487151946
2024-08-28T00:00:00.000000,2612894.436876523,1612894.4368765228,161.28944368765227,2,15156.728487151946
2024-08-29T00:00:00.000000,2639600.7620275384,1639600.7620275384,163.96007620275384,2,15156.728487151946
2024-08-30T00:00:00.000000,2624618.84214773,1624618.8421477298,162.461884214773,2,15156.728487151946
2024-08-31T00:00:00.000000,2656810.849037983,1656810.849037983,165.68108490379828,2,15156.728487151946
2024-09-01T00:00:00.000000,2621022.6349986647,1621022.6349986647,162.10226349986647,2,15156.728487151946
2024-09-02T00:00:00.000000,2623948.855577224,1623948.855577224,162.3948855577224,1,15441.746683674388
2024-09-03T00:00:00.000000,2633254.460089032,1633254.460089032,163.32544600890319,1,15441.746683674388
2024-09-04T00:00:00.000000,2627297.4632613976,1627297.4632613976,162.72974632613975,1,15441.746683674388
2024-09-05T00:00:00.000000,2627685.1967827226,1627685.1967827226,162.76851967827227,1,15441.746683674388
2024-09-06T00:00:00.000000,2614572.7540615383,1614572.7540615383,161.45727540615383,1,15441.746683674388
2024-09-07T00:00:00.000000,2618978.8168038717,1618978.8168038717,161.89788168038717,1,15441.746683674388
2024-09-08T00:00:00.000000,2616194.185150717,1616194.185150717,161.6194185150717,1,15441.746683674388
2024-09-09T00:00:00.000000,2622961.897522941,1622961.8975229412,162.2961897522941,1,15441.746683674388
2024-09-10T00:00:00.000000,2626557.2447206853,1626557.2447206853,162.65572447206853,1,15441.746683674388
2024-09-11T00:00:00.000000,2624019.3525811015,1624019.3525811015,162.40193525811014,1,15441.746683674388
2024-09-12T00:00:00.000000,2624653.8256159974,1624653.8256159974,162.46538256159974,1,15441.746683674388
2024-09-13T00:00:00.000000,2627826.190790477,1627826.1907904772,162.78261907904772,1,15441.746683674388
2024-09-14T00:00:00.000000,2627262.214759459,1627262.2147594588,162.7262214759459,1,15441.746683674388
2024-09-15T00:00:00.000000,2626345.753709053,1626345.7537090532,162.6345753709053,1,15441.746683674388
2024-09-16T00:00:00.000000,2619665.7748581544,1619665.7748581544,161.96657748581544,2,15741.746683674388
2024-09-17T00:00:00.000000,2616485.287238448,1616485.287238448,161.64852872384478,2,15741.746683674388
2024-09-18T00:00:00.000000,2653513.324186691,1653513.324186691,165.3513324186691,2,15741.746683674388
2024-09-19T00:00:00.000000,2684458.1710321303,1684458.1710321303,168.44581710321302,2,15741.746683674388
2024-09-20T00:00:00.000000,2719614.615059885,1719614.6150598852,171.96146150598852,2,15741.746683674388
2024-09-21T00:00:00.000000,2724792.5069150673,1724792.5069150673,172.47925069150673,2,15741.746683674388
2024-09-22T00:00:00.000000,2713887.5445541665,1713887.5445541665,171.38875445541666,2,15741.746683674388
2024-09-23T00:00:00.000000,2728916.8751167865,1728916.8751167865,172.89168751167864,1,16066.445295736019
2024-09-24T00:00:00.000000,2738398.722138288,1738398.722138288,173.83987221382878,1,16066.445295736019
2024-09-25T00:00:00.000000,2737975.740115024,1737975.7401150241,173.79757401150243,1,16066.445295736019
2024-09-26T00:00:00.000000,2741289.099297259,1741289.099297259,174.1289099297259,1,16066.445295736019
2024-09-27T00:00:00.000000,2740795.6202701177,1740795.6202701177,174.07956202701175,1,16066.445295736019
2024-09-28T00:00:00.000000,2744778.7009891868,1744778.7009891868,174.4778700989187,1,16066.445295736019
2024-09-29T00:00:00.000000,2735825.5814967654,1735825.5814967654,173.58255814967654,1,16066.445295736019
2024-09-30T00:00:00.000000,2731948.2462835116,1731948.2462835116,173.19482462835117,1,16066.445295736019
2024-10-01T00:00:00.000000,2732265.48280096,1732265.48280096,173.226548280096,1,16066.445295736019
2024-10-02T00:00:00.000000,2714077.2558006076,1714077.2558006076,171.40772558006077,1,16066.445295736019
2024-10-03T00:00:00.000000,2706957.0584089966,1706957.0584089966,170.69570584089965,1,16066.445295736019
2024-10-04T00:00:00.000000,2706675.0703934873,1706675.0703934873,170.66750703934875,1,16066.445295736019
2024-10-05T00:00:00.000000,2711010.636131943,1711010.6361319432,171.10106361319433,1,16066.445295736019
2024-10-06T00:00:00.000000,2716791.390449885,1716791.3904498848,171.6791390449885,1,16066.445295736019
2024-10-07T00:00:00.000000,2721796.6777251754,1721796.6777251754,172.17966777251755,1,16066.445295736019
2024-10-08T00:00:00.000000,2715980.6749052955,1715980.6749052955,171.59806749052956,1,16066.445295736019
2024-10-09T00:00:00.000000,2713689.522279282,1713689.522279282,171.36895222792822,1,16066.445295736019
2024-10-10T00:00:00.000000,2709248.21103501,1709248.21103501,170.924821103501,1,16066.445295736019
2024-10-11T00:00:00.000000,2712314.830703674,1712314.830703674,171.2314830703674,1,16066.445295736019
2024-10-12T00:00:00.000000,2722360.6537561943,1722360.6537561943,172.23606537561943,1,16066.445295736019
2024-10-13T00:00:00.000000,2722572.1447678264,1722572.1447678264,172.25721447678265,1,16066.445295736019
2024-10-14T00:00:00.000000,2718659.5610526344,1718659.5610526344,171.86595610526342,1,16066.445295736019
2024-10-15T00:00:00.000000,2718659.5610526344,1718659.5610526344,171.86595610526342,1,16066.445295736019
2024-10-16T00:00:00.000000,2720598.228659261,1720598.228659261,172.0598228659261,1,16066.445295736019
2024-10-17T00:00:00.000000,2716826.6389518236,1716826.6389518236,171.68266389518237,1,16066.445295736019
2024-10-18T00:00:00.000000,2715874.9293994796,1715874.9293994796,171.58749293994796,1,16066.445295736019
2024-10-19T00:00:00.000000,2723876.339339557,1723876.339339557,172.3876339339557,1,16066.445295736019
2024-10-20T00:00:00.000000,2721408.9442038503,1721408.9442038503,172.14089442038502,1,16066.445295736019
2024-10-21T00:00:00.000000,2721408.9442038503,1721408.9442038503,172.14089442038502,1,16066.445295736019
2024-10-22T00:00:00.000000,2717813.5970061063,1717813.5970061063,171.78135970061064,1,16066.445295736019
2024-10-23T00:00:00.000000,2708014.5134671563,1708014.5134671563,170.80145134671562,1,16066.445295736019
2024-10-24T00:00:00.000000,2710235.1690892926,1710235.1690892926,171.02351690892928,1,16066.445295736019
2024-10-25T00:00:00.000000,2707556.2829419537,1707556.2829419537,170.75562829419536,1,16066.445295736019
2024-10-26T00:00:00.000000,2698109.684422391,1698109.684422391,169.8109684422391,1,16066.445295736019
2024-10-27T00:00:00.000000,2700823.819071668,1700823.8190716682,170.08238190716682,1,16066.445295736019
2024-10-28T00:00:00.000000,2702550.995666663,1702550.9956666632,170.2550995666663,1,16066.445295736019
2024-10-29T00:00:00.000000,2712526.321715306,1712526.321715306,171.2526321715306,1,16066.445295736019
2024-10-30T00:00:00.000000,2713407.534263773,1713407.534263773,171.3407534263773,1,16066.445295736019
2024-10-31T00:00:00.000000,2702269.007651154,1702269.007651154,170.2269007651154,1,16066.445295736019
2024-11-01T00:00:00.000000,2698567.9149475936,1698567.9149475936,169.85679149475936,1,16066.445295736019
2024-11-02T00:00:00.000000,2697827.696406882,1697827.6964068818,169.78276964068817,1,16066.445295736019
2024-11-03T00:00:00.000000,2693386.3851626096,1693386.3851626096,169.33863851626097,1,16066.445295736019
2024-11-04T00:00:00.000000,2691059.9840346575,1691059.9840346575,169.10599840346575,1,16066.445295736019
2024-11-05T00:00:00.000000,2694620.082730463,1694620.0827304628,169.46200827304628,1,16066.445295736019
2024-11-06T00:00:00.000000,2709776.93856409,1709776.93856409,170.977693856409,1,16066.445295736019
2024-11-07T00:00:00.000000,2712773.061228877,1712773.061228877,171.2773061228877,1,16066.445295736019
2024-11-08T00:00:00.000000,2708930.974517562,1708930.974517562,170.8930974517562,1,16066.445295736019
2024-11-09T00:00:00.000000,2716262.6629208047,1716262.6629208047,171.62626629208046,1,16066.445295736019
2024-11-10T00:00:00.000000,2729939.081673008,1729939.081673008,172.99390816730082,1,16066.445295736019
2024-11-11T00:00:00.000000,2739843.9107177733,1739843.9107177733,173.9843910717773,1,16066.445295736019
2024-11-12T00:00:00.000000,2739103.6921770615,1739103.6921770615,173.91036921770615,1,16066.445295736019
2024-11-13T00:00:00.000000,2735332.102469624,1735332.102469624,173.5332102469624,1,16066.445295736019
2024-11-14T00:00:00.000000,2723841.0908376183,1723841.0908376183,172.3841090837618,1,16066.445295736019
2024-11-15T00:00:00.000000,2730714.5487156585,1730714.5487156585,173.07145487156586,1,16066.445295736019
2024-11-16T00:00:00.000000,2754507.287524259,1754507.2875242592,175.4507287524259,1,16066.445295736019
2024-11-17T00:00:00.000000,2758772.356258838,1758772.356258838,175.8772356258838,1,16066.445295736019
2024-11-18T00:00:00.000000,2750030.7277780483,1750030.7277780483,175.00307277780482,1,16066.445295736019
2024-11-19T00:00:00.000000,2766280.287171774,1766280.287171774,176.6280287171774,1,16066.445295736019
2024-11-20T00:00:00.000000,2750312.715793558,1750312.715793558,175.03127157935577,1,16066.445295736019
2024-11-21T00:00:00.000000,2762861.1824837234,1762861.1824837234,176.28611824837236,1,16066.445295736019
2024-11-22T00:00:00.000000,2771779.0534742065,1771779.0534742065,177.17790534742065,1,16066.445295736019
2024-11-23T00:00:00.000000,2781014.160982137,1781014.160982137,178.10141609821372,1,16066.445295736019
2024-11-24T00:00:00.000000,2788663.0859028283,1788663.0859028283,178.86630859028284,1,16066.445295736019
2024-11-25T00:00:00.000000,2800577.0795580978,1800577.0795580978,180.05770795580978,1,16066.445295736019
2024-11-26T00:00:00.000000,2798814.6544611645,1798814.6544611645,179.88146544611647,1,16066.445295736019
2024-11-27T00:00:00.000000,2809600.6960543967,1809600.6960543967,180.96006960543966,1,16066.445295736019
2024-11-28T00:00:00.000000,2816333.159924682,1816333.1599246822,181.63331599246823,1,16066.445295736019
2024-11-29T00:00:00.000000,2815980.6749052955,1815980.6749052955,181.59806749052956,1,16066.445295736019
2024-11-30T00:00:00.000000,2844813.9494911255,1844813.9494911255,184.48139494911254,1,16066.445295736019
2024-12-01T00:00:00.000000,2854930.269547523,1854930.269547523,185.49302695475228,1,16066.445295736019
2024-12-02T00:00:00.000000,2857908.380227819,1857908.380227819,185.7908380227819,2,16366.445295736019
2024-12-03T00:00:00.000000,2860506.380917713,1860506.380917713,186.0506380917713,2,16366.445295736019
2024-12-04T00:00:00.000000,2982076.8229954885,1982076.8229954885,198.20768229954885,2,16366.445295736019
2024-12-05T00:00:00.000000,2981841.3984944583,1981841.3984944583,198.18413984944584,2,16366.445295736019
2024-12-06T00:00:00.000000,2973853.0074931676,1973853.0074931676,197.38530074931677,2,16366.445295736019
2024-12-07T00:00:00.000000,3090112.3193126917,2090112.3193126917,209.01123193126918,2,16366.445295736019
2024-12-08T00:00:00.000000,3040492.3930181023,2040492.3930181023,204.04923930181025,2,16366.445295736019
2024-12-09T00:00:00.000000,3064870.772062856,2064870.7720628558,206.4870772062856,2,16366.445295736019
2024-12-10T00:00:00.000000,2874222.1313130907,1874222.1313130907,187.42221313130906,2,16366.445295736019
2024-12-11T00:00:00.000000,2816002.7248180853,1816002.7248180853,181.60027248180853,2,16366.445295736019
2024-12-12T00:00:00.000000,2938993.1891913824,1938993.1891913824,193.89931891913824,2,16366.445295736019
2024-12-13T00:00:00.000000,2904243.2230932326,1904243.2230932326,190.42432230932326,2,16366.445295736019
2024-12-14T00:00:00.000000,2913803.8119230308,1913803.8119230308,191.38038119230308,2,16366.445295736019
2024-12-15T00:00:00.000000,2860532.7093264903,1860532.7093264903,186.05327093264904,2,16366.445295736019
2024-12-16T00:00:00.000000,2864470.513604727,1864470.513604727,186.4470513604727,1,16677.43215249699
2024-12-17T00:00:00.000000,2858866.001796479,1858866.0017964789,185.8866001796479,1,16677.43215249699
2024-12-18T00:00:00.000000,2828446.544623409,1828446.544623409,182.84465446234088,1,16677.43215249699
2024-12-19T00:00:00.000000,2821960.820266694,1821960.8202666938,182.1960820266694,1,16677.43215249699
2024-12-20T00:00:00.000000,2808918.874549387,1808918.874549387,180.89188745493868,1,16677.43215249699
2024-12-21T00:00:00.000000,2824851.1974256644,1824851.1974256644,182.48511974256644,1,16677.43215249699
2024-12-22T00:00:00.000000,2806310.4854059257,1806310.4854059257,180.6310485405926,1,16677.43215249699
2024-12-23T00:00:00.000000,2812637.203770395,1812637.203770395,181.26372037703948,2,16977.43215249699
2024-12-24T00:00:00.000000,2899856.793963367,1899856.7939633671,189.9856793963367,2,16977.43215249699
2024-12-25T00:00:00.000000,2945158.5171529087,1945158.5171529087,194.51585171529086,2,16977.43215249699
2024-12-26T00:00:00.000000,2870407.01761489,1870407.01761489,187.040701761489,2,16977.43215249699
2024-12-27T00:00:00.000000,2862506.760686241,1862506.760686241,186.2506760686241,2,16977.43215249699
2024-12-28T00:00:00.000000,2862983.198753501,1862983.1987535008,186.29831987535007,2,16977.43215249699
2024-12-29T00:00:00.000000,2851682.0446788585,1851682.0446788585,185.16820446788586,2,16977.43215249699
2024-12-30T00:00:00.000000,2861677.969364313,1861677.969364313,186.16779693643127,1,17292.513844998037
2024-12-31T00:00:00.000000,2846133.3800093606,1846133.3800093606,184.61333800093607,1,17292.513844998037
2025-01-01T00:00:00.000000,2852971.589385462,1852971.589385462,185.2971589385462,1,17292.513844998037
2025-01-02T00:00:00.000000,2862418.1879050247,1862418.1879050247,186.24181879050246,1,17292.513844998037
2025-01-03T00:00:00.000000,2879337.4688355853,1879337.4688355853,187.93374688355854,1,17292.513844998037
2025-01-04T00:00:00.000000,2877575.043738652,1877575.043738652,187.7575043738652,1,17292.513844998037
2025-01-05T00:00:00.000000,2878280.0137774255,1878280.0137774255,187.82800137774257,1,17292.513844998037
2025-01-06T00:00:00.000000,2895093.5492021698,1895093.5492021698,189.50935492021696,1,17292.513844998037
2025-01-07T00:00:00.000000,2896573.986283594,1896573.9862835938,189.65739862835937,1,17292.513844998037
2025-01-08T00:00:00.000000,2866648.0081376648,1866648.0081376648,186.66480081376648,1,17292.513844998037
2025-01-09T00:00:00.000000,2894177.088151764,1894177.0881517641,189.4177088151764,1,17292.513844998037
2025-01-10T00:00:00.000000,2899076.6299212393,1899076.6299212393,189.90766299212393,1,17292.513844998037
2025-01-11T00:00:00.000000,2906443.566826421,1906443.5668264208,190.64435668264207,1,17292.513844998037
2025-01-12T00:00:00.000000,2887726.6122969883,1887726.6122969883,188.77266122969883,1,17292.513844998037
2025-01-13T00:00:00.000000,2857589.1431394275,1857589.1431394275,185.75891431394277,1,17292.513844998037
2025-01-14T00:00:00.000000,2864533.0980213447,1864533.0980213447,186.45330980213447,1,17292.513844998037
2025-01-15T00:00:00.000000,2890264.504436572,1890264.504436572,189.0264504436572,1,17292.513844998037
2025-01-16T00:00:00.000000,2878315.262279364,1878315.2622793638,187.83152622793637,1,17292.513844998037
2025-01-17T00:00:00.000000,2881558.1244577216,1881558.1244577216,188.15581244577214,1,17292.513844998037
2025-01-18T00:00:00.000000,2862418.1879050247,1862418.1879050247,186.24181879050246,1,17292.513844998037
2025-01-19T00:00:00.000000,2849869.7212148593,1849869.7212148593,184.98697212148593,1,17292.513844998037
2025-01-20T00:00:00.000000,2861713.2178662517,1861713.2178662517,186.17132178662516,1,17292.513844998037
2025-01-21T00:00:00.000000,2852901.0923815845,1852901.0923815845,185.29010923815846,1,17292.513844998037
2025-01-22T00:00:00.000000,2853923.298937806,1853923.298937806,185.39232989378058,1,17292.513844998037
2025-01-23T00:00:00.000000,2843947.972889163,1843947.972889163,184.3947972889163,1,17292.513844998037
2025-01-24T00:00:00.000000,2846415.36802487,1846415.3680248698,184.641536802487,1,17292.513844998037
2025-01-25T00:00:00.000000,2842397.0388038615,1842397.0388038615,184.23970388038614,1,17292.513844998037
2025-01-26T00:00:00.000000,2850257.4547361843,1850257.4547361843,185.02574547361843,1,17292.513844998037
2025-01-27T00:00:00.000000,2840246.880185603,1840246.8801856032,184.0246880185603,1,17292.513844998037
2025-01-28T00:00:00.000000,2838836.940108056,1838836.9401080562,183.8836940108056,1,17292.513844998037
2025-01-29T00:00:00.000000,2825125.2728539146,1825125.2728539146,182.51252728539146,1,17292.513844998037
2025-01-30T00:00:00.000000,2834113.640848275,1834113.6408482748,183.41136408482748,1,17292.513844998037
2025-01-31T00:00:00.000000,2837532.7455363255,1837532.7455363255,183.75327455363254,1,17292.513844998037
2025-02-01T00:00:00.000000,2834466.1258676616,1834466.1258676616,183.44661258676615,1,17292.513844998037
2025-02-02T00:00:00.000000,2821917.6591774956,1821917.6591774956,182.19176591774956,1,17292.513844998037
2025-02-03T00:00:00.000000,2782721.325021697,1782721.3250216972,178.2721325021697,1,17292.513844998037
2025-02-04T00:00:00.000000,2805879.590795402,1805879.590795402,180.58795907954018,1,17292.513844998037
2025-02-05T00:00:00.000000,2794282.8336575804,1794282.8336575804,179.42828336575803,1,17292.513844998037
2025-02-06T00:00:00.000000,2787691.3637950495,1787691.3637950495,178.76913637950494,1,17292.513844998037
2025-02-07T00:00:00.000000,2788678.321849332,1788678.3218493322,178.86783218493323,1,17292.513844998037
2025-02-08T00:00:00.000000,2789841.5224133083,1789841.5224133083,178.98415224133083,1,17292.513844998037
2025-02-09T00:00:00.000000,2803306.4501538794,1803306.4501538794,180.33064501538794,1,17292.513844998037
2025-02-10T00:00:00.000000,2799164.3634425644,1799164.3634425644,179.91643634425645,2,17592.513844998037
2025-02-11T00:00:00.000000,2831813.624703923,1831813.6247039228,183.1813624703923,2,17592.513844998037
2025-02-12T00:00:00.000000,2780647.68166989,1780647.68166989,178.06476816698898,2,17592.513844998037
2025-02-13T00:00:00.000000,2789640.209939582,1789640.2099395818,178.96402099395817,2,17592.513844998037
2025-02-14T00:00:00.000000,2832495.371713233,1832495.3717132332,183.24953717132334,2,17592.513844998037
2025-02-15T00:00:00.000000,2802148.046677131,1802148.0466771312,180.2148046677131,2,17592.513844998037
2025-02-16T00:00:00.000000,2795148.1040102784,1795148.1040102784,179.51481040102783,2,17592.513844998037
2025-02-17T00:00:00.000000,2791906.8564534057,1791906.8564534057,179.19068564534058,1,17888.638331198857
2025-02-18T00:00:00.000000,2778230.4377012025,1778230.4377012025,177.82304377012025,1,17888.638331198857
2025-02-19T00:00:00.000000,2789615.7038273923,1789615.7038273923,178.96157038273924,1,17888.638331198857
2025-02-20T00:00:00.000000,2790673.1588855525,1790673.1588855525,179.06731588855524,1,17888.638331198857
2025-02-21T00:00:00.000000,2793246.299527075,1793246.2995270751,179.3246299527075,1,17888.638331198857
2025-02-22T00:00:00.000000,2787712.2847227044,1787712.2847227044,178.77122847227045,1,17888.638331198857
2025-02-23T00:00:00.000000,2792435.583982486,1792435.5839824858,179.24355839824858,1,17888.638331198857
2025-02-24T00:00:00.000000,2783799.701007512,1783799.701007512,178.3799701007512,1,17888.638331198857
2025-02-25T00:00:00.000000,2774071.11447244,1774071.11447244,177.407111447244,1,17888.638331198857
2025-02-26T00:00:00.000000,2772802.1684026476,1772802.1684026476,177.28021684026476,1,17888.638331198857
2025-02-27T00:00:00.000000,2774282.6054840717,1774282.6054840717,177.42826054840717,1,17888.638331198857
2025-02-28T00:00:00.000000,2764272.03093349,1764272.03093349,176.427203093349,1,17888.638331198857
2025-03-01T00:00:00.000000,2769312.56671072,1769312.5667107198,176.931256671072,1,17888.638331198857
2025-03-02T00:00:00.000000,2773084.1564181573,1773084.1564181573,177.3084156418157,1,17888.638331198857
2025-03-03T00:00:00.000000,2781438.0513776215,1781438.0513776215,178.14380513776214,1,17888.638331198857
2025-03-04T00:00:00.000000,2756834.5970244315,1756834.5970244315,175.68345970244314,1,17888.638331198857
2025-03-05T00:00:00.000000,2766492.6865556263,1766492.6865556263,176.64926865556262,1,17888.638331198857
2025-03-06T00:00:00.000000,2770229.027761125,1770229.027761125,177.0229027761125,1,17888.638331198857
2025-03-07T00:00:00.000000,2764236.7824315517,1764236.7824315517,176.42367824315517,1,17888.638331198857
2025-03-08T00:00:00.000000,2762403.860330741,1762403.860330741,176.2403860330741,1,17888.638331198857
2025-03-09T00:00:00.000000,2750771.8546909806,1750771.8546909806,175.07718546909808,1,17888.638331198857
2025-03-10T00:00:00.000000,2791060.8924068776,1791060.8924068776,179.10608924068777,1,17888.638331198857
2025-03-11T00:00:00.000000,2791730.6139437123,1791730.6139437123,179.17306139437125,1,17888.638331198857
2025-03-12T00:00:00.000000,2780944.57235048,1780944.5723504801,178.09445723504803,1,17888.638331198857
2025-03-13T00:00:00.000000,2771850.4588503037,1771850.4588503037,177.18504588503038,1,17888.638331198857
2025-03-14T00:00:00.000000,2781720.0393931307,1781720.0393931307,178.17200393931307,1,17888.638331198857
2025-03-15T00:00:00.000000,2784575.168050163,1784575.168050163,178.4575168050163,1,17888.638331198857
2025-03-16T00:00:00.000000,2772414.4348813226,1772414.4348813226,177.24144348813223,1,17888.638331198857
2025-03-17T00:00:00.000000,2771074.991807653,1771074.991807653,177.1074991807653,1,17888.638331198857
2025-03-18T00:00:00.000000,2763990.042917981,1763990.0429179808,176.3990042917981,1,17888.638331198857
2025-03-19T00:00:00.000000,2762862.0908559435,1762862.0908559435,176.28620908559435,1,17888.638331198857
2025-03-20T00:00:00.000000,2763813.8004082874,1763813.8004082874,176.38138004082876,1,17888.638331198857
2025-03-21T00:00:00.000000,2757856.803580653,1757856.803580653,175.7856803580653,1,17888.638331198857
2025-03-22T00:00:00.000000,2760888.174747378,1760888.174747378,176.08881747473782,1,17888.638331198857
2025-03-23T00:00:00.000000,2757786.3065767754,1757786.3065767754,175.77863065767752,1,17888.638331198857
2025-03-24T00:00:00.000000,2761311.1567706424,1761311.1567706424,176.13111567706423,1,17888.638331198857
2025-03-25T00:00:00.000000,2762756.3453501277,1762756.3453501277,176.27563453501276,1,17888.638331198857
2025-03-26T00:00:00.000000,2766034.4560304238,1766034.4560304238,176.6034456030424,1,17888.638331198857
2025-03-27T00:00:00.000000,2762121.8723152317,1762121.8723152317,176.21218723152316,1,17888.638331198857
2025-03-28T00:00:00.000000,2752111.29776465,1752111.29776465,175.21112977646501,1,17888.638331198857
2025-03-29T00:00:00.000000,2754719.6869081114,1754719.6869081114,175.47196869081114,1,17888.638331198857
2025-03-30T00:00:00.000000,2747987.223037826,1747987.223037826,174.7987223037826,1,17888.638331198857
2025-03-31T00:00:00.000000,2746154.300937015,1746154.300937015,174.61543009370152,1,17888.638331198857
2025-04-01T00:00:00.000000,2748692.1930765994,1748692.1930765994,174.86921930765993,1,17888.638331198857
2025-04-02T00:00:00.000000,2743263.9237780445,1743263.9237780445,174.32639237780444,1,17888.638331198857
2025-04-03T00:00:00.000000,2734910.0288185803,1734910.0288185803,173.49100288185804,1,17888.638331198857
2025-04-04T00:00:00.000000,2735967.48387674,1735967.48387674,173.596748387674,1,17888.638331198857
2025-04-05T00:00:00.000000,2736390.4659000044,1736390.4659000044,173.63904659000045,1,17888.638331198857
2025-04-06T00:00:00.000000,2736672.4539155136,1736672.4539155136,173.66724539155138,1,17888.638331198857
2025-04-07T00:00:00.000000,2712209.993570078,1712209.9935700782,171.2209993570078,1,17888.638331198857
2025-04-08T00:00:00.000000,2721409.8525760705,1721409.8525760705,172.14098525760704,1,17888.638331198857
2025-04-09T00:00:00.000000,2733077.1067177695,1733077.1067177695,173.30771067177696,1,17888.638331198857
2025-04-10T00:00:00.000000,2731314.6816208363,1731314.6816208363,173.13146816208362,1,17888.638331198857
2025-04-11T00:00:00.000000,2735685.495861231,1735685.495861231,173.56854958612308,1,17888.638331198857
2025-04-12T00:00:00.000000,2735474.0048495987,1735474.0048495987,173.54740048495987,1,17888.638331198857
2025-04-13T00:00:00.000000,2735438.75634766,1735438.75634766,173.54387563476598,1,17888.638331198857
2025-04-14T00:00:00.000000,2734028.8162701135,1734028.8162701135,173.40288162701134,1,17888.638331198857
2025-04-15T00:00:00.000000,2733641.082748788,1733641.082748788,173.36410827487882,1,17888.638331198857
2025-04-16T00:00:00.000000,2734064.064772052,1734064.0647720522,173.40640647720522,1,17888.638331198857
2025-04-17T00:00:00.000000,2744215.6333303885,1744215.6333303885,174.42156333303885,1,17888.638331198857
2025-04-18T00:00:00.000000,2744920.6033691615,1744920.6033691615,174.49206033691615,1,17888.638331198857
2025-04-19T00:00:00.000000,2743193.426774167,1743193.426774167,174.3193426774167,1,17888.638331198857
2025-04-20T00:00:00.000000,2742664.699245087,1742664.6992450869,174.2664699245087,1,17888.638331198857
2025-04-21T00:00:00.000000,2745748.5554311993,1745748.5554311993,174.57485554311992,2,18188.638331198857
2025-04-22T00:00:00.000000,2700489.6947090738,1700489.6947090738,170.04896947090737,2,18188.638331198857
2025-04-23T00:00:00.000000,2726797.3170357924,1726797.3170357924,172.67973170357925,2,18188.638331198857
2025-04-24T00:00:00.000000,2727351.5835462436,1727351.5835462436,172.73515835462436,2,18188.638331198857
2025-04-25T00:00:00.000000,2820724.4336475264,1820724.4336475264,182.07244336475264,2,18188.638331198857
2025-04-26T00:00:00.000000,2803783.203315926,1803783.2033159258,180.3783203315926,2,18188.638331198857
2025-04-27T00:00:00.000000,2760841.034201185,1760841.0342011852,176.08410342011854,2,18188.638331198857
2025-04-28T00:00:00.000000,2733885.325895583,1733885.3258955828,173.38853258955828,2,18188.638331198857
2025-04-29T00:00:00.000000,2731805.6642812015,1731805.6642812015,173.18056642812016,2,18188.638331198857
2025-04-30T00:00:00.000000,2738425.733095222,1738425.7330952222,173.8425733095222,2,18188.638331198857
2025-05-01T00:00:00.000000,2751013.351710746,1751013.351710746,175.1013351710746,2,18188.638331198857
2025-05-02T00:00:00.000000,2762447.4792828616,1762447.4792828616,176.24474792828616,2,18188.638331198857
2025-05-03T00:00:00.000000,2730700.191230417,1730700.1912304172,173.07001912304173,2,18188.638331198857
2025-05-04T00:00:00.000000,2688859.062132828,1688859.062132828,168.8859062132828,2,18188.638331198857
2025-05-05T00:00:00.000000,2691906.262760357,1691906.262760357,169.1906262760357,2,18188.638331198857
2025-05-06T00:00:00.000000,2663974.1493743416,1663974.1493743416,166.39741493743415,2,18188.638331198857
2025-05-07T00:00:00.000000,2653280.2403429374,1653280.2403429374,165.32802403429375,2,18188.638331198857
2025-05-08T00:00:00.000000,2754561.524369168,1754561.524369168,175.45615243691682,2,18188.638331198857
2025-05-09T00:00:00.000000,2775792.518963417,1775792.518963417,177.5792518963417,2,18188.638331198857
2025-05-10T00:00:00.000000,2803467.3398619927,1803467.3398619927,180.34673398619927,2,18188.638331198857
2025-05-11T00:00:00.000000,2816361.6420210954,1816361.6420210954,181.63616420210954,2,18188.638331198857
2025-05-12T00:00:00.000000,2789240.2441796693,1789240.2441796693,178.92402441796693,2,18188.638331198857
2025-05-13T00:00:00.000000,2816058.018447635,1816058.0184476352,181.6058018447635,2,18188.638331198857
2025-05-14T00:00:00.000000,2788545.827114765,1788545.827114765,178.85458271147652,2,18188.638331198857
2025-05-15T00:00:00.000000,2708707.8721477175,1708707.8721477175,170.87078721477175,2,18188.638331198857
2025-05-16T00:00:00.000000,2731123.1732536815,1731123.1732536815,173.11231732536817,2,18188.638331198857
2025-05-17T00:00:00.000000,2701771.410269551,1701771.410269551,170.1771410269551,2,18188.638331198857
2025-05-18T00:00:00.000000,2721834.7712661913,1721834.7712661913,172.18347712661912,2,18188.638331198857
2025-05-19T00:00:00.000000,2692248.1948058745,1692248.1948058745,169.22481948058746,2,18188.638331198857
2025-05-20T00:00:00.000000,2685472.1459765974,1685472.1459765974,168.54721459765975,2,18188.638331198857
2025-05-21T00:00:00.000000,2710540.7942485283,1710540.7942485283,171.05407942485283,2,18188.638331198857
2025-05-22T00:00:00.000000,2738261.4166229125,1738261.4166229125,173.82614166229123,2,18188.638331198857
2025-05-23T00:00:00.000000,2770477.488174429,1770477.4881744292,177.0477488174429,2,18188.638331198857
2025-05-24T00:00:00.000000,2710573.8262336506,1710573.8262336506,171.05738262336504,2,18188.638331198857
2025-05-25T00:00:00.000000,2701391.1697519766,1701391.1697519766,170.13911697519765,2,18188.638331198857
2025-05-26T00:00:00.000000,2704550.7654357716,1704550.7654357716,170.45507654357715,2,18188.638331198857
2025-05-27T00:00:00.000000,2721343.5087558664,1721343.5087558664,172.13435087558665,2,18188.638331198857
2025-05-28T00:00:00.000000,2706114.4690117585,1706114.4690117585,170.61144690117584,2,18188.638331198857
2025-05-29T00:00:00.000000,2687504.633051656,1687504.6330516562,168.75046330516562,2,18188.638331198857
2025-05-30T00:00:00.000000,2661801.51174483,1661801.5117448298,166.180151174483,2,18188.638331198857
2025-05-31T00:00:00.000000,2567252.6915888847,1567252.6915888847,156.72526915888847,2,18188.638331198857
2025-06-01T00:00:00.000000,2554166.3174592843,1554166.3174592843,155.41663174592844,2,18188.638331198857
2025-06-02T00:00:00.000000,2558900.1696929354,1558900.1696929354,155.89001696929355,2,18188.638331198857
2025-06-03T00:00:00.000000,2579290.476727591,1579290.476727591,157.92904767275908,2,18188.638331198857
2025-06-04T00:00:00.000000,2626047.8205087604,1626047.8205087604,162.60478205087605,2,18188.638331198857
2025-06-05T00:00:00.000000,2517878.622207201,1517878.622207201,151.78786222072011,2,18188.638331198857
2025-06-06T00:00:00.000000,2542308.364410603,1542308.364410603,154.2308364410603,2,18188.638331198857
2025-06-07T00:00:00.000000,2555699.2055669655,1555699.2055669655,155.56992055669656,2,18188.638331198857
2025-06-08T00:00:00.000000,2559870.454833112,1559870.4548331122,155.98704548331122,2,18188.638331198857
2025-06-09T00:00:00.000000,2563828.874017242,1563828.8740172419,156.3828874017242,3,18488.638331198857
2025-06-10T00:00:00.000000,2734983.0521464245,1734983.0521464245,173.49830521464244,3,18488.638331198857
2025-06-11T00:00:00.000000,2751447.83120533,1751447.8312053299,175.144783120533,3,18488.638331198857
2025-06-12T00:00:00.000000,2592757.272946019,1592757.2729460192,159.27572729460192,3,18488.638331198857
2025-06-13T00:00:00.000000,2386362.6661023255,1386362.6661023255,138.63626661023255,3,18488.638331198857
2025-06-14T00:00:00.000000,2434753.7991132955,1434753.7991132955,143.47537991132955,3,18488.638331198857
2025-06-15T00:00:00.000000,2579531.452701946,1579531.4527019458,157.95314527019457,3,18488.638331198857
2025-06-16T00:00:00.000000,2565282.4376579234,1565282.4376579234,156.52824376579235,2,18770.500926618704
2025-06-17T00:00:00.000000,2506965.801757687,1506965.8017576868,150.69658017576867,2,18770.500926618704
2025-06-18T00:00:00.000000,2500630.7809292944,1500630.7809292944,150.06307809292946,2,18770.500926618704
2025-06-19T00:00:00.000000,2497966.8807894574,1497966.8807894574,149.79668807894572,2,18770.500926618704
2025-06-20T00:00:00.000000,2608885.4622422336,1608885.4622422336,160.88854622422335,2,18770.500926618704
2025-06-21T00:00:00.000000,2613592.402430998,1613592.4024309982,161.35924024309983,2,18770.500926618704
2025-06-22T00:00:00.000000,2617206.639059664,1617206.6390596642,161.72066390596643,2,18770.500926618704
2025-06-23T00:00:00.000000,2591180.161295153,1591180.1612951532,159.11801612951533,2,18770.500926618704
2025-06-24T00:00:00.000000,2650569.2382610515,1650569.2382610515,165.05692382610516,2,18770.500926618704
2025-06-25T00:00:00.000000,2683811.9494024217,1683811.9494024217,168.38119494024218,2,18770.500926618704
2025-06-26T00:00:00.000000,2655972.812031537,1655972.8120315368,165.5972812031537,2,18770.500926618704
2025-06-27T00:00:00.000000,2632069.580840398,1632069.580840398,163.2069580840398,2,18770.500926618704
2025-06-28T00:00:00.000000,2641600.289307826,1641600.2893078262,164.1600289307826,2,18770.500926618704
2025-06-29T00:00:00.000000,2641040.74631044,1641040.74631044,164.104074631044,2,18770.500926618704
2025-06-30T00:00:00.000000,2610728.937316913,1610728.9373169132,161.07289373169132,2,18770.500926618704
2025-07-01T00:00:00.000000,2561561.9259132287,1561561.9259132287,156.15619259132288,2,18770.500926618704
2025-07-02T00:00:00.000000,2573507.5784901055,1573507.5784901055,157.35075784901053,2,18770.500926618704
2025-07-03T00:00:00.000000,2561473.3829317307,1561473.3829317307,156.14733829317308,2,18770.500926618704
2025-07-04T00:00:00.000000,2518692.470319181,1518692.4703191812,151.86924703191812,2,18770.500926618704
2025-07-05T00:00:00.000000,2528412.190786988,1528412.190786988,152.8412190786988,2,18770.500926618704
2025-07-06T00:00:00.000000,2528961.1808105046,1528961.1808105046,152.89611808105045,2,18770.500926618704
2025-07-07T00:00:00.000000,2535759.7086510346,1535759.7086510346,153.57597086510347,2,18770.500926618704
2025-07-08T00:00:00.000000,2526432.998191488,1526432.998191488,152.64329981914878,2,18770.500926618704
2025-07-09T00:00:00.000000,2532002.2614977974,1532002.2614977974,153.20022614977975,2,18770.500926618704
2025-07-10T00:00:00.000000,2570099.556386137,1570099.556386137,157.0099556386137,2,18770.500926618704
2025-07-11T00:00:00.000000,2613849.3810753487,1613849.3810753487,161.38493810753488,2,18770.500926618704
2025-07-12T00:00:00.000000,2604917.8971408787,1604917.8971408787,160.49178971408787,2,18770.500926618704
2025-07-13T00:00:00.000000,2644838.4046094613,1644838.4046094613,164.48384046094614,2,18770.500926618704
2025-07-14T00:00:00.000000,2667286.737700547,1667286.737700547,166.7286737700547,2,18770.500926618704
2025-07-15T00:00:00.000000,2611192.9739392633,1611192.9739392633,161.11929739392633,2,18770.500926618704
2025-07-16T00:00:00.000000,2641215.3019135296,1641215.3019135296,164.12153019135297,2,18770.500926618704
2025-07-17T00:00:00.000000,2651816.234929803,1651816.2349298028,165.1816234929803,2,18770.500926618704
2025-07-18T00:00:00.000000,2692139.4619272132,1692139.4619272132,169.21394619272132,2,18770.500926618704
2025-07-19T00:00:00.000000,2695121.4420378,1695121.4420377999,169.51214420377997,2,18770.500926618704
2025-07-20T00:00:00.000000,2726920.8672734126,1726920.8672734126,172.69208672734126,2,18770.500926618704
2025-07-21T00:00:00.000000,2803587.300519282,1803587.300519282,180.3587300519282,2,18770.500926618704
2025-07-22T00:00:00.000000,2777227.2271663058,1777227.2271663058,177.72272271663056,2,18770.500926618704
2025-07-23T00:00:00.000000,2781533.6643430595,1781533.6643430595,178.15336643430595,2,18770.500926618704
2025-07-24T00:00:00.000000,2663308.0900151106,1663308.0900151106,166.33080900151106,2,18770.500926618704
2025-07-25T00:00:00.000000,2631563.0184794823,1631563.0184794823,163.1563018479482,2,18770.500926618704
2025-07-26T00:00:00.000000,2659439.6208691224,1659439.6208691224,165.94396208691225,2,18770.500926618704
2025-07-27T00:00:00.000000,2690319.8389273006,1690319.8389273006,169.03198389273007,2,18770.500926618704
2025-07-28T00:00:00.000000,2668426.615799968,1668426.6157999681,166.84266157999681,2,18770.500926618704
2025-07-29T00:00:00.000000,2651906.1509748152,1651906.1509748152,165.19061509748153,2,18770.500926618704
2025-07-30T00:00:00.000000,2662210.1099680774,1662210.1099680774,166.22101099680776,2,18770.500926618704
2025-07-31T00:00:00.000000,2674851.0230631605,1674851.0230631605,167.48510230631607,2,18770.500926618704
2025-08-01T00:00:00.000000,2607662.8472584616,1607662.8472584616,160.76628472584616,2,18770.500926618704
2025-08-02T00:00:00.000000,2578046.298783141,1578046.2987831412,157.80462987831413,2,18770.500926618704
2025-08-03T00:00:00.000000,2593318.080032939,1593318.080032939,159.33180800329393,2,18770.500926618704
2025-08-04T00:00:00.000000,2615390.605640083,1615390.605640083,161.5390605640083,2,18770.500926618704
2025-08-05T00:00:00.000000,2604545.993080357,1604545.993080357,160.4545993080357,2,18770.500926618704
2025-08-06T00:00:00.000000,2576361.863693836,1576361.8636938361,157.6361863693836,2,18770.500926618704
2025-08-07T00:00:00.000000,2614622.631601183,1614622.6316011832,161.4622631601183,2,18770.500926618704
2025-08-08T00:00:00.000000,2635010.722119022,1635010.7221190222,163.50107221190223,2,18770.500926618704
2025-08-09T00:00:00.000000,2679433.3283151872,1679433.3283151872,167.94333283151872,2,18770.500926618704
2025-08-10T00:00:00.000000,2663363.601011486,1663363.6010114858,166.33636010114859,2,18770.500926618704
2025-08-11T00:00:00.000000,2666440.7736540195,1666440.7736540195,166.64407736540196,2,18770.500926618704
2025-08-12T00:00:00.000000,2663590.921483922,1663590.9214839218,166.35909214839216,2,18770.500926618704
2025-08-13T00:00:00.000000,2685909.3431513347,1685909.3431513347,168.59093431513347,2,18770.500926618704
2025-08-14T00:00:00.000000,2625154.4406770943,1625154.4406770943,162.51544406770944,2,18770.500926618704
2025-08-15T00:00:00.000000,2567287.1692347946,1567287.1692347946,156.72871692347945,2,18770.500926618704
2025-08-16T00:00:00.000000,2623579.6545170248,1623579.6545170248,162.35796545170246,2,18770.500926618704
2025-08-17T00:00:00.000000,2627124.767205328,1627124.7672053282,162.7124767205328,2,18770.500926618704
2025-08-18T00:00:00.000000,2565634.95667044,1565634.9566704398,156.56349566704398,3,19070.500926618704
2025-08-19T00:00:00.000000,2558638.690733837,1558638.690733837,155.8638690733837,3,19070.500926618704
2025-08-20T00:00:00.000000,2504596.4842626965,1504596.4842626965,150.45964842626964,3,19070.500926618704
2025-08-21T00:00:00.000000,2524426.886831824,1524426.8868318242,152.44268868318244,3,19070.500926618704
2025-08-22T00:00:00.000000,2535816.88449115,1535816.8844911498,153.58168844911498,3,19070.500926618704
2025-08-23T00:00:00.000000,2660368.8134337557,1660368.8134337557,166.03688134337557,3,19070.500926618704
2025-08-24T00:00:00.000000,2603091.628592576,1603091.628592576,160.30916285925758,3,19070.500926618704
2025-08-25T00:00:00.000000,2521358.4738896256,1521358.4738896256,152.13584738896256,2,19352.880285547904
2025-08-26T00:00:00.000000,2518975.1887017842,1518975.1887017842,151.89751887017843,2,19352.880285547904
2025-08-27T00:00:00.000000,2522619.397345454,1522619.397345454,152.2619397345454,2,19352.880285547904
2025-08-28T00:00:00.000000,2528219.4761200696,1528219.4761200696,152.82194761200697,2,19352.880285547904
2025-08-29T00:00:00.000000,2500624.861745938,1500624.8617459382,150.0624861745938,2,19352.880285547904
2025-08-30T00:00:00.000000,2509593.8106991635,1509593.8106991635,150.95938106991636,2,19352.880285547904
2025-08-31T00:00:00.000000,2511726.766793104,1511726.766793104,151.17267667931037,2,19352.880285547904
2025-09-01T00:00:00.000000,2483857.6574072144,1483857.6574072144,148.38576574072144,2,19352.880285547904
2025-09-02T00:00:00.000000,2496309.558501919,1496309.5585019188,149.6309558501919,2,19352.880285547904
2025-09-03T00:00:00.000000,2497178.0015597,1497178.0015597,149.71780015597,2,19352.880285547904
2025-09-04T00:00:00.000000,2483406.919885763,1483406.919885763,148.34069198857628,2,19352.880285547904
2025-09-05T00:00:00.000000,2487753.038598088,1487753.038598088,148.77530385980882,2,19352.880285547904
2025-09-06T00:00:00.000000,2494614.5704387445,1494614.5704387445,149.46145704387445,2,19352.880285547904
2025-09-07T00:00:00.000000,2490275.94473017,1490275.94473017,149.02759447301702,2,19352.880285547904
2025-09-08T00:00:00.000000,2505237.982466271,1505237.9824662711,150.5237982466271,2,19352.880285547904
2025-09-09T00:00:00.000000,2520738.457252019,1520738.457252019,152.07384572520192,2,19352.880285547904
2025-09-10T00:00:00.000000,2531790.127789744,1531790.1277897442,153.17901277897442,2,19352.880285547904
2025-09-11T00:00:00.000000,2517631.3125944817,1517631.3125944817,151.7631312594482,2,19352.880285547904
2025-09-12T00:00:00.000000,2532177.8613110697,1532177.8613110697,153.21778613110698,2,19352.880285547904
2025-09-13T00:00:00.000000,2544155.702419767,1544155.7024197672,154.41557024197672,2,19352.880285547904
2025-09-14T00:00:00.000000,2557494.0925498726,1557494.0925498726,155.74940925498726,2,19352.880285547904
2025-09-15T00:00:00.000000,2541343.315268425,1541343.3152684248,154.1343315268425,2,19352.880285547904
2025-09-16T00:00:00.000000,2547898.1635655025,1547898.1635655025,154.78981635655026,2,19352.880285547904
2025-09-17T00:00:00.000000,2535753.7894676784,1535753.7894676784,153.57537894676784,2,19352.880285547904
2025-09-18T00:00:00.000000,2581367.351726007,1581367.3517260072,158.1367351726007,2,19352.880285547904
2025-09-19T00:00:00.000000,2558637.030619412,1558637.0306194122,155.8637030619412,2,19352.880285547904
2025-09-20T00:00:00.000000,2537551.463066551,1537551.463066551,153.7551463066551,2,19352.880285547904
2025-09-21T00:00:00.000000,2532147.889296065,1532147.889296065,153.21478892960653,2,19352.880285547904
2025-09-22T00:00:00.000000,2489334.7881516954,1489334.7881516954,148.93347881516954,2,19352.880285547904
2025-09-23T00:00:00.000000,2455930.820508133,1455930.8205081332,145.5930820508133,2,19352.880285547904
2025-09-24T00:00:00.000000,2465124.0299636764,1465124.0299636764,146.51240299636763,2,19352.880285547904
2025-09-25T00:00:00.000000,2453710.164885997,1453710.1648859968,145.37101648859968,2,19352.880285547904
2025-09-26T00:00:00.000000,2452957.1768545993,1452957.1768545993,145.29571768545992,2,19352.880285547904
2025-09-27T00:00:00.000000,2441847.778803683,1441847.778803683,144.1847778803683,2,19352.880285547904
2025-09-28T00:00:00.000000,2413459.6514092805,1413459.6514092805,141.34596514092806,2,19352.880285547904
2025-09-29T00:00:00.000000,2433968.5074335677,1433968.5074335677,143.39685074335677,3,19652.880285547904
2025-09-30T00:00:00.000000,489948.071540824,-510051.928459176,-51.005192845917605,3,19652.880285547904
